0 ,  ,  ,  ,  0 , 27.4653072167 , 0.333333333333 , 25
0 , 0.1 , 0 , 0 ,10 ,22.597353467 , 0.38624 , 25
0 , 0.1 , 0 ,20 , 17.6679075356 , 0.4096 , 25
0 , 0.1 , 0 ,30 , 14.1079416092 , 0.42476 , 25
0 , 0.1 , 0 ,40 , 11.1856843781 , 0.42788 , 25
0 , 0.25 , 0 ,10 , 16.1849011926 , 0.4134 , 25
0 , 0.25 , 0 ,20 , 9.259508958 , 0.43768 , 25
0 , 0.25 , 0 ,30 , 6.58395488342 , 0.44872 , 25
0 , 0.25 , 0 ,40 , 5.64519859716 , 0.45484 , 25
0 , 0.5 , 0 ,10 , 9.8878070486 , 0.4278 , 25
0 , 0.5 , 0 ,20 , 6.25939326239 , 0.44492 , 25
0 , 0.5 , 0 ,30 , 5.53923846708 , 0.45168 , 25
0 , 0.5 , 0 ,40 , 5.11747807988 , 0.45428 , 25
0 , 0.75 , 0 ,10 , 8.08550960614 , 0.41868 , 25
0 , 0.75 , 0 ,20 , 6.28214238 , 0.42448 , 25
0 , 0.75 , 0 ,30 , 5.22840303772 , 0.42684 , 25
0 , 0.75 , 0 ,40 , 4.61510147193 , 0.42928 , 25
0 , 1 , 0 ,10 , 7.21043803555 , 0.39452 , 25
0 , 1 , 0 ,20 , 5.78100244579 , 0.3926 , 25
0 , 1 , 0 ,30 , 5.14545963472 , 0.39184 , 25
0 , 1 , 0 ,40 , 4.67228067263 , 0.38972 , 25
1 ,  ,  ,  ,  0 ,27.4653072167 , 0.333333333333 , 25
1 , 0.1 , 0 ,10 , 21.5894820282 , 0.48396 , 25
1 , 0.1 , 0 ,20 , 16.2955644301 , 0.53044 , 25
1 , 0.1 , 0 ,30 , 12.8615552172 , 0.55332 , 25
1 , 0.1 , 0 ,40 , 10.2182394843 , 0.57104 , 25
1 , 0.25 , 0 ,10 ,19.2924867449 , 0.52168 , 25
1 , 0.25 , 0 ,20 ,13.441403787 , 0.57016 , 25
1 , 0.25 , 0 , 30 ,10.0398047201 , 0.58412 , 25
1 , 0.25 , 0 , 40 ,7.82311503181 , 0.59404 , 25
1 , 0.5 , 0 ,10 ,19.6690601616 , 0.53092 , 25
1 , 0.5 , 0 ,20 ,15.2478867337 , 0.57924 , 25
1 , 0.5 , 0 , 30 ,12.378658613 , 0.60584 , 25
1 , 0.5 , 0 , 40 ,10.8960515957 , 0.62476 , 25
1 , 0.75 , 0 ,10 ,21.0866758765 , 0.53096 , 25
1 , 0.75 , 0 ,20 ,17.8281497193 , 0.56524 , 25
1 , 0.75 , 0 , 30 ,15.4644758496 , 0.59168 , 25
1 , 0.75 , 0 , 40 ,13.4551299919 , 0.60768 , 25
1 , 1 , 0 ,10 ,22.3669856147 , 0.50732 , 25
1 , 1 , 0 ,20 ,21.3450765557 , 0.52836 , 25
1 , 1 , 0 , 30 ,20.096761734 , 0.54704 , 25
1 , 1 , 0 , 40 ,19.104704341 , 0.5534 , 25
2 ,  ,  ,  ,  27.4653072167 , 0.333333333333 , 25
2 , 0.1 , 0 ,10 ,24.8563187884 , 0.28992 , 25
2 , 0.1 , 0 ,20 ,23.3865512154 , 0.2908 , 25
2 , 0.1 , 0 , 30 ,21.5994958881 , 0.2962 , 25
2 , 0.1 , 0 , 40 ,20.4012782958 , 0.30564 , 25
2 , 0.25 , 0 ,10 ,22.7246227959 , 0.2928 , 25
2 , 0.25 , 0 ,20 ,19.8797399184 , 0.31316 , 25
2 , 0.25 , 0 , 30 ,18.2472985396 , 0.32836 , 25
2 , 0.25 , 0 , 40 ,16.8416708791 , 0.35192 , 25
2 , 0.5 , 0 ,10 ,20.6290331999 , 0.31772 , 25
2 , 0.5 , 0 ,20 ,17.7419401708 , 0.35312 , 25
2 , 0.5 , 0 , 30 ,15.0873730369 , 0.37748 , 25
2 , 0.5 , 0 , 40 ,13.427207358 , 0.39124 , 25
2 , 0.75 , 0 ,10 ,19.6813095709 , 0.3336 , 25
2 , 0.75 , 0 ,20 ,15.8716889389 , 0.37816 , 25
2 , 0.75 , 0 , 30 ,13.1018799187 , 0.3996 , 25
2 , 0.75 , 0 , 40 ,11.6518486302 , 0.40396 , 25
2 , 1 , 0 ,10 ,18.707169286 , 0.34916 , 25
2 , 1 , 0 ,20 ,14.6777806935 , 0.39192 , 25
2 , 1 , 0 , 30 ,12.492604064 , 0.41112 , 25
2 , 1 , 0 , 40 ,11.5552740453 , 0.4084 , 25
3 ,  ,  ,  ,  24.1694703507 , 0.333333333333 , 22
3 , 0.1 , 0 ,10 ,23.2479433058 , 0.362772727273 , 22
3 , 0.1 , 0 ,20 ,22.747875391 , 0.352909090909 , 22
3 , 0.1 , 0 , 30 ,21.7498224056 , 0.338681818182 , 22
3 , 0.1 , 0 , 40 ,20.8007507517 , 0.332727272727 , 22
3 , 0.25 , 0 ,10 ,21.973441415 , 0.360227272727 , 22
3 , 0.25 , 0 ,20 ,19.7274344661 , 0.342863636364 , 22
3 , 0.25 , 0 , 30 ,18.0574297632 , 0.3355 , 22
3 , 0.25 , 0 , 40 ,16.8852134157 , 0.325409090909 , 22
3 , 0.5 , 0 ,10 ,19.0735538544 , 0.358681818182 , 22
3 , 0.5 , 0 ,20 ,15.9530644518 , 0.336272727273 , 22
3 , 0.5 , 0 , 30 ,13.9281739228 , 0.317772727273 , 22
3 , 0.5 , 0 , 40 ,12.6368045187 , 0.313590909091 , 22
3 , 0.75 , 0 ,10 ,16.571540621 , 0.356409090909 , 22
3 , 0.75 , 0 ,20 ,12.6383846095 , 0.325272727273 , 22
3 , 0.75 , 0 , 30 ,10.6636454755 , 0.312636363636 , 22
3 , 0.75 , 0 , 40 ,9.78630896066 , 0.308272727273 , 22
3 , 1 , 0 ,10 ,14.5455442869 , 0.3555 , 22
3 , 1 , 0 ,20 ,10.9973237343 , 0.331681818182 , 22
3 , 1 , 0 , 30 ,9.7408476472 , 0.317363636364 , 22
3 , 1 , 0 , 40 ,8.90565998457 , 0.310090909091 , 22
4 ,  ,  ,  ,  20.8736334847 , 0.333333333333 , 19
4 , 0.1 , 0 ,10 ,19.7800704541 , 0.358315789474 , 19
4 , 0.1 , 0 ,20 ,19.7302772026 , 0.366315789474 , 19
4 , 0.1 , 0 , 30 ,19.6493910533 , 0.377105263158 , 19
4 , 0.1 , 0 , 40 ,19.4438561783 , 0.376368421053 , 19
4 , 0.25 , 0 ,10 ,19.6892248644 , 0.369684210526 , 19
4 , 0.25 , 0 ,20 ,19.2503882606 , 0.391368421053 , 19
4 , 0.25 , 0 , 30 ,18.7902846723 , 0.398421052632 , 19
4 , 0.25 , 0 , 40 ,18.1998287468 , 0.406526315789 , 19
4 , 0.5 , 0 ,10 ,19.2680596815 , 0.381894736842 , 19
4 , 0.5 , 0 ,20 ,18.2654718179 , 0.407842105263 , 19
4 , 0.5 , 0 , 30 ,17.0839782033 , 0.423473684211 , 19
4 , 0.5 , 0 , 40 ,16.4211366027 , 0.432263157895 , 19
4 , 0.75 , 0 ,10 ,18.7677980576 , 0.396789473684 , 19
4 , 0.75 , 0 ,20 ,17.5298404682 , 0.417210526316 , 19
4 , 0.75 , 0 , 30 ,16.7342302267 , 0.426052631579 , 19
4 , 0.75 , 0 , 40 ,16.2682212919 , 0.436684210526 , 19
4 , 1 , 0 ,10 ,18.2103236689 , 0.406315789474 , 19
4 , 1 , 0 ,20 ,17.1086075066 , 0.419631578947 , 19
4 , 1 , 0 , 30 ,16.805982366 , 0.430631578947 , 19
4 , 1 , 0 , 40 ,16.6779993273 , 0.429157894737 , 19
5 ,  ,  ,  ,  27.4653072167 , 0.333333333333 , 25
5 , 0.1 , 0 ,10 ,24.5241258068 , 0.36504 , 25
5 , 0.1 , 0 ,20 ,22.3271696841 , 0.37272 , 25
5 , 0.1 , 0 , 30 ,19.8347761115 , 0.3814 , 25
5 , 0.1 , 0 , 40 ,17.488548997 , 0.38264 , 25
5 , 0.25 , 0 ,10 ,22.4510669345 , 0.37704 , 25
5 , 0.25 , 0 ,20 ,17.6127592103 , 0.38676 , 25
5 , 0.25 , 0 , 30 ,13.9021015459 , 0.39984 , 25
5 , 0.25 , 0 , 40 ,10.9312464272 , 0.40916 , 25
5 , 0.5 , 0 ,10 ,19.4123487367 , 0.38492 , 25
5 , 0.5 , 0 ,20 ,13.1668973895 , 0.40448 , 25
5 , 0.5 , 0 , 30 ,10.2542560718 , 0.41048 , 25
5 , 0.5 , 0 , 40 ,8.36649078185 , 0.42544 , 25
5 , 0.75 , 0 ,10 ,16.6151630747 , 0.37352 , 25
5 , 0.75 , 0 ,20 ,9.86869431465 , 0.38428 , 25
5 , 0.75 , 0 , 30 ,6.73597536484 , 0.38528 , 25
5 , 0.75 , 0 , 40 ,5.17393650729 , 0.37844 , 25
5 , 1 , 0 ,10 ,14.5866469423 , 0.35888 , 25
5 , 1 , 0 ,20 ,7.04107772599 , 0.36508 , 25
5 , 1 , 0 , 30 ,4.38782904086 , 0.36648 , 25
5 , 1 , 0 , 40 ,3.26581333493 , 0.37028 , 25
6 ,  ,  ,  ,  27.4653072167 , 0.333333333333 , 25
6 , 0.1 , 0 ,10 ,24.7959758743 , 0.31924 , 25
6 , 0.1 , 0 ,20 ,23.4162627016 , 0.32132 , 25
6 , 0.1 , 0 , 30 ,21.8150682049 , 0.32272 , 25
6 , 0.1 , 0 , 40 ,20.5364865488 , 0.31636 , 25
6 , 0.25 , 0 ,10 ,22.7195411795 , 0.31744 , 25
6 , 0.25 , 0 ,20 ,19.5298195912 , 0.31332 , 25
6 , 0.25 , 0 , 30 ,17.0712894326 , 0.31364 , 25
6 , 0.25 , 0 , 40 ,15.2679407733 , 0.31468 , 25
6 , 0.5 , 0 ,10 ,20.1579852757 , 0.31088 , 25
6 , 0.5 , 0 ,20 ,15.7591431612 , 0.30936 , 25
6 , 0.5 , 0 , 30 ,13.159285636 , 0.31072 , 25
6 , 0.5 , 0 , 40 ,11.5528771862 , 0.31372 , 25
6 , 0.75 , 0 ,10 ,18.0044580557 , 0.30864 , 25
6 , 0.75 , 0 ,20 ,13.1593192041 , 0.31092 , 25
6 , 0.75 , 0 , 30 ,10.3774210188 , 0.3068 , 25
6 , 0.75 , 0 , 40 ,8.94244354408 , 0.30096 , 25
6 , 1 , 0 ,10 ,16.6176819334 , 0.3076 , 25
6 , 1 , 0 ,20 ,10.8451496918 , 0.29796 , 25
6 , 1 , 0 , 30 ,8.42685620647 , 0.2952 , 25
6 , 1 , 0 , 40 ,7.09876301971 , 0.2904 , 25
7 ,  ,  ,  ,  27.4653072167 , 0.333333333333 , 25
7 , 0.1 , 0 ,10 ,24.8059464143 , 0.26156 , 25
7 , 0.1 , 0 ,20 ,23.1870047304 , 0.24284 , 25
7 , 0.1 , 0 , 30 ,21.6663017987 , 0.23088 , 25
7 , 0.1 , 0 , 40 ,20.1702560599 , 0.22028 , 25
7 , 0.25 , 0 ,10 ,22.9164342778 , 0.253 , 25
7 , 0.25 , 0 ,20 ,19.7084273115 , 0.23152 , 25
7 , 0.25 , 0 , 30 ,18.0494225491 , 0.2326 , 25
7 , 0.25 , 0 , 40 ,17.1576554119 , 0.23328 , 25
7 , 0.5 , 0 ,10 ,20.2596133697 , 0.25336 , 25
7 , 0.5 , 0 ,20 ,17.494908253 , 0.24324 , 25
7 , 0.5 , 0 , 30 ,16.582190224 , 0.24792 , 25
7 , 0.5 , 0 , 40 ,16.0012396863 , 0.24788 , 25
7 , 0.75 , 0 ,10 ,19.086321856 , 0.24888 , 25
7 , 0.75 , 0 ,20 ,17.3012359674 , 0.25736 , 25
7 , 0.75 , 0 , 30 ,16.2702315545 , 0.25692 , 25
7 , 0.75 , 0 , 40 ,15.4354688628 , 0.25748 , 25
7 , 1 , 0 ,10 ,18.5381280137 , 0.25232 , 25
7 , 1 , 0 ,20 ,17.0070247667 , 0.26036 , 25
7 , 1 , 0 , 30 ,15.9425769656 , 0.26092 , 25
7 , 1 , 0 , 40 ,15.1880472328 , 0.2554 , 25
8 ,  ,  ,  ,  27.4653072167 , 0.333333333333 , 25
8 , 0.1 , 0 ,10 ,17.7482179893 , 0.39976 , 25
8 , 0.1 , 0 ,20 ,11.9923002717 , 0.41276 , 25
8 , 0.1 , 0 , 30 ,9.0527796844 , 0.41172 , 25
8 , 0.1 , 0 , 40 ,7.73871470133 , 0.41156 , 25
8 , 0.25 , 0 ,10 ,13.1355286295 , 0.42748 , 25
8 , 0.25 , 0 ,20 ,8.38481902351 , 0.42608 , 25
8 , 0.25 , 0 , 30 ,6.61538834573 , 0.41288 , 25
8 , 0.25 , 0 , 40 ,5.60643038433 , 0.41128 , 25
8 , 0.5 , 0 ,10 ,9.03707049689 , 0.4632 , 25
8 , 0.5 , 0 ,20 ,4.70027932734 , 0.45912 , 25
8 , 0.5 , 0 , 30 ,3.9144557161 , 0.4614 , 25
8 , 0.5 , 0 , 40 ,3.64597667337 , 0.46024 , 25
8 , 0.75 , 0 ,10 ,7.18185064626 , 0.46484 , 25
8 , 0.75 , 0 ,20 ,4.00645431865 , 0.46232 , 25
8 , 0.75 , 0 , 30 ,3.5715265554 , 0.46096 , 25
8 , 0.75 , 0 , 40 ,3.47340745878 , 0.45956 , 25
8 , 1 , 0 ,10 ,7.98397291325 , 0.46064 , 25
8 , 1 , 0 ,20 ,4.68395953094 , 0.45904 , 25
8 , 1 , 0 , 30 ,3.93530454937 , 0.45736 , 25
8 , 1 , 0 , 40 ,3.65306460979 , 0.45844 , 25
9 ,  ,  ,  ,  19.775021196 , 0.333333333333 , 18
9 , 0.1 , 0 ,10 ,15.7904769349 , 0.363722222222 , 18
9 , 0.1 , 0 ,20 ,12.6085723637 , 0.388777777778 , 18
9 , 0.1 , 0 , 30 ,10.5503126813 , 0.4 , 18
9 , 0.1 , 0 , 40 ,9.46258761588 , 0.407722222222 , 18
9 , 0.25 , 0 ,10 ,12.5543944379 , 0.387666666667 , 18
9 , 0.25 , 0 ,20 ,9.33931966584 , 0.408944444444 , 18
9 , 0.25 , 0 , 30 ,8.19400342278 , 0.402944444444 , 18
9 , 0.25 , 0 , 40 ,7.84979411136 , 0.405722222222 , 18
9 , 0.5 , 0 ,10 ,10.8927727543 , 0.399055555556 , 18
9 , 0.5 , 0 ,20 ,8.14471214274 , 0.404888888889 , 18
9 , 0.5 , 0 , 30 ,7.51070481725 , 0.402444444444 , 18
9 , 0.5 , 0 , 40 ,7.36529167242 , 0.403777777778 , 18
9 , 0.75 , 0 ,10 ,11.0435162167 , 0.402611111111 , 18
9 , 0.75 , 0 ,20 ,8.19373978258 , 0.403277777778 , 18
9 , 0.75 , 0 , 30 ,7.55005631702 , 0.403722222222 , 18
9 , 0.75 , 0 , 40 ,7.34559141663 , 0.401944444444 , 18
9 , 1 , 0 ,10 ,11.2939899967 , 0.387111111111 , 18
9 , 1 , 0 ,20 ,8.94936161737 , 0.398166666667 , 18
9 , 1 , 0 , 30 ,7.99454272026 , 0.3975 , 18
9 , 1 , 0 , 40 ,7.51082248552 , 0.405777777778 , 18
10 ,  ,  ,  ,  27.4653072167 , 0.333333333333 , 25
10 , 0.1 , 0 ,10 ,19.9014640084 , 0.38428 , 25
10 , 0.1 , 0 ,20 ,14.748276862 , 0.39124 , 25
10 , 0.1 , 0 , 30 ,11.40115435 , 0.38808 , 25
10 , 0.1 , 0 , 40 ,9.55775073735 , 0.3896 , 25
10 , 0.25 , 0 ,10 ,14.3380387249 , 0.38864 , 25
10 , 0.25 , 0 ,20 ,8.92959477577 , 0.39356 , 25
10 , 0.25 , 0 , 30 ,7.19121744401 , 0.39332 , 25
10 , 0.25 , 0 , 40 ,6.34903012751 , 0.39524 , 25
10 , 0.5 , 0 ,10 ,10.6689813087 , 0.3952 , 25
10 , 0.5 , 0 ,20 ,6.71142570258 , 0.39888 , 25
10 , 0.5 , 0 , 30 ,5.59539290513 , 0.39672 , 25
10 , 0.5 , 0 , 40 ,5.26090064489 , 0.39904 , 25
10 , 0.75 , 0 ,10 ,9.67342783026 , 0.39108 , 25
10 , 0.75 , 0 ,20 ,6.01206972412 , 0.39912 , 25
10 , 0.75 , 0 , 30 ,5.17668344562 , 0.40012 , 25
10 , 0.75 , 0 , 40 ,4.96011249251 , 0.39932 , 25
10 , 1 , 0 ,10 ,10.1939615617 , 0.3874 , 25
10 , 1 , 0 ,20 ,6.98316901611 , 0.39628 , 25
10 , 1 , 0 , 30 ,5.85401197971 , 0.399 , 25
10 , 1 , 0 , 40 ,5.35092821713 , 0.39976 , 25
11 ,  ,  ,  ,  27.4653072167 , 0.333333333333 , 25
11 , 0.1 , 0 ,10 ,23.0594211411 , 0.363 , 25
11 , 0.1 , 0 ,20 ,19.323244166 , 0.3754 , 25
11 , 0.1 , 0 , 30 ,15.8015928912 , 0.37892 , 25
11 , 0.1 , 0 , 40 ,13.2896251906 , 0.38424 , 25
11 , 0.25 , 0 ,10 ,18.5730852876 , 0.36996 , 25
11 , 0.25 , 0 ,20 ,12.2168699913 , 0.38164 , 25
11 , 0.25 , 0 , 30 ,8.80811933618 , 0.38728 , 25
11 , 0.25 , 0 , 40 ,7.05204505789 , 0.38844 , 25
11 , 0.5 , 0 ,10 ,13.7396029569 , 0.3754 , 25
11 , 0.5 , 0 ,20 ,7.83385969508 , 0.3828 , 25
11 , 0.5 , 0 , 30 ,5.83164381465 , 0.38524 , 25
11 , 0.5 , 0 , 40 ,5.19173146242 , 0.37896 , 25
11 , 0.75 , 0 ,10 ,11.6122578103 , 0.37064 , 25
11 , 0.75 , 0 ,20 ,6.96281811476 , 0.37464 , 25
11 , 0.75 , 0 , 30 ,5.48160751522 , 0.3776 , 25
11 , 0.75 , 0 , 40 ,4.81831841293 , 0.37848 , 25
11 , 1 , 0 ,10 ,10.6810176871 , 0.35168 , 25
11 , 1 , 0 ,20 ,6.71446437082 , 0.34928 , 25
11 , 1 , 0 , 30 ,5.55188520101 , 0.3462 , 25
11 , 1 , 0 , 40 ,4.82885329942 , 0.342 , 25
12 ,  ,  ,  ,  27.4653072167 , 0.333333333333 , 25
12 , 0.1 , 0 ,10 ,24.7207893489 , 0.35536 , 25
12 , 0.1 , 0 ,20 ,23.2473563196 , 0.34976 , 25
12 , 0.1 , 0 , 30 ,21.4277495144 , 0.35692 , 25
12 , 0.1 , 0 , 40 ,19.9992821112 , 0.36228 , 25
12 , 0.25 , 0 ,10 ,22.7129065284 , 0.3572 , 25
12 , 0.25 , 0 ,20 ,19.1354736263 , 0.36448 , 25
12 , 0.25 , 0 , 30 ,16.4874637675 , 0.37024 , 25
12 , 0.25 , 0 , 40 ,14.6547884837 , 0.37304 , 25
12 , 0.5 , 0 ,10 ,20.3638568164 , 0.35596 , 25
12 , 0.5 , 0 ,20 ,15.5930033371 , 0.36428 , 25
12 , 0.5 , 0 , 30 ,13.1984321288 , 0.36912 , 25
12 , 0.5 , 0 , 40 ,11.8582485311 , 0.37192 , 25
12 , 0.75 , 0 ,10 ,18.4512100152 , 0.35828 , 25
12 , 0.75 , 0 ,20 ,14.1319431522 , 0.35724 , 25
12 , 0.75 , 0 , 30 ,12.7090900041 , 0.3618 , 25
12 , 0.75 , 0 , 40 ,12.2511163384 , 0.35428 , 25
12 , 1 , 0 ,10 ,17.0433503882 , 0.35072 , 25
12 , 1 , 0 ,20 ,13.2659517294 , 0.35088 , 25
12 , 1 , 0 , 30 ,12.1348650343 , 0.35664 , 25
12 , 1 , 0 , 40 ,11.3353606396 , 0.3574 , 25
13 ,  ,  ,  ,  17.5777966187 , 0.333333333333 , 16
13 , 0.1 , 0 ,10 ,16.5642277729 , 0.50475 , 16
13 , 0.1 , 0 ,20 ,16.3058582236 , 0.522375 , 16
13 , 0.1 , 0 , 30 ,16.1024059892 , 0.533625 , 16
13 , 0.1 , 0 , 40 ,15.7820415187 , 0.5486875 , 16
13 , 0.25 , 0 ,10 ,16.3567786587 , 0.5165 , 16
13 , 0.25 , 0 ,20 ,15.8077148174 , 0.5409375 , 16
13 , 0.25 , 0 , 30 ,15.2742762849 , 0.5518125 , 16
13 , 0.25 , 0 , 40 ,14.6504623412 , 0.564875 , 16
13 , 0.5 , 0 ,10 ,15.9042990146 , 0.533125 , 16
13 , 0.5 , 0 ,20 ,14.8193127646 , 0.5555 , 16
13 , 0.5 , 0 , 30 ,13.5327498505 , 0.5759375 , 16
13 , 0.5 , 0 , 40 ,12.4650750585 , 0.583375 , 16
13 , 0.75 , 0 ,10 ,15.4838540417 , 0.5385625 , 16
13 , 0.75 , 0 ,20 ,13.8544767985 , 0.5669375 , 16
13 , 0.75 , 0 , 30 ,12.5500927283 , 0.5866875 , 16
13 , 0.75 , 0 , 40 ,11.6596128599 , 0.598 , 16
13 , 1 , 0 ,10 ,15.0667840406 , 0.546625 , 16
13 , 1 , 0 ,20 ,13.3050920291 , 0.5891875 , 16
13 , 1 , 0 , 30 ,12.1151556812 , 0.6085625 , 16
13 , 1 , 0 , 40 ,11.441189985 , 0.618 , 16
14 ,  ,  ,  ,  16.47918433 , 0.333333333333 , 15
14 , 0.1 , 0 ,10 ,15.0966457932 , 0.351066666667 , 15
14 , 0.1 , 0 ,20 ,14.2314930454 , 0.348 , 15
14 , 0.1 , 0 , 30 ,13.2947674516 , 0.344266666667 , 15
14 , 0.1 , 0 , 40 ,12.4729496908 , 0.346133333333 , 15
14 , 0.25 , 0 ,10 ,14.0117183241 , 0.3454 , 15
14 , 0.25 , 0 ,20 ,11.7708719311 , 0.344733333333 , 15
14 , 0.25 , 0 , 30 ,9.89811977178 , 0.342 , 15
14 , 0.25 , 0 , 40 ,8.72886676676 , 0.340133333333 , 15
14 , 0.5 , 0 ,10 ,11.838323512 , 0.3434 , 15
14 , 0.5 , 0 ,20 ,8.70049387704 , 0.336 , 15
14 , 0.5 , 0 , 30 ,7.1133750648 , 0.331 , 15
14 , 0.5 , 0 , 40 ,6.30809654674 , 0.327733333333 , 15
14 , 0.75 , 0 ,10 ,10.1366312877 , 0.339 , 15
14 , 0.75 , 0 ,20 ,7.07041787265 , 0.337133333333 , 15
14 , 0.75 , 0 , 30 ,5.84699702759 , 0.327733333333 , 15
14 , 0.75 , 0 , 40 ,5.53060570217 , 0.326733333333 , 15
14 , 1 , 0 ,10 ,8.73087404927 , 0.344066666667 , 15
14 , 1 , 0 ,20 ,6.23578475042 , 0.3336 , 15
14 , 1 , 0 , 30 ,5.4252815754 , 0.33 , 15
14 , 1 , 0 , 40 ,5.30696115203 , 0.3238 , 15
15 ,  ,  ,  ,  23.070858062 , 0.333333333333 , 21
15 , 0.1 , 0 ,10 ,21.8841854206 , 0.400571428571 , 21
15 , 0.1 , 0 ,20 ,21.5679193967 , 0.410333333333 , 21
15 , 0.1 , 0 , 30 ,21.2116723313 , 0.413476190476 , 21
15 , 0.1 , 0 , 40 ,20.9133570228 , 0.413666666667 , 21
15 , 0.25 , 0 ,10 ,21.3795787036 , 0.40519047619 , 21
15 , 0.25 , 0 ,20 ,20.8013798962 , 0.410857142857 , 21
15 , 0.25 , 0 , 30 ,20.3884607603 , 0.413142857143 , 21
15 , 0.25 , 0 , 40 ,20.0553808485 , 0.422666666667 , 21
15 , 0.5 , 0 ,10 ,20.7419996557 , 0.414047619048 , 21
15 , 0.5 , 0 ,20 ,20.2124124389 , 0.411523809524 , 21
15 , 0.5 , 0 , 30 ,19.7833000536 , 0.419857142857 , 21
15 , 0.5 , 0 , 40 ,19.5248690091 , 0.422523809524 , 21
15 , 0.75 , 0 ,10 ,20.5345969074 , 0.416333333333 , 21
15 , 0.75 , 0 ,20 ,19.935269394 , 0.417714285714 , 21
15 , 0.75 , 0 , 30 ,19.5232803331 , 0.427523809524 , 21
15 , 0.75 , 0 , 40 ,19.3563922108 , 0.419619047619 , 21
15 , 1 , 0 ,10 ,20.2503606078 , 0.419047619048 , 21
15 , 1 , 0 ,20 ,19.8534531411 , 0.421142857143 , 21
15 , 1 , 0 , 30 ,19.4778315559 , 0.422285714286 , 21
15 , 1 , 0 , 40 ,19.3475672702 , 0.420666666667 , 21
16 ,  ,  ,  ,  21.9722457734 , 0.333333333333 , 20
16 , 0.1 , 0 ,10 ,20.5711783689 , 0.304 , 20
16 , 0.1 , 0 ,20 ,18.5128562741 , 0.2858 , 20
16 , 0.1 , 0 , 30 ,16.1967811627 , 0.2748 , 20
16 , 0.1 , 0 , 40 ,14.4698400575 , 0.26975 , 20
16 , 0.25 , 0 ,10 ,18.8974623144 , 0.2857 , 20
16 , 0.25 , 0 ,20 ,14.1040037046 , 0.2644 , 20
16 , 0.25 , 0 , 30 ,10.9995374389 , 0.25775 , 20
16 , 0.25 , 0 , 40 ,9.17275144609 , 0.248 , 20
16 , 0.5 , 0 ,10 ,17.0537421161 , 0.2741 , 20
16 , 0.5 , 0 ,20 ,10.6987835534 , 0.2524 , 20
16 , 0.5 , 0 , 30 ,7.5597250962 , 0.24505 , 20
16 , 0.5 , 0 , 40 ,6.07050492976 , 0.2398 , 20
16 , 0.75 , 0 ,10 ,16.2849391823 , 0.26765 , 20
16 , 0.75 , 0 ,20 ,9.36917021076 , 0.24595 , 20
16 , 0.75 , 0 , 30 ,6.316495569 , 0.23455 , 20
16 , 0.75 , 0 , 40 ,5.11114051697 , 0.2274 , 20
16 , 1 , 0 ,10 ,16.3198889877 , 0.28005 , 20
16 , 1 , 0 ,20 ,10.3480911695 , 0.2497 , 20
16 , 1 , 0 , 30 ,7.37471435269 , 0.2373 , 20
16 , 1 , 0 , 40 ,5.74775397933 , 0.227 , 20
17 ,  ,  ,  ,  27.4653072167 , 0.333333333333 , 25
17 , 0.1 , 0 ,10 ,16.8880166567 , 0.62148 , 25
17 , 0.1 , 0 ,20 ,10.9839418379 , 0.68864 , 25
17 , 0.1 , 0 , 30 ,8.61342751822 , 0.71208 , 25
17 , 0.1 , 0 , 40 ,7.30835786408 , 0.72376 , 25
17 , 0.25 , 0 ,10 ,11.040652313 , 0.68916 , 25
17 , 0.25 , 0 ,20 ,6.90710464857 , 0.72572 , 25
17 , 0.25 , 0 , 30 ,5.77221244145 , 0.73324 , 25
17 , 0.25 , 0 , 40 ,5.3911307833 , 0.73744 , 25
17 , 0.5 , 0 ,10 ,8.6275555629 , 0.71364 , 25
17 , 0.5 , 0 ,20 ,5.45281638031 , 0.74012 , 25
17 , 0.5 , 0 , 30 ,4.89418895912 , 0.7418 , 25
17 , 0.5 , 0 , 40 ,4.52562826185 , 0.74672 , 25
17 , 0.75 , 0 ,10 ,8.63776619963 , 0.70764 , 25
17 , 0.75 , 0 ,20 ,5.64351190861 , 0.73276 , 25
17 , 0.75 , 0 , 30 ,5.02779213615 , 0.74088 , 25
17 , 0.75 , 0 , 40 ,4.60283847535 , 0.74692 , 25
17 , 1 , 0 ,10 ,9.25609151605 , 0.6894 , 25
17 , 1 , 0 ,20 ,6.02360460591 , 0.70736 , 25
17 , 1 , 0 , 30 ,5.25470296028 , 0.70768 , 25
17 , 1 , 0 , 40 ,4.96971652805 , 0.7102 , 25
18 ,  ,  ,  ,  17.5777966187 , 0.333333333333 , 16
18 , 0.1 , 0 ,10 ,16.5514725576 , 0.3225 , 16
18 , 0.1 , 0 ,20 ,15.0727914357 , 0.3079375 , 16
18 , 0.1 , 0 , 30 ,13.2438060422 , 0.2889375 , 16
18 , 0.1 , 0 , 40 ,11.2791325882 , 0.2834375 , 16
18 , 0.25 , 0 ,10 ,14.0691302474 , 0.2949375 , 16
18 , 0.25 , 0 ,20 ,10.4291985442 , 0.2865 , 16
18 , 0.25 , 0 , 30 ,8.53642514329 , 0.282875 , 16
18 , 0.25 , 0 , 40 ,7.75112475738 , 0.2778125 , 16
18 , 0.5 , 0 ,10 ,11.1334962726 , 0.2878125 , 16
18 , 0.5 , 0 ,20 ,8.93013127252 , 0.2801875 , 16
18 , 0.5 , 0 , 30 ,8.11347150797 , 0.27925 , 16
18 , 0.5 , 0 , 40 ,7.69582483922 , 0.278875 , 16
18 , 0.75 , 0 ,10 ,10.5617958037 , 0.293625 , 16
18 , 0.75 , 0 ,20 ,9.95695669935 , 0.284 , 16
18 , 0.75 , 0 , 30 ,9.67205413353 , 0.282375 , 16
18 , 0.75 , 0 , 40 ,9.53052142953 , 0.28125 , 16
18 , 1 , 0 ,10 ,10.7495839193 , 0.3098125 , 16
18 , 1 , 0 ,20 ,10.4083805399 , 0.307375 , 16
18 , 1 , 0 , 30 ,10.0792749896 , 0.31475 , 16
18 , 1 , 0 , 40 ,9.69041452008 , 0.3163125 , 16
19 ,  ,  ,  ,  27.4653072167 , 0.333333333333 , 25
19 , 0.1 , 0 ,10 ,18.8047758401 , 0.41356 , 25
19 , 0.1 , 0 ,20 ,13.6439595385 , 0.41656 , 25
19 , 0.1 , 0 , 30 ,10.1139662289 , 0.43092 , 25
19 , 0.1 , 0 , 40 ,8.09419010467 , 0.43924 , 25
19 , 0.25 , 0 ,10 ,13.6485680731 , 0.42836 , 25
19 , 0.25 , 0 ,20 ,8.4905492358 , 0.43988 , 25
19 , 0.25 , 0 , 30 ,6.42089785566 , 0.4448 , 25
19 , 0.25 , 0 , 40 ,5.21556699575 , 0.44956 , 25
19 , 0.5 , 0 ,10 ,9.6404734486 , 0.43556 , 25
19 , 0.5 , 0 ,20 ,5.0932687864 , 0.44624 , 25
19 , 0.5 , 0 , 30 ,3.61766785776 , 0.45008 , 25
19 , 0.5 , 0 , 40 ,2.94125595343 , 0.45092 , 25
19 , 0.75 , 0 ,10 ,7.23548633944 , 0.4398 , 25
19 , 0.75 , 0 ,20 ,4.03920464483 , 0.44732 , 25
19 , 0.75 , 0 , 30 ,3.16394175771 , 0.44804 , 25
19 , 0.75 , 0 , 40 ,2.89857303218 , 0.44948 , 25
19 , 1 , 0 ,10 ,6.56762921885 , 0.43468 , 25
19 , 1 , 0 ,20 ,4.65701814722 , 0.44216 , 25
19 , 1 , 0 , 30 ,4.24086164725 , 0.44416 , 25
19 , 1 , 0 , 40 ,3.90392778119 , 0.44348 , 25
20 ,  ,  ,  ,  27.4653072167 , 0.333333333333 , 25
20 , 0.1 , 0 ,10 ,24.5995675327 , 0.3682 , 25
20 , 0.1 , 0 ,20 ,22.2890626672 , 0.36468 , 25
20 , 0.1 , 0 , 30 ,19.464177225 , 0.34968 , 25
20 , 0.1 , 0 , 40 ,17.2118795905 , 0.3388 , 25
20 , 0.25 , 0 ,10 ,22.3703955211 , 0.38056 , 25
20 , 0.25 , 0 ,20 ,17.7720073823 , 0.37028 , 25
20 , 0.25 , 0 , 30 ,15.3144335207 , 0.35816 , 25
20 , 0.25 , 0 , 40 ,13.6358087459 , 0.34884 , 25
20 , 0.5 , 0 ,10 ,19.8941812758 , 0.42564 , 25
20 , 0.5 , 0 ,20 ,15.5280872082 , 0.43436 , 25
20 , 0.5 , 0 , 30 ,13.4330975037 , 0.43632 , 25
20 , 0.5 , 0 , 40 ,11.9815380733 , 0.42848 , 25
20 , 0.75 , 0 ,10 ,18.3299575063 , 0.46024 , 25
20 , 0.75 , 0 ,20 ,14.6587980034 , 0.47164 , 25
20 , 0.75 , 0 , 30 ,12.8466300952 , 0.46596 , 25
20 , 0.75 , 0 , 40 ,11.8932048102 , 0.46736 , 25
20 , 1 , 0 ,10 ,16.4617823613 , 0.48988 , 25
20 , 1 , 0 ,20 ,13.3642609679 , 0.497 , 25
20 , 1 , 0 , 30 ,12.1083779187 , 0.48572 , 25
20 , 1 , 0 , 40 ,11.182469128 , 0.4868 , 25
21 ,  ,  ,  ,  27.4653072167 , 0.333333333333 , 25
21 , 0.1 , 0 ,10 ,21.5634260208 , 0.34284 , 25
21 , 0.1 , 0 ,20 ,16.6339156283 , 0.3466 , 25
21 , 0.1 , 0 , 30 ,13.3524533979 , 0.35224 , 25
21 , 0.1 , 0 , 40 ,11.0147585885 , 0.35864 , 25
21 , 0.25 , 0 ,10 ,17.0588773272 , 0.3276 , 25
21 , 0.25 , 0 ,20 ,12.4668588188 , 0.3336 , 25
21 , 0.25 , 0 , 30 ,10.2841071801 , 0.33916 , 25
21 , 0.25 , 0 , 40 ,8.88084690931 , 0.3448 , 25
21 , 0.5 , 0 ,10 ,13.9909042872 , 0.31076 , 25
21 , 0.5 , 0 ,20 ,9.63880906236 , 0.30784 , 25
21 , 0.5 , 0 , 30 ,7.4526041149 , 0.31164 , 25
21 , 0.5 , 0 , 40 ,6.06873453689 , 0.31436 , 25
21 , 0.75 , 0 ,10 ,10.5497935164 , 0.2882 , 25
21 , 0.75 , 0 ,20 ,6.89139453624 , 0.28204 , 25
21 , 0.75 , 0 , 30 ,5.64592761587 , 0.27592 , 25
21 , 0.75 , 0 , 40 ,5.0199239909 , 0.2736 , 25
21 , 1 , 0 ,10 ,9.210223351 , 0.27756 , 25
21 , 1 , 0 ,20 ,6.08786794811 , 0.26692 , 25
21 , 1 , 0 , 30 ,4.93376207045 , 0.26068 , 25
21 , 1 , 0 , 40 ,4.24747557606 , 0.25504 , 25
22 ,  ,  ,  ,  27.4653072167 , 0.333333333333 , 25
22 , 0.1 , 0 ,10 ,25.121096273 , 0.33688 , 25
22 , 0.1 , 0 ,20 ,23.7384090994 , 0.33568 , 25
22 , 0.1 , 0 , 30 ,22.3434862459 , 0.33912 , 25
22 , 0.1 , 0 , 40 ,21.1180739591 , 0.34288 , 25
22 , 0.25 , 0 ,10 ,23.643771503 , 0.33884 , 25
22 , 0.25 , 0 ,20 ,21.2394501673 , 0.34464 , 25
22 , 0.25 , 0 , 30 ,19.1948700951 , 0.351 , 25
22 , 0.25 , 0 , 40 ,17.6713254458 , 0.35796 , 25
22 , 0.5 , 0 ,10 ,22.6656587725 , 0.34636 , 25
22 , 0.5 , 0 ,20 ,19.7304602872 , 0.36156 , 25
22 , 0.5 , 0 , 30 ,17.2913317863 , 0.36364 , 25
22 , 0.5 , 0 , 40 ,15.6646213375 , 0.36672 , 25
22 , 0.75 , 0 ,10 ,22.2107492942 , 0.35532 , 25
22 , 0.75 , 0 ,20 ,19.5177622777 , 0.37096 , 25
22 , 0.75 , 0 , 30 ,17.7412469302 , 0.373 , 25
22 , 0.75 , 0 , 40 ,16.1618216107 , 0.37328 , 25
22 , 1 , 0 ,10 ,22.3231988054 , 0.3624 , 25
22 , 1 , 0 ,20 ,19.7555577331 , 0.37764 , 25
22 , 1 , 0 , 30 ,18.3004093 , 0.37832 , 25
22 , 1 , 0 , 40 ,17.4923459921 , 0.38996 , 25
23 ,  ,  ,  ,  17.5777966187 , 0.333333333333 , 16
23 , 0.1 , 0 ,10 ,14.9527570051 , 0.43325 , 16
23 , 0.1 , 0 ,20 ,12.142329541 , 0.4695625 , 16
23 , 0.1 , 0 , 30 ,10.3651992824 , 0.4759375 , 16
23 , 0.1 , 0 , 40 ,8.72054412457 , 0.4794375 , 16
23 , 0.25 , 0 ,10 ,12.439927866 , 0.457125 , 16
23 , 0.25 , 0 ,20 ,9.09234448215 , 0.475125 , 16
23 , 0.25 , 0 , 30 ,7.16098240526 , 0.4875 , 16
23 , 0.25 , 0 , 40 ,6.10881879148 , 0.4904375 , 16
23 , 0.5 , 0 ,10 ,10.988657332 , 0.4525 , 16
23 , 0.5 , 0 ,20 ,8.64685637296 , 0.4704375 , 16
23 , 0.5 , 0 , 30 ,7.17322176272 , 0.4844375 , 16
23 , 0.5 , 0 , 40 ,6.38033827765 , 0.487125 , 16
23 , 0.75 , 0 ,10 ,10.5570663164 , 0.46275 , 16
23 , 0.75 , 0 ,20 ,8.36904789318 , 0.4750625 , 16
23 , 0.75 , 0 , 30 ,7.49790991403 , 0.477375 , 16
23 , 0.75 , 0 , 40 ,6.82671996303 , 0.48 , 16
23 , 1 , 0 ,10 ,11.5824557181 , 0.452125 , 16
23 , 1 , 0 ,20 ,8.9377823225 , 0.483125 , 16
23 , 1 , 0 , 30 ,7.38362490711 , 0.5005625 , 16
23 , 1 , 0 , 40 ,6.31815427996 , 0.516125 , 16
24 ,  ,  ,  ,  23.070858062 , 0.333333333333 , 21
24 , 0.1 , 0 ,10 ,21.6632506173 , 0.358523809524 , 21
24 , 0.1 , 0 ,20 ,21.4218954214 , 0.357619047619 , 21
24 , 0.1 , 0 , 30 ,21.1464438294 , 0.360857142857 , 21
24 , 0.1 , 0 , 40 ,20.8733924622 , 0.366857142857 , 21
24 , 0.25 , 0 ,10 ,21.2802758928 , 0.361095238095 , 21
24 , 0.25 , 0 ,20 ,20.6276038222 , 0.370666666667 , 21
24 , 0.25 , 0 , 30 ,20.1838336284 , 0.380571428571 , 21
24 , 0.25 , 0 , 40 ,19.5417791266 , 0.385380952381 , 21
24 , 0.5 , 0 ,10 ,20.8850199466 , 0.371238095238 , 21
24 , 0.5 , 0 ,20 ,19.8776440931 , 0.38419047619 , 21
24 , 0.5 , 0 , 30 ,18.8693889743 , 0.398428571429 , 21
24 , 0.5 , 0 , 40 ,17.8013233493 , 0.409238095238 , 21
24 , 0.75 , 0 ,10 ,20.6858580474 , 0.37 , 21
24 , 0.75 , 0 ,20 ,19.2584600077 , 0.394285714286 , 21
24 , 0.75 , 0 , 30 ,17.9893932837 , 0.407904761905 , 21
24 , 0.75 , 0 , 40 ,16.9237883728 , 0.419666666667 , 21
24 , 1 , 0 ,10 ,20.3965349609 , 0.381666666667 , 21
24 , 1 , 0 ,20 ,18.8159378062 , 0.400333333333 , 21
24 , 1 , 0 , 30 ,17.4093117947 , 0.414476190476 , 21
24 , 1 , 0 , 40 ,16.0819052337 , 0.417333333333 , 21
25 ,  ,  ,  ,  27.4653072167 , 0.333333333333 , 25
25 , 0.1 , 0 ,10 ,24.9148773753 , 0.3566 , 25
25 , 0.1 , 0 ,20 ,23.5519271106 , 0.36592 , 25
25 , 0.1 , 0 , 30 ,21.7561716666 , 0.37288 , 25
25 , 0.1 , 0 , 40 ,20.3346254331 , 0.37632 , 25
25 , 0.25 , 0 ,10 ,24.0040480984 , 0.36516 , 25
25 , 0.25 , 0 ,20 ,21.5740257242 , 0.38464 , 25
25 , 0.25 , 0 , 30 ,18.9993832334 , 0.40124 , 25
25 , 0.25 , 0 , 40 ,16.9308982342 , 0.4104 , 25
25 , 0.5 , 0 ,10 ,23.923222538 , 0.37908 , 25
25 , 0.5 , 0 ,20 ,21.1465316066 , 0.409 , 25
25 , 0.5 , 0 , 30 ,18.5638131329 , 0.42712 , 25
25 , 0.5 , 0 , 40 ,16.4718497261 , 0.44716 , 25
25 , 0.75 , 0 ,10 ,23.8996746906 , 0.38096 , 25
25 , 0.75 , 0 ,20 ,21.1997292461 , 0.40672 , 25
25 , 0.75 , 0 , 30 ,18.7205911334 , 0.437 , 25
25 , 0.75 , 0 , 40 ,16.849020558 , 0.44884 , 25
25 , 1 , 0 ,10 ,23.4959974962 , 0.3788 , 25
25 , 1 , 0 ,20 ,20.5278789879 , 0.3978 , 25
25 , 1 , 0 , 30 ,17.7830564653 , 0.41332 , 25
25 , 1 , 0 , 40 ,16.2351177727 , 0.41996 , 25
26 ,  ,  ,  ,  20.8736334847 , 0.333333333333 , 19
26 , 0.1 , 0 ,10 ,18.8410351593 , 0.384947368421 , 19
26 , 0.1 , 0 ,20 ,17.7929404749 , 0.403 , 19
26 , 0.1 , 0 , 30 ,16.6295391181 , 0.416210526316 , 19
26 , 0.1 , 0 , 40 ,15.2368833313 , 0.426894736842 , 19
26 , 0.25 , 0 ,10 ,18.0933365075 , 0.398 , 19
26 , 0.25 , 0 ,20 ,15.9080100532 , 0.429526315789 , 19
26 , 0.25 , 0 , 30 ,13.6958321419 , 0.444842105263 , 19
26 , 0.25 , 0 , 40 ,12.053363105 , 0.448473684211 , 19
26 , 0.5 , 0 ,10 ,17.441594243 , 0.407894736842 , 19
26 , 0.5 , 0 ,20 ,14.7857898694 , 0.427789473684 , 19
26 , 0.5 , 0 , 30 ,12.7547736347 , 0.444894736842 , 19
26 , 0.5 , 0 , 40 ,11.3357406537 , 0.444368421053 , 19
26 , 0.75 , 0 ,10 ,17.4762686669 , 0.409315789474 , 19
26 , 0.75 , 0 ,20 ,15.4347227674 , 0.412105263158 , 19
26 , 0.75 , 0 , 30 ,13.560817419 , 0.418157894737 , 19
26 , 0.75 , 0 , 40 ,12.0529564228 , 0.415736842105 , 19
26 , 1 , 0 ,10 ,17.5018973901 , 0.404368421053 , 19
26 , 1 , 0 ,20 ,15.7607437685 , 0.397894736842 , 19
26 , 1 , 0 , 30 ,14.3188565595 , 0.385315789474 , 19
26 , 1 , 0 , 40 ,13.1923691219 , 0.380210526316 , 19
27 ,  ,  ,  ,  27.4653072167 , 0.333333333333 , 25
27 , 0.1 , 0 ,10 ,25.5040719351 , 0.40532 , 25
27 , 0.1 , 0 ,20 ,24.4217620199 , 0.40508 , 25
27 , 0.1 , 0 , 30 ,23.3975533706 , 0.4048 , 25
27 , 0.1 , 0 , 40 ,22.4884708358 , 0.40352 , 25
27 , 0.25 , 0 ,10 ,24.1835885017 , 0.40144 , 25
27 , 0.25 , 0 ,20 ,22.5508105455 , 0.40472 , 25
27 , 0.25 , 0 , 30 ,21.0832230553 , 0.41412 , 25
27 , 0.25 , 0 , 40 ,19.8853406149 , 0.41408 , 25
27 , 0.5 , 0 ,10 ,23.2683978477 , 0.40884 , 25
27 , 0.5 , 0 ,20 ,21.4100661129 , 0.40892 , 25
27 , 0.5 , 0 , 30 ,19.3614345163 , 0.42036 , 25
27 , 0.5 , 0 , 40 ,17.8039562994 , 0.42892 , 25
27 , 0.75 , 0 ,10 ,22.9149158604 , 0.40968 , 25
27 , 0.75 , 0 ,20 ,20.4886998286 , 0.42212 , 25
27 , 0.75 , 0 , 30 ,18.544422698 , 0.42372 , 25
27 , 0.75 , 0 , 40 ,16.7347311047 , 0.4276 , 25
27 , 1 , 0 ,10 ,22.6240323838 , 0.4174 , 25
27 , 1 , 0 ,20 ,20.2489481293 , 0.42784 , 25
27 , 1 , 0 , 30 ,18.0609571007 , 0.4316 , 25
27 , 1 , 0 , 40 ,16.122386731 , 0.4334 , 25
28 ,  ,  ,  ,  27.4653072167 , 0.333333333333 , 25
28 , 0.1 , 0 ,10 ,22.1132107339 , 0.38648 , 25
28 , 0.1 , 0 ,20 ,18.3735686222 , 0.38848 , 25
28 , 0.1 , 0 , 30 ,14.9536784222 , 0.3902 , 25
28 , 0.1 , 0 , 40 ,12.2207629066 , 0.3868 , 25
28 , 0.25 , 0 ,10 ,18.5391121604 , 0.38968 , 25
28 , 0.25 , 0 ,20 ,12.324471554 , 0.38948 , 25
28 , 0.25 , 0 , 30 ,8.53978582128 , 0.38816 , 25
28 , 0.25 , 0 , 40 ,6.42243989479 , 0.39084 , 25
28 , 0.5 , 0 ,10 ,15.9252121971 , 0.39696 , 25
28 , 0.5 , 0 ,20 ,9.90954234421 , 0.38988 , 25
28 , 0.5 , 0 , 30 ,7.26215460892 , 0.38528 , 25
28 , 0.5 , 0 , 40 ,6.11880840865 , 0.38356 , 25
28 , 0.75 , 0 ,10 ,15.0417317979 , 0.39564 , 25
28 , 0.75 , 0 ,20 ,10.0262462677 , 0.38288 , 25
28 , 0.75 , 0 , 30 ,7.93582426016 , 0.37568 , 25
28 , 0.75 , 0 , 40 ,6.90977377247 , 0.36916 , 25
28 , 1 , 0 ,10 ,14.4032470251 , 0.39624 , 25
28 , 1 , 0 ,20 ,10.0546971781 , 0.38268 , 25
28 , 1 , 0 , 30 ,7.91684012783 , 0.37408 , 25
28 , 1 , 0 , 40 ,6.42621538476 , 0.37268 , 25
29 ,  ,  ,  ,  16.47918433 , 0.333333333333 , 15
29 , 0.1 , 0 ,10 ,14.9107212134 , 0.3614 , 15
29 , 0.1 , 0 ,20 ,14.1738451851 , 0.366666666667 , 15
29 , 0.1 , 0 , 30 ,13.1438763911 , 0.371 , 15
29 , 0.1 , 0 , 40 ,12.0832223576 , 0.382066666667 , 15
29 , 0.25 , 0 ,10 ,14.1176674943 , 0.377266666667 , 15
29 , 0.25 , 0 ,20 ,12.0372748837 , 0.381866666667 , 15
29 , 0.25 , 0 , 30 ,10.2358425224 , 0.393066666667 , 15
29 , 0.25 , 0 , 40 ,9.03228632111 , 0.3976 , 15
29 , 0.5 , 0 ,10 ,13.0023317927 , 0.384333333333 , 15
29 , 0.5 , 0 ,20 ,9.97938355864 , 0.394266666667 , 15
29 , 0.5 , 0 , 30 ,8.12883580723 , 0.4004 , 15
29 , 0.5 , 0 , 40 ,6.81527783123 , 0.406733333333 , 15
29 , 0.75 , 0 ,10 ,12.2862086081 , 0.385333333333 , 15
29 , 0.75 , 0 ,20 ,9.06310672086 , 0.392266666667 , 15
29 , 0.75 , 0 , 30 ,7.39987697817 , 0.405066666667 , 15
29 , 0.75 , 0 , 40 ,6.30330082898 , 0.409466666667 , 15
29 , 1 , 0 ,10 ,11.6788238207 , 0.388333333333 , 15
29 , 1 , 0 ,20 ,8.549327824 , 0.395466666667 , 15
29 , 1 , 0 , 30 ,7.1242294111 , 0.3994 , 15
29 , 1 , 0 , 40 ,6.1519169591 , 0.4004 , 15
30 ,  ,  ,  ,  18.6764089074 , 0.333333333333 , 17
30 , 0.1 , 0 ,10 ,17.3155247656 , 0.343117647059 , 17
30 , 0.1 , 0 ,20 ,16.7041272335 , 0.340823529412 , 17
30 , 0.1 , 0 , 30 ,16.0329387546 , 0.339411764706 , 17
30 , 0.1 , 0 , 40 ,15.4314675235 , 0.338823529412 , 17
30 , 0.25 , 0 ,10 ,16.631005459 , 0.330235294118 , 17
30 , 0.25 , 0 ,20 ,15.1353940522 , 0.327705882353 , 17
30 , 0.25 , 0 , 30 ,13.6357375053 , 0.332058823529 , 17
30 , 0.25 , 0 , 40 ,12.5840819352 , 0.339470588235 , 17
30 , 0.5 , 0 ,10 ,15.6378904083 , 0.321352941176 , 17
30 , 0.5 , 0 ,20 ,13.6262176158 , 0.322058823529 , 17
30 , 0.5 , 0 , 30 ,12.1578785075 , 0.332529411765 , 17
30 , 0.5 , 0 , 40 ,10.8476445058 , 0.348529411765 , 17
30 , 0.75 , 0 ,10 ,14.9391365225 , 0.321117647059 , 17
30 , 0.75 , 0 ,20 ,12.9410621001 , 0.323176470588 , 17
30 , 0.75 , 0 , 30 ,11.5835889364 , 0.335176470588 , 17
30 , 0.75 , 0 , 40 ,10.3124874867 , 0.346411764706 , 17
30 , 1 , 0 ,10 ,14.5268058092 , 0.31 , 17
30 , 1 , 0 ,20 ,12.688862032 , 0.315352941176 , 17
30 , 1 , 0 , 30 ,11.3947075161 , 0.330058823529 , 17
30 , 1 , 0 , 40 ,9.84335950372 , 0.337705882353 , 17
31 ,  ,  ,  ,  24.1694703507 , 0.333333333333 , 22
31 , 0.1 , 0 ,10 ,20.0896070579 , 0.269818181818 , 22
31 , 0.1 , 0 ,20 ,16.6291940396 , 0.245954545455 , 22
31 , 0.1 , 0 , 30 ,13.6837929259 , 0.231136363636 , 22
31 , 0.1 , 0 , 40 ,11.5623530951 , 0.221272727273 , 22
31 , 0.25 , 0 ,10 ,15.5941766735 , 0.237954545455 , 22
31 , 0.25 , 0 ,20 ,10.8666362126 , 0.219272727273 , 22
31 , 0.25 , 0 , 30 ,8.91684318391 , 0.222181818182 , 22
31 , 0.25 , 0 , 40 ,8.36281725791 , 0.221727272727 , 22
31 , 0.5 , 0 ,10 ,11.034161208 , 0.228136363636 , 22
31 , 0.5 , 0 ,20 ,7.48031110615 , 0.227954545455 , 22
31 , 0.5 , 0 , 30 ,6.72963220361 , 0.226590909091 , 22
31 , 0.5 , 0 , 40 ,6.60554253312 , 0.227727272727 , 22
31 , 0.75 , 0 ,10 ,8.50972099462 , 0.227818181818 , 22
31 , 0.75 , 0 ,20 ,6.67341311334 , 0.226772727273 , 22
31 , 0.75 , 0 , 30 ,6.59009817099 , 0.227909090909 , 22
31 , 0.75 , 0 , 40 ,6.56758099255 , 0.225636363636 , 22
31 , 1 , 0 ,10 ,7.90571821961 , 0.228409090909 , 22
31 , 1 , 0 ,20 ,6.58476027299 , 0.228318181818 , 22
31 , 1 , 0 , 30 ,6.58222530902 , 0.225045454545 , 22
31 , 1 , 0 , 40 ,6.56479888603 , 0.228545454545 , 22
32 ,  ,  ,  ,  20.8736334847 , 0.333333333333 , 19
32 , 0.1 , 0 ,10 ,16.3696676696 , 0.471210526316 , 19
32 , 0.1 , 0 ,20 ,12.9587654141 , 0.506684210526 , 19
32 , 0.1 , 0 , 30 ,11.1489141395 , 0.524157894737 , 19
32 , 0.1 , 0 , 40 ,9.6346728262 , 0.536315789474 , 19
32 , 0.25 , 0 ,10 ,13.2229090626 , 0.505684210526 , 19
32 , 0.25 , 0 ,20 ,9.71461258652 , 0.529368421053 , 19
32 , 0.25 , 0 , 30 ,7.95113906292 , 0.545052631579 , 19
32 , 0.25 , 0 , 40 ,6.91759163657 , 0.546947368421 , 19
32 , 0.5 , 0 ,10 ,11.9464257177 , 0.519 , 19
32 , 0.5 , 0 ,20 ,8.36281241105 , 0.542421052632 , 19
32 , 0.5 , 0 , 30 ,6.50579119593 , 0.548947368421 , 19
32 , 0.5 , 0 , 40 ,5.55867328442 , 0.548473684211 , 19
32 , 0.75 , 0 ,10 ,11.6512487073 , 0.520263157895 , 19
32 , 0.75 , 0 ,20 ,8.59725606743 , 0.535052631579 , 19
32 , 0.75 , 0 , 30 ,7.13489593776 , 0.541947368421 , 19
32 , 0.75 , 0 , 40 ,6.15476949159 , 0.548526315789 , 19
32 , 1 , 0 ,10 ,11.8336090978 , 0.509736842105 , 19
32 , 1 , 0 ,20 ,8.93238976816 , 0.511684210526 , 19
32 , 1 , 0 , 30 ,7.32133899706 , 0.511842105263 , 19
32 , 1 , 0 , 40 ,6.28834360083 , 0.504421052632 , 19
33 ,  ,  ,  ,  27.4653072167 , 0.333333333333 , 25
33 , 0.1 , 0 ,10 ,23.2475197579 , 0.34048 , 25
33 , 0.1 , 0 ,20 ,20.2540056829 , 0.34308 , 25
33 , 0.1 , 0 , 30 ,17.6727104111 , 0.34288 , 25
33 , 0.1 , 0 , 40 ,15.9130660411 , 0.3542 , 25
33 , 0.25 , 0 ,10 ,20.1231411604 , 0.34064 , 25
33 , 0.25 , 0 ,20 ,15.860267885 , 0.34576 , 25
33 , 0.25 , 0 , 30 ,13.7916287507 , 0.35188 , 25
33 , 0.25 , 0 , 40 ,12.6056791789 , 0.36724 , 25
33 , 0.5 , 0 ,10 ,17.0527347751 , 0.321 , 25
33 , 0.5 , 0 ,20 ,12.6086390419 , 0.31716 , 25
33 , 0.5 , 0 , 30 ,10.8404287649 , 0.31796 , 25
33 , 0.5 , 0 , 40 ,10.2935924203 , 0.32036 , 25
33 , 0.75 , 0 ,10 ,15.7865034433 , 0.31284 , 25
33 , 0.75 , 0 ,20 ,11.465687012 , 0.31632 , 25
33 , 0.75 , 0 , 30 ,10.2993160723 , 0.31744 , 25
33 , 0.75 , 0 , 40 ,9.71490221984 , 0.31732 , 25
33 , 1 , 0 ,10 ,16.9015988754 , 0.3078 , 25
33 , 1 , 0 ,20 ,12.7826283557 , 0.30692 , 25
33 , 1 , 0 , 30 ,10.6664398151 , 0.30692 , 25
33 , 1 , 0 , 40 ,9.82030876051 , 0.31052 , 25
34 ,  ,  ,  ,  21.9722457734 , 0.333333333333 , 20
34 , 0.1 , 0 ,10 ,16.8512031603 , 0.28825 , 20
34 , 0.1 , 0 ,20 ,12.5224596958 , 0.28355 , 20
34 , 0.1 , 0 , 30 ,10.0333322697 , 0.27795 , 20
34 , 0.1 , 0 , 40 ,8.69317293658 , 0.2785 , 20
34 , 0.25 , 0 ,10 ,12.1370410879 , 0.28305 , 20
34 , 0.25 , 0 ,20 ,8.47468528238 , 0.28215 , 20
34 , 0.25 , 0 , 30 ,7.88694715992 , 0.2848 , 20
34 , 0.25 , 0 , 40 ,7.57130038969 , 0.2837 , 20
34 , 0.5 , 0 ,10 ,9.52268468981 , 0.28185 , 20
34 , 0.5 , 0 ,20 ,7.73552090799 , 0.28145 , 20
34 , 0.5 , 0 , 30 ,7.29252050982 , 0.28515 , 20
34 , 0.5 , 0 , 40 ,7.02858986721 , 0.2876 , 20
34 , 0.75 , 0 ,10 ,9.4908404204 , 0.2829 , 20
34 , 0.75 , 0 ,20 ,7.46927117132 , 0.2785 , 20
34 , 0.75 , 0 , 30 ,6.99349448633 , 0.27925 , 20
34 , 0.75 , 0 , 40 ,6.71584508765 , 0.28735 , 20
34 , 1 , 0 ,10 ,10.3297341654 , 0.28155 , 20
34 , 1 , 0 ,20 ,7.44282298328 , 0.27705 , 20
34 , 1 , 0 , 30 ,6.804512127 , 0.2785 , 20
34 , 1 , 0 , 40 ,6.57648834913 , 0.2797 , 20
35 ,  ,  ,  ,  27.4653072167 , 0.333333333333 , 25
35 , 0.1 , 0 ,10 ,26.42893998 , 0.37108 , 25
35 , 0.1 , 0 ,20 ,25.2317735819 , 0.32108 , 25
35 , 0.1 , 0 , 30 ,23.4923216562 , 0.29072 , 25
35 , 0.1 , 0 , 40 ,21.9258302167 , 0.26724 , 25
35 , 0.25 , 0 ,10 ,24.5624689629 , 0.36704 , 25
35 , 0.25 , 0 ,20 ,21.0299615926 , 0.3304 , 25
35 , 0.25 , 0 , 30 ,18.5189790049 , 0.31236 , 25
35 , 0.25 , 0 , 40 ,16.9330096221 , 0.30332 , 25
35 , 0.5 , 0 ,10 ,21.6242518851 , 0.386 , 25
35 , 0.5 , 0 ,20 ,17.4202732941 , 0.36672 , 25
35 , 0.5 , 0 , 30 ,14.8119293261 , 0.35528 , 25
35 , 0.5 , 0 , 40 ,13.043035097 , 0.35192 , 25
35 , 0.75 , 0 ,10 ,19.4211408566 , 0.39944 , 25
35 , 0.75 , 0 ,20 ,15.2050292084 , 0.39084 , 25
35 , 0.75 , 0 , 30 ,12.8643545775 , 0.38728 , 25
35 , 0.75 , 0 , 40 ,11.3921136327 , 0.38004 , 25
35 , 1 , 0 ,10 ,17.2620653378 , 0.431 , 25
35 , 1 , 0 ,20 ,14.8758493906 , 0.43992 , 25
35 , 1 , 0 , 30 ,13.4459326827 , 0.4566 , 25
35 , 1 , 0 , 40 ,12.5164675813 , 0.4584 , 25
36 ,  ,  ,  ,  27.4653072167 , 0.333333333333 , 25
36 , 0.1 , 0 ,10 ,20.9467564411 , 0.3334 , 25
36 , 0.1 , 0 ,20 ,16.0096452998 , 0.33492 , 25
36 , 0.1 , 0 , 30 ,13.1025199938 , 0.32976 , 25
36 , 0.1 , 0 , 40 ,11.5672105375 , 0.33256 , 25
36 , 0.25 , 0 ,10 ,14.5539026156 , 0.33064 , 25
36 , 0.25 , 0 ,20 ,10.3127810514 , 0.33012 , 25
36 , 0.25 , 0 , 30 ,9.23149494902 , 0.3322 , 25
36 , 0.25 , 0 , 40 ,8.86091172333 , 0.33132 , 25
36 , 0.5 , 0 ,10 ,10.2380863611 , 0.33076 , 25
36 , 0.5 , 0 ,20 ,8.70796003181 , 0.33256 , 25
36 , 0.5 , 0 , 30 ,8.60231527212 , 0.33108 , 25
36 , 0.5 , 0 , 40 ,8.58148901083 , 0.33068 , 25
36 , 0.75 , 0 ,10 ,9.2214913664 , 0.33016 , 25
36 , 0.75 , 0 ,20 ,8.6453847301 , 0.3286 , 25
36 , 0.75 , 0 , 30 ,8.56690399631 , 0.32832 , 25
36 , 0.75 , 0 , 40 ,8.47662248616 , 0.33444 , 25
36 , 1 , 0 ,10 ,9.51467423346 , 0.32944 , 25
36 , 1 , 0 ,20 ,8.71816370053 , 0.33032 , 25
36 , 1 , 0 , 30 ,8.59467149914 , 0.3288 , 25
36 , 1 , 0 , 40 ,8.43211345468 , 0.33172 , 25
37 ,  ,  ,  ,  16.47918433 , 0.333333333333 , 15
37 , 0.1 , 0 ,10 ,16.0664545381 , 0.334066666667 , 15
37 , 0.1 , 0 ,20 ,16.2019010685 , 0.3202 , 15
37 , 0.1 , 0 , 30 ,16.085482306 , 0.315066666667 , 15
37 , 0.1 , 0 , 40 ,15.8244927487 , 0.308933333333 , 15
37 , 0.25 , 0 ,10 ,16.2384922377 , 0.329533333333 , 15
37 , 0.25 , 0 ,20 ,15.8307651207 , 0.308 , 15
37 , 0.25 , 0 , 30 ,14.7993192664 , 0.300933333333 , 15
37 , 0.25 , 0 , 40 ,13.5884489876 , 0.294066666667 , 15
37 , 0.5 , 0 ,10 ,16.0854316997 , 0.321933333333 , 15
37 , 0.5 , 0 ,20 ,14.8631396082 , 0.297266666667 , 15
37 , 0.5 , 0 , 30 ,13.2025767294 , 0.2774 , 15
37 , 0.5 , 0 , 40 ,11.939826269 , 0.282533333333 , 15
37 , 0.75 , 0 ,10 ,15.7207875668 , 0.313666666667 , 15
37 , 0.75 , 0 ,20 ,14.3121758626 , 0.287533333333 , 15
37 , 0.75 , 0 , 30 ,13.3322783934 , 0.278733333333 , 15
37 , 0.75 , 0 , 40 ,12.4580322689 , 0.261533333333 , 15
37 , 1 , 0 ,10 ,15.0941869985 , 0.301266666667 , 15
37 , 1 , 0 ,20 ,13.8610376816 , 0.286 , 15
37 , 1 , 0 , 30 ,13.1852447315 , 0.267933333333 , 15
37 , 1 , 0 , 40 ,12.652560346 , 0.2496 , 15
38 ,  ,  ,  ,  27.4653072167 , 0.333333333333 , 25
38 , 0.1 , 0 ,10 ,25.0676774448 , 0.35436 , 25
38 , 0.1 , 0 ,20 ,23.0730804314 , 0.34608 , 25
38 , 0.1 , 0 , 30 ,21.1714989646 , 0.348 , 25
38 , 0.1 , 0 , 40 ,19.5428901752 , 0.3454 , 25
38 , 0.25 , 0 ,10 ,21.9515427068 , 0.3506 , 25
38 , 0.25 , 0 ,20 ,18.341929618 , 0.34508 , 25
38 , 0.25 , 0 , 30 ,16.560638525 , 0.34472 , 25
38 , 0.25 , 0 , 40 ,15.6858731844 , 0.33388 , 25
38 , 0.5 , 0 ,10 ,18.3198715929 , 0.35028 , 25
38 , 0.5 , 0 ,20 ,14.74809543 , 0.3388 , 25
38 , 0.5 , 0 , 30 ,13.366109968 , 0.33472 , 25
38 , 0.5 , 0 , 40 ,12.6562774625 , 0.33164 , 25
38 , 0.75 , 0 ,10 ,16.0378624117 , 0.35016 , 25
38 , 0.75 , 0 ,20 ,13.0108617595 , 0.33836 , 25
38 , 0.75 , 0 , 30 ,12.3633789703 , 0.3352 , 25
38 , 0.75 , 0 , 40 ,11.9753052218 , 0.33588 , 25
38 , 1 , 0 ,10 ,15.1438290846 , 0.34212 , 25
38 , 1 , 0 ,20 ,12.6121277075 , 0.33904 , 25
38 , 1 , 0 , 30 ,11.8484845351 , 0.33832 , 25
38 , 1 , 0 , 40 ,11.4244378828 , 0.34792 , 25
39 ,  ,  ,  ,  19.775021196 , 0.333333333333 , 18
39 , 0.1 , 0 ,10 ,17.9254047806 , 0.303388888889 , 18
39 , 0.1 , 0 ,20 ,16.4781953653 , 0.294944444444 , 18
39 , 0.1 , 0 , 30 ,15.2660170322 , 0.287222222222 , 18
39 , 0.1 , 0 , 40 ,14.1584575949 , 0.2805 , 18
39 , 0.25 , 0 ,10 ,16.1815106249 , 0.299388888889 , 18
39 , 0.25 , 0 ,20 ,13.6502023767 , 0.286611111111 , 18
39 , 0.25 , 0 , 30 ,12.513524548 , 0.285388888889 , 18
39 , 0.25 , 0 , 40 ,11.9052352393 , 0.275944444444 , 18
39 , 0.5 , 0 ,10 ,13.9005741283 , 0.284777777778 , 18
39 , 0.5 , 0 ,20 ,11.8188681562 , 0.273 , 18
39 , 0.5 , 0 , 30 ,11.0172119463 , 0.271611111111 , 18
39 , 0.5 , 0 , 40 ,10.483323104 , 0.270888888889 , 18
39 , 0.75 , 0 ,10 ,13.3584856137 , 0.282166666667 , 18
39 , 0.75 , 0 ,20 ,11.3752812259 , 0.274722222222 , 18
39 , 0.75 , 0 , 30 ,10.2882712101 , 0.265833333333 , 18
39 , 0.75 , 0 , 40 ,9.78884610505 , 0.270833333333 , 18
39 , 1 , 0 ,10 ,13.3708720931 , 0.292555555556 , 18
39 , 1 , 0 ,20 ,11.8388254549 , 0.291 , 18
39 , 1 , 0 , 30 ,10.9332573351 , 0.297277777778 , 18
39 , 1 , 0 , 40 ,10.3353082668 , 0.294333333333 , 18
40 ,  ,  ,  ,  27.4653072167 , 0.333333333333 , 25
40 , 0.1 , 0 ,10 ,25.5431678197 , 0.33556 , 25
40 , 0.1 , 0 ,20 ,24.8320735607 , 0.33932 , 25
40 , 0.1 , 0 , 30 ,24.1654544009 , 0.34492 , 25
40 , 0.1 , 0 , 40 ,23.4224169713 , 0.34424 , 25
40 , 0.25 , 0 ,10 ,24.9471323194 , 0.34036 , 25
40 , 0.25 , 0 ,20 ,23.5633266047 , 0.34456 , 25
40 , 0.25 , 0 , 30 ,21.8881010446 , 0.34596 , 25
40 , 0.25 , 0 , 40 ,20.725404893 , 0.34596 , 25
40 , 0.5 , 0 ,10 ,24.4059971678 , 0.3394 , 25
40 , 0.5 , 0 ,20 ,22.3875322423 , 0.34868 , 25
40 , 0.5 , 0 , 30 ,20.6158832586 , 0.34752 , 25
40 , 0.5 , 0 , 40 ,19.141050847 , 0.34472 , 25
40 , 0.75 , 0 ,10 ,24.2166308373 , 0.34448 , 25
40 , 0.75 , 0 ,20 ,21.9081351435 , 0.3488 , 25
40 , 0.75 , 0 , 30 ,20.3470073011 , 0.3454 , 25
40 , 0.75 , 0 , 40 ,18.8651618784 , 0.33584 , 25
40 , 1 , 0 ,10 ,23.9815289484 , 0.33988 , 25
40 , 1 , 0 ,20 ,21.9706614054 , 0.3482 , 25
40 , 1 , 0 , 30 ,20.3897682029 , 0.34436 , 25
40 , 1 , 0 , 40 ,18.6570417689 , 0.34448 , 25
41 ,  ,  ,  ,  18.6764089074 , 0.333333333333 , 17
41 , 0.1 , 0 ,10 ,16.1111415104 , 0.354529411765 , 17
41 , 0.1 , 0 ,20 ,13.7810989021 , 0.350823529412 , 17
41 , 0.1 , 0 , 30 ,12.1016337203 , 0.360470588235 , 17
41 , 0.1 , 0 , 40 ,10.9475492418 , 0.368588235294 , 17
41 , 0.25 , 0 ,10 ,14.1254907989 , 0.356764705882 , 17
41 , 0.25 , 0 ,20 ,11.2012034911 , 0.356470588235 , 17
41 , 0.25 , 0 , 30 ,9.84854561121 , 0.363294117647 , 17
41 , 0.25 , 0 , 40 ,9.15566620905 , 0.367764705882 , 17
41 , 0.5 , 0 ,10 ,12.2154743708 , 0.370411764706 , 17
41 , 0.5 , 0 ,20 ,8.6674515094 , 0.356294117647 , 17
41 , 0.5 , 0 , 30 ,6.65609821678 , 0.354764705882 , 17
41 , 0.5 , 0 , 40 ,5.69410716625 , 0.349529411765 , 17
41 , 0.75 , 0 ,10 ,10.259848874 , 0.396058823529 , 17
41 , 0.75 , 0 ,20 ,7.2675615991 , 0.381529411765 , 17
41 , 0.75 , 0 , 30 ,5.98206544483 , 0.370705882353 , 17
41 , 0.75 , 0 , 40 ,5.11118265294 , 0.366882352941 , 17
41 , 1 , 0 ,10 ,8.60382335051 , 0.432705882353 , 17
41 , 1 , 0 ,20 ,5.58000432185 , 0.440352941176 , 17
41 , 1 , 0 , 30 ,4.21526119424 , 0.450529411765 , 17
41 , 1 , 0 , 40 ,3.61752112824 , 0.451235294118 , 17
42 ,  ,  ,  ,  27.4653072167 , 0.333333333333 , 25
42 , 0.1 , 0 ,10 ,24.6456208088 , 0.33164 , 25
42 , 0.1 , 0 ,20 ,22.255370657 , 0.34396 , 25
42 , 0.1 , 0 , 30 ,19.3274206823 , 0.34216 , 25
42 , 0.1 , 0 , 40 ,16.8049865262 , 0.345 , 25
42 , 0.25 , 0 ,10 ,21.1822486455 , 0.334 , 25
42 , 0.25 , 0 ,20 ,15.18248147 , 0.33176 , 25
42 , 0.25 , 0 , 30 ,11.4239371483 , 0.33092 , 25
42 , 0.25 , 0 , 40 ,9.34075935779 , 0.32848 , 25
42 , 0.5 , 0 ,10 ,15.9932824138 , 0.30656 , 25
42 , 0.5 , 0 ,20 ,10.3788442707 , 0.30284 , 25
42 , 0.5 , 0 , 30 ,8.83345240721 , 0.29896 , 25
42 , 0.5 , 0 , 40 ,8.04607028092 , 0.29868 , 25
42 , 0.75 , 0 ,10 ,10.9085960095 , 0.28236 , 25
42 , 0.75 , 0 ,20 ,6.37047251228 , 0.26892 , 25
42 , 0.75 , 0 , 30 ,5.31187047919 , 0.26036 , 25
42 , 0.75 , 0 , 40 ,5.00347540474 , 0.25992 , 25
42 , 1 , 0 ,10 ,8.04565844162 , 0.2764 , 25
42 , 1 , 0 ,20 ,5.45119274843 , 0.261 , 25
42 , 1 , 0 , 30 ,4.97873291405 , 0.26012 , 25
42 , 1 , 0 , 40 ,4.89879329338 , 0.26004 , 25
43 ,  ,  ,  ,  25.2680826394 , 0.333333333333 , 23
43 , 0.1 , 0 ,10 ,24.1154012986 , 0.308913043478 , 23
43 , 0.1 , 0 ,20 ,20.9033555052 , 0.302130434783 , 23
43 , 0.1 , 0 , 30 ,16.8661701942 , 0.301260869565 , 23
43 , 0.1 , 0 , 40 ,13.8191953431 , 0.304869565217 , 23
43 , 0.25 , 0 ,10 ,21.641143815 , 0.265608695652 , 23
43 , 0.25 , 0 ,20 ,17.4070744803 , 0.237652173913 , 23
43 , 0.25 , 0 , 30 ,14.6466908986 , 0.230608695652 , 23
43 , 0.25 , 0 , 40 ,12.558243764 , 0.218739130435 , 23
43 , 0.5 , 0 ,10 ,17.9152154899 , 0.219434782609 , 23
43 , 0.5 , 0 ,20 ,12.1926537653 , 0.176086956522 , 23
43 , 0.5 , 0 , 30 ,8.39174928058 , 0.159086956522 , 23
43 , 0.5 , 0 , 40 ,6.22850659674 , 0.15 , 23
43 , 0.75 , 0 ,10 ,15.8381369839 , 0.223173913043 , 23
43 , 0.75 , 0 ,20 ,11.3206160387 , 0.194608695652 , 23
43 , 0.75 , 0 , 30 ,9.25720909944 , 0.186217391304 , 23
43 , 0.75 , 0 , 40 ,7.91562222066 , 0.171304347826 , 23
43 , 1 , 0 ,10 ,14.4423395564 , 0.258565217391 , 23
43 , 1 , 0 ,20 ,11.4786795639 , 0.261782608696 , 23
43 , 1 , 0 , 30 ,10.0882754982 , 0.269304347826 , 23
43 , 1 , 0 , 40 ,9.27096989074 , 0.269304347826 , 23
44 ,  ,  ,  ,  27.4653072167 , 0.333333333333 , 25
44 , 0.1 , 0 ,10 ,17.7932200778 , 0.33556 , 25
44 , 0.1 , 0 ,20 ,12.6301230424 , 0.34184 , 25
44 , 0.1 , 0 , 30 ,10.585565069 , 0.34712 , 25
44 , 0.1 , 0 , 40 ,9.51354812313 , 0.34792 , 25
44 , 0.25 , 0 ,10 ,12.270971871 , 0.34404 , 25
44 , 0.25 , 0 ,20 ,8.94510647368 , 0.35236 , 25
44 , 0.25 , 0 , 30 ,7.54243092457 , 0.35172 , 25
44 , 0.25 , 0 , 40 ,6.85345347441 , 0.35692 , 25
44 , 0.5 , 0 ,10 ,9.59008765586 , 0.35132 , 25
44 , 0.5 , 0 ,20 ,6.94911438754 , 0.35908 , 25
44 , 0.5 , 0 , 30 ,6.45784918637 , 0.3602 , 25
44 , 0.5 , 0 , 40 ,6.31527669664 , 0.36124 , 25
44 , 0.75 , 0 ,10 ,8.31077299902 , 0.35604 , 25
44 , 0.75 , 0 ,20 ,6.4296625008 , 0.3612 , 25
44 , 0.75 , 0 , 30 ,6.27672914883 , 0.3606 , 25
44 , 0.75 , 0 , 40 ,6.23884588914 , 0.35836 , 25
44 , 1 , 0 ,10 ,8.14529768763 , 0.3568 , 25
44 , 1 , 0 ,20 ,6.35273322981 , 0.35784 , 25
44 , 1 , 0 , 30 ,6.26967367518 , 0.36028 , 25
44 , 1 , 0 , 40 ,6.27095614129 , 0.36104 , 25
45 ,  ,  ,  ,  27.4653072167 , 0.333333333333 , 25
45 , 0.1 , 0 ,10 ,26.0558478681 , 0.36736 , 25
45 , 0.1 , 0 ,20 ,26.2583960185 , 0.3668 , 25
45 , 0.1 , 0 , 30 ,26.3095689788 , 0.36368 , 25
45 , 0.1 , 0 , 40 ,26.2839026606 , 0.3676 , 25
45 , 0.25 , 0 ,10 ,26.2485381591 , 0.36248 , 25
45 , 0.25 , 0 ,20 ,26.1525867041 , 0.37276 , 25
45 , 0.25 , 0 , 30 ,26.1994789677 , 0.36668 , 25
45 , 0.25 , 0 , 40 ,26.0851059131 , 0.36716 , 25
45 , 0.5 , 0 ,10 ,26.1550093597 , 0.37012 , 25
45 , 0.5 , 0 ,20 ,26.0855608308 , 0.37044 , 25
45 , 0.5 , 0 , 30 ,25.955542794 , 0.37248 , 25
45 , 0.5 , 0 , 40 ,25.8169744037 , 0.36884 , 25
45 , 0.75 , 0 ,10 ,26.0660751685 , 0.36528 , 25
45 , 0.75 , 0 ,20 ,25.9348293392 , 0.3636 , 25
45 , 0.75 , 0 , 30 ,25.9608819596 , 0.36568 , 25
45 , 0.75 , 0 , 40 ,25.6349515907 , 0.36872 , 25
45 , 1 , 0 ,10 ,25.9671272313 , 0.37044 , 25
45 , 1 , 0 ,20 ,25.9375104352 , 0.36424 , 25
45 , 1 , 0 , 30 ,25.6906613681 , 0.36504 , 25
45 , 1 , 0 , 40 ,25.3086731843 , 0.36584 , 25
