0 ,  ,  , 27.4653072167 , 0.333333333333 , 25
0 , 0.1 , 10 , 17.558274994 , 0.39128 , 25
0 , 0.1 , 20 , 11.6982627227 , 0.41064 , 25
0 , 0.1 , 30 , 8.77177632854 , 0.41656 , 25
0 , 0.1 , 40 , 7.15097594729 , 0.42272 , 25
0 , 0.25 , 10 , 12.0240811863 , 0.40152 , 25
0 , 0.25 , 20 , 8.32802640625 , 0.40876 , 25
0 , 0.25 , 30 , 7.14642353295 , 0.41552 , 25
0 , 0.25 , 40 , 6.66700759138 , 0.41852 , 25
0 , 0.5 , 10 , 6.75866526579 , 0.4006 , 25
0 , 0.5 , 20 , 3.59930474949 , 0.40784 , 25
0 , 0.5 , 30 , 2.95513814481 , 0.409 , 25
0 , 0.5 , 40 , 2.80960769542 , 0.40984 , 25
0 , 0.75 , 10 , 5.14406593964 , 0.39388 , 25
0 , 0.75 , 20 , 3.80056325959 , 0.39928 , 25
0 , 0.75 , 30 , 3.32414813746 , 0.40288 , 25
0 , 0.75 , 40 , 3.12377160978 , 0.40408 , 25
0 , 1 , 10 , 4.41128162933 , 0.37548 , 25
0 , 1 , 20 , 3.54824384667 , 0.37496 , 25
0 , 1 , 30 , 3.16756587924 , 0.37396 , 25
0 , 1 , 40 , 3.00901207102 , 0.37208 , 25
1 ,  ,  , 27.4653072167 , 0.333333333333 , 25
1 , 0.1 , 10 , 14.5628856314 , 0.5536 , 25
1 , 0.1 , 20 , 7.70986996967 , 0.5966 , 25
1 , 0.1 , 30 , 4.89032154327 , 0.61496 , 25
1 , 0.1 , 40 , 3.7756744039 , 0.62132 , 25
1 , 0.25 , 10 , 10.7121730064 , 0.59868 , 25
1 , 0.25 , 20 , 4.48300449251 , 0.62552 , 25
1 , 0.25 , 30 , 2.81252930637 , 0.628 , 25
1 , 0.25 , 40 , 2.33824629535 , 0.63132 , 25
1 , 0.5 , 10 , 11.1667966461 , 0.62212 , 25
1 , 0.5 , 20 , 6.51068100229 , 0.64896 , 25
1 , 0.5 , 30 , 5.322695011 , 0.65116 , 25
1 , 0.5 , 40 , 4.93176133983 , 0.65324 , 25
1 , 0.75 , 10 , 13.030941626 , 0.61752 , 25
1 , 0.75 , 20 , 8.23869012706 , 0.64776 , 25
1 , 0.75 , 30 , 6.77274379413 , 0.66376 , 25
1 , 0.75 , 40 , 6.09659590467 , 0.67008 , 25
1 , 1 , 10 , 14.9422672259 , 0.58184 , 25
1 , 1 , 20 , 11.5146803738 , 0.60376 , 25
1 , 1 , 30 , 10.0978970067 , 0.61288 , 25
1 , 1 , 40 , 9.24948496108 , 0.6186 , 25
2 ,  ,  , 27.4653072167 , 0.333333333333 , 25
2 , 0.1 , 10 , 22.8503624674 , 0.261 , 25
2 , 0.1 , 20 , 18.7204678375 , 0.23688 , 25
2 , 0.1 , 30 , 14.9109593291 , 0.2186 , 25
2 , 0.1 , 40 , 11.5800491889 , 0.20528 , 25
2 , 0.25 , 10 , 19.6498057091 , 0.25232 , 25
2 , 0.25 , 20 , 13.6336526589 , 0.22016 , 25
2 , 0.25 , 30 , 10.0824802466 , 0.2002 , 25
2 , 0.25 , 40 , 7.70914498416 , 0.1906 , 25
2 , 0.5 , 10 , 20.236091039 , 0.28576 , 25
2 , 0.5 , 20 , 17.3378426866 , 0.27664 , 25
2 , 0.5 , 30 , 15.4921007565 , 0.25388 , 25
2 , 0.5 , 40 , 13.9878739885 , 0.24156 , 25
2 , 0.75 , 10 , 20.9179551327 , 0.3532 , 25
2 , 0.75 , 20 , 16.4825815403 , 0.39264 , 25
2 , 0.75 , 30 , 12.7661394623 , 0.4204 , 25
2 , 0.75 , 40 , 10.115326846 , 0.43492 , 25
2 , 1 , 10 , 19.1981658116 , 0.38508 , 25
2 , 1 , 20 , 12.4256257408 , 0.42028 , 25
2 , 1 , 30 , 9.35952470655 , 0.43404 , 25
2 , 1 , 40 , 7.76034500889 , 0.4324 , 25
3 ,  ,  , 24.1694703507 , 0.333333333333 , 22
3 , 0.1 , 10 , 22.865082519 , 0.370454545455 , 22
3 , 0.1 , 20 , 21.5096060908 , 0.349545454545 , 22
3 , 0.1 , 30 , 20.1533808352 , 0.3475 , 22
3 , 0.1 , 40 , 18.9636763714 , 0.336272727273 , 22
3 , 0.25 , 10 , 20.4041655546 , 0.358863636364 , 22
3 , 0.25 , 20 , 17.7223490902 , 0.338318181818 , 22
3 , 0.25 , 30 , 15.6051200494 , 0.331772727273 , 22
3 , 0.25 , 40 , 13.9147440635 , 0.319863636364 , 22
3 , 0.5 , 10 , 16.9943171596 , 0.347863636364 , 22
3 , 0.5 , 20 , 13.4927788821 , 0.322818181818 , 22
3 , 0.5 , 30 , 11.1355386281 , 0.314954545455 , 22
3 , 0.5 , 40 , 9.55557714914 , 0.307 , 22
3 , 0.75 , 10 , 14.3145552586 , 0.338909090909 , 22
3 , 0.75 , 20 , 10.0388827856 , 0.315954545455 , 22
3 , 0.75 , 30 , 7.84735897056 , 0.301590909091 , 22
3 , 0.75 , 40 , 6.72093131036 , 0.301727272727 , 22
3 , 1 , 10 , 12.0892751558 , 0.340727272727 , 22
3 , 1 , 20 , 8.51193564775 , 0.323318181818 , 22
3 , 1 , 30 , 7.13964348899 , 0.3135 , 22
3 , 1 , 40 , 6.25453985366 , 0.305454545455 , 22
4 ,  ,  , 20.8736334847 , 0.333333333333 , 19
4 , 0.1 , 10 , 19.5162623358 , 0.354421052632 , 19
4 , 0.1 , 20 , 19.1044133965 , 0.360105263158 , 19
4 , 0.1 , 30 , 18.690658913 , 0.362 , 19
4 , 0.1 , 40 , 18.5281934413 , 0.372210526316 , 19
4 , 0.25 , 10 , 18.9486894683 , 0.367894736842 , 19
4 , 0.25 , 20 , 18.4256651386 , 0.368473684211 , 19
4 , 0.25 , 30 , 17.9866074124 , 0.368052631579 , 19
4 , 0.25 , 40 , 17.5942108745 , 0.375052631579 , 19
4 , 0.5 , 10 , 18.5481286655 , 0.359736842105 , 19
4 , 0.5 , 20 , 17.9430479356 , 0.374842105263 , 19
4 , 0.5 , 30 , 17.4771286496 , 0.379052631579 , 19
4 , 0.5 , 40 , 17.0547458258 , 0.380052631579 , 19
4 , 0.75 , 10 , 18.4251299856 , 0.365842105263 , 19
4 , 0.75 , 20 , 18.1065242766 , 0.374631578947 , 19
4 , 0.75 , 30 , 17.7752082965 , 0.373947368421 , 19
4 , 0.75 , 40 , 17.4233932411 , 0.370736842105 , 19
4 , 1 , 10 , 18.462384477 , 0.361210526316 , 19
4 , 1 , 20 , 18.1281182034 , 0.367473684211 , 19
4 , 1 , 30 , 18.0552116052 , 0.359105263158 , 19
4 , 1 , 40 , 17.9360002391 , 0.374631578947 , 19
5 ,  ,  , 27.4653072167 , 0.333333333333 , 25
5 , 0.1 , 10 , 16.9807621461 , 0.37576 , 25
5 , 0.1 , 20 , 10.3848202768 , 0.3896 , 25
5 , 0.1 , 30 , 7.65365139201 , 0.3886 , 25
5 , 0.1 , 40 , 6.16937704964 , 0.39764 , 25
5 , 0.25 , 10 , 11.6641920334 , 0.3928 , 25
5 , 0.25 , 20 , 7.1646738648 , 0.39908 , 25
5 , 0.25 , 30 , 5.60902707034 , 0.40292 , 25
5 , 0.25 , 40 , 4.78100046598 , 0.4018 , 25
5 , 0.5 , 10 , 12.1462225433 , 0.4092 , 25
5 , 0.5 , 20 , 8.93171092657 , 0.4238 , 25
5 , 0.5 , 30 , 7.52897610106 , 0.43748 , 25
5 , 0.5 , 40 , 6.77657572166 , 0.44312 , 25
5 , 0.75 , 10 , 13.3211897085 , 0.3984 , 25
5 , 0.75 , 20 , 9.85747904646 , 0.4168 , 25
5 , 0.75 , 30 , 7.99922449276 , 0.42408 , 25
5 , 0.75 , 40 , 6.9877322065 , 0.4272 , 25
5 , 1 , 10 , 12.2052670835 , 0.35716 , 25
5 , 1 , 20 , 6.6183447211 , 0.36616 , 25
5 , 1 , 30 , 4.26879986178 , 0.36672 , 25
5 , 1 , 40 , 3.33954971609 , 0.3708 , 25
6 ,  ,  , 27.4653072167 , 0.333333333333 , 25
6 , 0.1 , 10 , 23.2219905597 , 0.32208 , 25
6 , 0.1 , 20 , 20.4817955244 , 0.32104 , 25
6 , 0.1 , 30 , 18.391520764 , 0.32252 , 25
6 , 0.1 , 40 , 17.20696939 , 0.32612 , 25
6 , 0.25 , 10 , 19.8052493719 , 0.33036 , 25
6 , 0.25 , 20 , 16.5342382222 , 0.32616 , 25
6 , 0.25 , 30 , 15.1016904348 , 0.32248 , 25
6 , 0.25 , 40 , 14.0596782735 , 0.3206 , 25
6 , 0.5 , 10 , 17.5252745175 , 0.32744 , 25
6 , 0.5 , 20 , 14.1349133721 , 0.3238 , 25
6 , 0.5 , 30 , 12.2995357835 , 0.31124 , 25
6 , 0.5 , 40 , 11.0038343981 , 0.31176 , 25
6 , 0.75 , 10 , 16.3541211275 , 0.32888 , 25
6 , 0.75 , 20 , 12.2561014717 , 0.31696 , 25
6 , 0.75 , 30 , 9.9338715157 , 0.3098 , 25
6 , 0.75 , 40 , 8.24476040992 , 0.30168 , 25
6 , 1 , 10 , 15.5225127798 , 0.32044 , 25
6 , 1 , 20 , 10.1459853756 , 0.30932 , 25
6 , 1 , 30 , 7.74185554555 , 0.29956 , 25
6 , 1 , 40 , 6.48528912827 , 0.29332 , 25
7 ,  ,  , 27.4653072167 , 0.333333333333 , 25
7 , 0.1 , 10 , 23.4381414593 , 0.28772 , 25
7 , 0.1 , 20 , 20.1501835441 , 0.283 , 25
7 , 0.1 , 30 , 17.3927371348 , 0.2674 , 25
7 , 0.1 , 40 , 15.2304947724 , 0.2598 , 25
7 , 0.25 , 10 , 19.884606051 , 0.27152 , 25
7 , 0.25 , 20 , 14.7555599394 , 0.25964 , 25
7 , 0.25 , 30 , 12.0699951793 , 0.25608 , 25
7 , 0.25 , 40 , 10.7800206328 , 0.25736 , 25
7 , 0.5 , 10 , 17.0893928164 , 0.26264 , 25
7 , 0.5 , 20 , 12.1227205647 , 0.25484 , 25
7 , 0.5 , 30 , 10.4514221563 , 0.2564 , 25
7 , 0.5 , 40 , 9.5906478804 , 0.25924 , 25
7 , 0.75 , 10 , 16.3502706085 , 0.26316 , 25
7 , 0.75 , 20 , 12.8727333194 , 0.25552 , 25
7 , 0.75 , 30 , 11.438335554 , 0.26 , 25
7 , 0.75 , 40 , 10.5983069093 , 0.25736 , 25
7 , 1 , 10 , 16.2978982833 , 0.2538 , 25
7 , 1 , 20 , 14.6656303771 , 0.253 , 25
7 , 1 , 30 , 13.8071775915 , 0.25964 , 25
7 , 1 , 40 , 13.0586013618 , 0.25632 , 25
8 ,  ,  , 27.4653072167 , 0.333333333333 , 25
8 , 0.1 , 10 , 11.492126763 , 0.45332 , 25
8 , 0.1 , 20 , 5.28676253153 , 0.47188 , 25
8 , 0.1 , 30 , 3.6616530078 , 0.47644 , 25
8 , 0.1 , 40 , 3.23902046806 , 0.47908 , 25
8 , 0.25 , 10 , 6.53876202655 , 0.47504 , 25
8 , 0.25 , 20 , 3.32731113715 , 0.47912 , 25
8 , 0.25 , 30 , 2.89824788194 , 0.48072 , 25
8 , 0.25 , 40 , 2.76531039041 , 0.477 , 25
8 , 0.5 , 10 , 6.59459330806 , 0.50368 , 25
8 , 0.5 , 20 , 4.55059886617 , 0.51056 , 25
8 , 0.5 , 30 , 4.19450924255 , 0.51416 , 25
8 , 0.5 , 40 , 3.87094081702 , 0.5148 , 25
8 , 0.75 , 10 , 5.13810965472 , 0.51712 , 25
8 , 0.75 , 20 , 2.89480893504 , 0.52104 , 25
8 , 0.75 , 30 , 2.76434522236 , 0.52004 , 25
8 , 0.75 , 40 , 2.74841662257 , 0.51948 , 25
8 , 1 , 10 , 6.41456359647 , 0.5162 , 25
8 , 1 , 20 , 3.90459019515 , 0.5204 , 25
8 , 1 , 30 , 3.23331058056 , 0.52036 , 25
8 , 1 , 40 , 3.0302581969 , 0.51936 , 25
9 ,  ,  , 19.775021196 , 0.333333333333 , 18
9 , 0.1 , 10 , 13.4490410047 , 0.389111111111 , 18
9 , 0.1 , 20 , 9.84731703475 , 0.412833333333 , 18
9 , 0.1 , 30 , 8.62511419565 , 0.416944444444 , 18
9 , 0.1 , 40 , 8.01370065421 , 0.421 , 18
9 , 0.25 , 10 , 9.95826473146 , 0.416222222222 , 18
9 , 0.25 , 20 , 7.96289812402 , 0.420166666667 , 18
9 , 0.25 , 30 , 7.58632447025 , 0.416888888889 , 18
9 , 0.25 , 40 , 7.43870258123 , 0.424166666667 , 18
9 , 0.5 , 10 , 8.84109576008 , 0.418555555556 , 18
9 , 0.5 , 20 , 7.38785292017 , 0.416722222222 , 18
9 , 0.5 , 30 , 7.17770245933 , 0.420722222222 , 18
9 , 0.5 , 40 , 7.02559904469 , 0.419722222222 , 18
9 , 0.75 , 10 , 9.03344781358 , 0.418388888889 , 18
9 , 0.75 , 20 , 7.28548208488 , 0.418666666667 , 18
9 , 0.75 , 30 , 7.03866474898 , 0.4155 , 18
9 , 0.75 , 40 , 6.91779077591 , 0.417166666667 , 18
9 , 1 , 10 , 10.4407081288 , 0.419055555556 , 18
9 , 1 , 20 , 8.32269489348 , 0.419777777778 , 18
9 , 1 , 30 , 7.50759414337 , 0.420111111111 , 18
9 , 1 , 40 , 7.12451017773 , 0.413777777778 , 18
10 ,  ,  , 27.4653072167 , 0.333333333333 , 25
10 , 0.1 , 10 , 14.4866091681 , 0.42836 , 25
10 , 0.1 , 20 , 9.00652344874 , 0.43292 , 25
10 , 0.1 , 30 , 6.20583420367 , 0.43372 , 25
10 , 0.1 , 40 , 4.69374644352 , 0.4382 , 25
10 , 0.25 , 10 , 9.05902579438 , 0.43988 , 25
10 , 0.25 , 20 , 4.60070562282 , 0.44068 , 25
10 , 0.25 , 30 , 3.41283725479 , 0.43936 , 25
10 , 0.25 , 40 , 3.14535155692 , 0.43864 , 25
10 , 0.5 , 10 , 6.70299845496 , 0.44136 , 25
10 , 0.5 , 20 , 3.67149900321 , 0.43856 , 25
10 , 0.5 , 30 , 3.21995422164 , 0.43876 , 25
10 , 0.5 , 40 , 3.13717322314 , 0.43936 , 25
10 , 0.75 , 10 , 6.39256669538 , 0.43528 , 25
10 , 0.75 , 20 , 3.98696894198 , 0.43968 , 25
10 , 0.75 , 30 , 3.30608669865 , 0.44048 , 25
10 , 0.75 , 40 , 3.21224753063 , 0.43888 , 25
10 , 1 , 10 , 6.50111863839 , 0.4296 , 25
10 , 1 , 20 , 4.5154301301 , 0.43496 , 25
10 , 1 , 30 , 3.86694853629 , 0.43816 , 25
10 , 1 , 40 , 3.55861284045 , 0.44044 , 25
11 ,  ,  , 27.4653072167 , 0.333333333333 , 25
11 , 0.1 , 10 , 13.5551119391 , 0.40964 , 25
11 , 0.1 , 20 , 7.20086990504 , 0.4088 , 25
11 , 0.1 , 30 , 4.77618007273 , 0.40176 , 25
11 , 0.1 , 40 , 3.7603394406 , 0.4028 , 25
11 , 0.25 , 10 , 7.0748962085 , 0.40548 , 25
11 , 0.25 , 20 , 3.44911281688 , 0.39932 , 25
11 , 0.25 , 30 , 2.96976384713 , 0.39924 , 25
11 , 0.25 , 40 , 2.84128645546 , 0.39864 , 25
11 , 0.5 , 10 , 5.22026420426 , 0.39624 , 25
11 , 0.5 , 20 , 3.13673503141 , 0.39984 , 25
11 , 0.5 , 30 , 2.83732947816 , 0.40096 , 25
11 , 0.5 , 40 , 2.81037657782 , 0.40116 , 25
11 , 0.75 , 10 , 5.82140907753 , 0.39468 , 25
11 , 0.75 , 20 , 3.24608111301 , 0.39608 , 25
11 , 0.75 , 30 , 2.88205779248 , 0.40028 , 25
11 , 0.75 , 40 , 2.81161169232 , 0.40024 , 25
11 , 1 , 10 , 8.08082671822 , 0.39384 , 25
11 , 1 , 20 , 5.14832384142 , 0.39656 , 25
11 , 1 , 30 , 4.03241412408 , 0.39908 , 25
11 , 1 , 40 , 3.32086883655 , 0.3976 , 25
12 ,  ,  , 27.4653072167 , 0.333333333333 , 25
12 , 0.1 , 10 , 22.9436233086 , 0.33888 , 25
12 , 0.1 , 20 , 19.5883759354 , 0.34072 , 25
12 , 0.1 , 30 , 16.7844271592 , 0.3456 , 25
12 , 0.1 , 40 , 14.3884228856 , 0.34804 , 25
12 , 0.25 , 10 , 20.0604645136 , 0.34596 , 25
12 , 0.25 , 20 , 15.2972802428 , 0.3484 , 25
12 , 0.25 , 30 , 11.8732654636 , 0.35788 , 25
12 , 0.25 , 40 , 9.41305661841 , 0.36892 , 25
12 , 0.5 , 10 , 17.808319656 , 0.337 , 25
12 , 0.5 , 20 , 13.0351082239 , 0.35088 , 25
12 , 0.5 , 30 , 10.7031544624 , 0.36044 , 25
12 , 0.5 , 40 , 9.36728748453 , 0.36628 , 25
12 , 0.75 , 10 , 16.13775715 , 0.33848 , 25
12 , 0.75 , 20 , 12.3225025416 , 0.34176 , 25
12 , 0.75 , 30 , 10.7519777325 , 0.34456 , 25
12 , 0.75 , 40 , 9.92683046297 , 0.34632 , 25
12 , 1 , 10 , 14.9311170937 , 0.32832 , 25
12 , 1 , 20 , 11.2976901189 , 0.32416 , 25
12 , 1 , 30 , 9.70432262449 , 0.32448 , 25
12 , 1 , 40 , 8.55472119786 , 0.3256 , 25
13 ,  ,  , 17.5777966187 , 0.333333333333 , 16
13 , 0.1 , 10 , 7.69593974507 , 0.823375 , 16
13 , 0.1 , 20 , 4.8985471818 , 0.89 , 16
13 , 0.1 , 30 , 3.61160845629 , 0.9145625 , 16
13 , 0.1 , 40 , 2.7523780965 , 0.9303125 , 16
13 , 0.25 , 10 , 5.19558808923 , 0.8806875 , 16
13 , 0.25 , 20 , 3.15839288049 , 0.9245625 , 16
13 , 0.25 , 30 , 2.47119753159 , 0.9339375 , 16
13 , 0.25 , 40 , 2.21753268359 , 0.9355625 , 16
13 , 0.5 , 10 , 4.6864443831 , 0.8859375 , 16
13 , 0.5 , 20 , 3.45568019679 , 0.913625 , 16
13 , 0.5 , 30 , 2.74945037094 , 0.9275 , 16
13 , 0.5 , 40 , 2.4256165717 , 0.9358125 , 16
13 , 0.75 , 10 , 5.21716290285 , 0.86625 , 16
13 , 0.75 , 20 , 4.16321893134 , 0.894875 , 16
13 , 0.75 , 30 , 3.62381526323 , 0.908625 , 16
13 , 0.75 , 40 , 3.15231774111 , 0.920375 , 16
13 , 1 , 10 , 6.0060848681 , 0.839875 , 16
13 , 1 , 20 , 5.37723174342 , 0.860375 , 16
13 , 1 , 30 , 4.69865179617 , 0.8850625 , 16
13 , 1 , 40 , 4.33337431421 , 0.895375 , 16
14 ,  ,  , 16.47918433 , 0.333333333333 , 15
14 , 0.1 , 10 , 15.1370471534 , 0.3434 , 15
14 , 0.1 , 20 , 14.2414120923 , 0.3484 , 15
14 , 0.1 , 30 , 13.4592290965 , 0.3514 , 15
14 , 0.1 , 40 , 12.5369456896 , 0.344666666667 , 15
14 , 0.25 , 10 , 14.0513381713 , 0.347866666667 , 15
14 , 0.25 , 20 , 11.6918079746 , 0.345666666667 , 15
14 , 0.25 , 30 , 10.0628347413 , 0.342733333333 , 15
14 , 0.25 , 40 , 8.82769141382 , 0.339333333333 , 15
14 , 0.5 , 10 , 11.8902823756 , 0.343133333333 , 15
14 , 0.5 , 20 , 8.55229555764 , 0.341466666667 , 15
14 , 0.5 , 30 , 7.16391496043 , 0.3302 , 15
14 , 0.5 , 40 , 6.17485053579 , 0.3314 , 15
14 , 0.75 , 10 , 10.2637110172 , 0.339133333333 , 15
14 , 0.75 , 20 , 7.14372667701 , 0.3372 , 15
14 , 0.75 , 30 , 6.00461342165 , 0.326466666667 , 15
14 , 0.75 , 40 , 5.56907251567 , 0.3234 , 15
14 , 1 , 10 , 8.67429990163 , 0.337666666667 , 15
14 , 1 , 20 , 6.16673860416 , 0.335533333333 , 15
14 , 1 , 30 , 5.49830577875 , 0.3306 , 15
14 , 1 , 40 , 5.33358736453 , 0.325333333333 , 15
15 ,  ,  , 23.070858062 , 0.333333333333 , 21
15 , 0.1 , 10 , 21.8762295757 , 0.411428571429 , 21
15 , 0.1 , 20 , 21.6406727302 , 0.407714285714 , 21
15 , 0.1 , 30 , 21.2079709225 , 0.407761904762 , 21
15 , 0.1 , 40 , 20.9169108502 , 0.408619047619 , 21
15 , 0.25 , 10 , 21.4195818707 , 0.40880952381 , 21
15 , 0.25 , 20 , 20.8090124214 , 0.407857142857 , 21
15 , 0.25 , 30 , 20.4662035957 , 0.41780952381 , 21
15 , 0.25 , 40 , 20.2170829021 , 0.418619047619 , 21
15 , 0.5 , 10 , 20.8248325884 , 0.409 , 21
15 , 0.5 , 20 , 20.0683494189 , 0.420666666667 , 21
15 , 0.5 , 30 , 19.6586865894 , 0.424761904762 , 21
15 , 0.5 , 40 , 19.5366779878 , 0.42680952381 , 21
15 , 0.75 , 10 , 20.3959178831 , 0.415047619048 , 21
15 , 0.75 , 20 , 19.8550137411 , 0.417857142857 , 21
15 , 0.75 , 30 , 19.5357859696 , 0.423333333333 , 21
15 , 0.75 , 40 , 19.264240887 , 0.429095238095 , 21
15 , 1 , 10 , 20.3132435948 , 0.416238095238 , 21
15 , 1 , 20 , 19.7445812871 , 0.423714285714 , 21
15 , 1 , 30 , 19.5287617374 , 0.422952380952 , 21
15 , 1 , 40 , 19.295529292 , 0.427333333333 , 21
16 ,  ,  , 21.9722457734 , 0.333333333333 , 20
16 , 0.1 , 10 , 17.7452507641 , 0.3339 , 20
16 , 0.1 , 20 , 14.4605487149 , 0.3334 , 20
16 , 0.1 , 30 , 12.0344716077 , 0.3367 , 20
16 , 0.1 , 40 , 10.3376998497 , 0.33695 , 20
16 , 0.25 , 10 , 13.5073169584 , 0.32665 , 20
16 , 0.25 , 20 , 9.92880163206 , 0.3337 , 20
16 , 0.25 , 30 , 8.64176638343 , 0.34645 , 20
16 , 0.25 , 40 , 7.83385443674 , 0.34825 , 20
16 , 0.5 , 10 , 10.6275212049 , 0.32 , 20
16 , 0.5 , 20 , 8.72615977667 , 0.32785 , 20
16 , 0.5 , 30 , 7.43821926072 , 0.33105 , 20
16 , 0.5 , 40 , 6.62404161371 , 0.33305 , 20
16 , 0.75 , 10 , 9.87230630223 , 0.29925 , 20
16 , 0.75 , 20 , 7.92010904651 , 0.3093 , 20
16 , 0.75 , 30 , 6.52469318227 , 0.31805 , 20
16 , 0.75 , 40 , 5.86058580084 , 0.31355 , 20
16 , 1 , 10 , 9.14587033415 , 0.2775 , 20
16 , 1 , 20 , 7.07406479318 , 0.27435 , 20
16 , 1 , 30 , 5.69389418934 , 0.27325 , 20
16 , 1 , 40 , 5.04889807392 , 0.2688 , 20
17 ,  ,  , 27.4653072167 , 0.333333333333 , 25
17 , 0.1 , 10 , 10.5865917864 , 0.68832 , 25
17 , 0.1 , 20 , 5.21617494018 , 0.74024 , 25
17 , 0.1 , 30 , 3.41067224744 , 0.75144 , 25
17 , 0.1 , 40 , 2.55110991466 , 0.7582 , 25
17 , 0.25 , 10 , 4.972162353 , 0.74116 , 25
17 , 0.25 , 20 , 2.44659511252 , 0.75868 , 25
17 , 0.25 , 30 , 2.09471803131 , 0.7602 , 25
17 , 0.25 , 40 , 2.05478483969 , 0.76144 , 25
17 , 0.5 , 10 , 3.09285864207 , 0.75312 , 25
17 , 0.5 , 20 , 2.15468430526 , 0.75908 , 25
17 , 0.5 , 30 , 2.08005686941 , 0.76088 , 25
17 , 0.5 , 40 , 2.08685093714 , 0.76016 , 25
17 , 0.75 , 10 , 3.2092301299 , 0.75164 , 25
17 , 0.75 , 20 , 2.1766817875 , 0.76084 , 25
17 , 0.75 , 30 , 2.10886845191 , 0.7596 , 25
17 , 0.75 , 40 , 2.06071958812 , 0.76164 , 25
17 , 1 , 10 , 4.04856234249 , 0.74608 , 25
17 , 1 , 20 , 2.39508247334 , 0.75668 , 25
17 , 1 , 30 , 2.12196232308 , 0.7598 , 25
17 , 1 , 40 , 2.09341618845 , 0.75976 , 25
18 ,  ,  , 17.5777966187 , 0.333333333333 , 16
18 , 0.1 , 10 , 16.5735493511 , 0.3255 , 16
18 , 0.1 , 20 , 15.0381184515 , 0.302875 , 16
18 , 0.1 , 30 , 13.0358473434 , 0.28875 , 16
18 , 0.1 , 40 , 11.3201277801 , 0.2836875 , 16
18 , 0.25 , 10 , 14.0122676616 , 0.29375 , 16
18 , 0.25 , 20 , 10.2624865546 , 0.2860625 , 16
18 , 0.25 , 30 , 8.53220587458 , 0.2799375 , 16
18 , 0.25 , 40 , 7.70478442276 , 0.286875 , 16
18 , 0.5 , 10 , 11.0570459225 , 0.2818125 , 16
18 , 0.5 , 20 , 8.9623001171 , 0.2833125 , 16
18 , 0.5 , 30 , 8.16544508814 , 0.2850625 , 16
18 , 0.5 , 40 , 7.61957134838 , 0.277125 , 16
18 , 0.75 , 10 , 10.5181232728 , 0.2855 , 16
18 , 0.75 , 20 , 9.94918498603 , 0.2814375 , 16
18 , 0.75 , 30 , 9.72916196099 , 0.2871875 , 16
18 , 0.75 , 40 , 9.52601309801 , 0.2880625 , 16
18 , 1 , 10 , 10.7056117102 , 0.315 , 16
18 , 1 , 20 , 10.3620945265 , 0.31 , 16
18 , 1 , 30 , 9.97914953713 , 0.313875 , 16
18 , 1 , 40 , 9.62610419977 , 0.3155625 , 16
19 ,  ,  , 27.4653072167 , 0.333333333333 , 25
19 , 0.1 , 10 , 9.09164582319 , 0.46048 , 25
19 , 0.1 , 20 , 4.14012179929 , 0.46936 , 25
19 , 0.1 , 30 , 2.85302508211 , 0.4692 , 25
19 , 0.1 , 40 , 2.39267939483 , 0.47032 , 25
19 , 0.25 , 10 , 4.32383568029 , 0.46712 , 25
19 , 0.25 , 20 , 2.2617212736 , 0.46936 , 25
19 , 0.25 , 30 , 2.12944756204 , 0.46956 , 25
19 , 0.25 , 40 , 2.07750496159 , 0.46988 , 25
19 , 0.5 , 10 , 3.9421462177 , 0.46876 , 25
19 , 0.5 , 20 , 2.71111827888 , 0.47 , 25
19 , 0.5 , 30 , 2.33417548655 , 0.47024 , 25
19 , 0.5 , 40 , 2.14357116497 , 0.47068 , 25
19 , 0.75 , 10 , 4.14966223183 , 0.468 , 25
19 , 0.75 , 20 , 2.76236672565 , 0.46844 , 25
19 , 0.75 , 30 , 2.25931975989 , 0.4698 , 25
19 , 0.75 , 40 , 2.12324289808 , 0.47216 , 25
19 , 1 , 10 , 3.20282052659 , 0.45428 , 25
19 , 1 , 20 , 2.6990992333 , 0.45844 , 25
19 , 1 , 30 , 2.54556406979 , 0.46176 , 25
19 , 1 , 40 , 2.39735817913 , 0.46644 , 25
20 ,  ,  , 27.4653072167 , 0.333333333333 , 25
20 , 0.1 , 10 , 20.7202242844 , 0.40992 , 25
20 , 0.1 , 20 , 16.2178937857 , 0.42212 , 25
20 , 0.1 , 30 , 13.4261011573 , 0.43548 , 25
20 , 0.1 , 40 , 11.7036418671 , 0.44432 , 25
20 , 0.25 , 10 , 16.2946876029 , 0.43052 , 25
20 , 0.25 , 20 , 11.2027719942 , 0.44896 , 25
20 , 0.25 , 30 , 8.88179549756 , 0.45604 , 25
20 , 0.25 , 40 , 7.56230738353 , 0.4564 , 25
20 , 0.5 , 10 , 14.1483425243 , 0.45584 , 25
20 , 0.5 , 20 , 9.41185318528 , 0.46388 , 25
20 , 0.5 , 30 , 7.21096316034 , 0.46144 , 25
20 , 0.5 , 40 , 5.94950900207 , 0.46096 , 25
20 , 0.75 , 10 , 13.9453449096 , 0.49648 , 25
20 , 0.75 , 20 , 11.2490498764 , 0.50932 , 25
20 , 0.75 , 30 , 9.70282293884 , 0.5136 , 25
20 , 0.75 , 40 , 8.76068309874 , 0.52156 , 25
20 , 1 , 10 , 11.719702487 , 0.53848 , 25
20 , 1 , 20 , 8.26127138699 , 0.55064 , 25
20 , 1 , 30 , 7.13073857836 , 0.54776 , 25
20 , 1 , 40 , 6.56629451108 , 0.54316 , 25
21 ,  ,  , 27.4653072167 , 0.333333333333 , 25
21 , 0.1 , 10 , 18.6459477377 , 0.35924 , 25
21 , 0.1 , 20 , 13.010119177 , 0.36832 , 25
21 , 0.1 , 30 , 9.99721542571 , 0.37216 , 25
21 , 0.1 , 40 , 8.85522511345 , 0.37232 , 25
21 , 0.25 , 10 , 12.9090293741 , 0.36456 , 25
21 , 0.25 , 20 , 8.51563963596 , 0.37048 , 25
21 , 0.25 , 30 , 6.86602077779 , 0.37632 , 25
21 , 0.25 , 40 , 6.11080415684 , 0.38032 , 25
21 , 0.5 , 10 , 11.1062587039 , 0.33836 , 25
21 , 0.5 , 20 , 7.62401535666 , 0.35092 , 25
21 , 0.5 , 30 , 6.53241314263 , 0.35692 , 25
21 , 0.5 , 40 , 5.91283346372 , 0.36488 , 25
21 , 0.75 , 10 , 11.911900374 , 0.31636 , 25
21 , 0.75 , 20 , 9.77018632799 , 0.31296 , 25
21 , 0.75 , 30 , 8.66773278556 , 0.31152 , 25
21 , 0.75 , 40 , 7.92138979664 , 0.31056 , 25
21 , 1 , 10 , 8.8178671798 , 0.31184 , 25
21 , 1 , 20 , 5.9984791147 , 0.30632 , 25
21 , 1 , 30 , 4.88743756694 , 0.2998 , 25
21 , 1 , 40 , 4.33949263292 , 0.2946 , 25
22 ,  ,  , 27.4653072167 , 0.333333333333 , 25
22 , 0.1 , 10 , 24.487439723 , 0.33104 , 25
22 , 0.1 , 20 , 22.4589439747 , 0.33208 , 25
22 , 0.1 , 30 , 21.0447879556 , 0.3328 , 25
22 , 0.1 , 40 , 19.8122882438 , 0.33896 , 25
22 , 0.25 , 10 , 22.5160870846 , 0.33104 , 25
22 , 0.25 , 20 , 19.8662730959 , 0.34044 , 25
22 , 0.25 , 30 , 17.8678242207 , 0.34948 , 25
22 , 0.25 , 40 , 16.2078180874 , 0.34808 , 25
22 , 0.5 , 10 , 21.2454618134 , 0.34056 , 25
22 , 0.5 , 20 , 18.5662664979 , 0.35092 , 25
22 , 0.5 , 30 , 16.1734570092 , 0.35724 , 25
22 , 0.5 , 40 , 14.502055023 , 0.35688 , 25
22 , 0.75 , 10 , 21.0592697311 , 0.34716 , 25
22 , 0.75 , 20 , 18.4084836106 , 0.35904 , 25
22 , 0.75 , 30 , 16.5243808884 , 0.36248 , 25
22 , 0.75 , 40 , 15.1278951684 , 0.36496 , 25
22 , 1 , 10 , 21.3359326814 , 0.35588 , 25
22 , 1 , 20 , 18.7426186204 , 0.36804 , 25
22 , 1 , 30 , 17.1725101142 , 0.37344 , 25
22 , 1 , 40 , 16.3030113693 , 0.37644 , 25
23 ,  ,  , 17.5777966187 , 0.333333333333 , 16
23 , 0.1 , 10 , 15.4614530347 , 0.41875 , 16
23 , 0.1 , 20 , 14.1068854943 , 0.4345 , 16
23 , 0.1 , 30 , 12.9621856391 , 0.4530625 , 16
23 , 0.1 , 40 , 12.1359180105 , 0.4489375 , 16
23 , 0.25 , 10 , 13.6706736159 , 0.442125 , 16
23 , 0.25 , 20 , 11.7151226826 , 0.45475 , 16
23 , 0.25 , 30 , 10.926983066 , 0.451 , 16
23 , 0.25 , 40 , 10.4817776031 , 0.44725 , 16
23 , 0.5 , 10 , 12.061685291 , 0.4513125 , 16
23 , 0.5 , 20 , 10.6299586449 , 0.449125 , 16
23 , 0.5 , 30 , 9.93662533273 , 0.4525 , 16
23 , 0.5 , 40 , 9.39644160561 , 0.4494375 , 16
23 , 0.75 , 10 , 11.7128097692 , 0.4494375 , 16
23 , 0.75 , 20 , 10.1448448654 , 0.4635625 , 16
23 , 0.75 , 30 , 9.38727440554 , 0.46325 , 16
23 , 0.75 , 40 , 8.82637813491 , 0.4655625 , 16
23 , 1 , 10 , 12.1741618531 , 0.4346875 , 16
23 , 1 , 20 , 10.3065167691 , 0.4641875 , 16
23 , 1 , 30 , 9.17250920172 , 0.4670625 , 16
23 , 1 , 40 , 8.53046435888 , 0.4773125 , 16
24 ,  ,  , 23.070858062 , 0.333333333333 , 21
24 , 0.1 , 10 , 20.4285659792 , 0.358523809524 , 21
24 , 0.1 , 20 , 18.8431825885 , 0.363095238095 , 21
24 , 0.1 , 30 , 17.7733317716 , 0.367476190476 , 21
24 , 0.1 , 40 , 17.0982454635 , 0.371380952381 , 21
24 , 0.25 , 10 , 18.6322235096 , 0.358857142857 , 21
24 , 0.25 , 20 , 16.925630043 , 0.37180952381 , 21
24 , 0.25 , 30 , 16.0480432069 , 0.394714285714 , 21
24 , 0.25 , 40 , 14.9230051699 , 0.396428571429 , 21
24 , 0.5 , 10 , 17.5850433424 , 0.372095238095 , 21
24 , 0.5 , 20 , 15.8455727974 , 0.392476190476 , 21
24 , 0.5 , 30 , 14.4449957459 , 0.411857142857 , 21
24 , 0.5 , 40 , 13.6069951197 , 0.420142857143 , 21
24 , 0.75 , 10 , 17.3284513121 , 0.37619047619 , 21
24 , 0.75 , 20 , 15.3736340612 , 0.406666666667 , 21
24 , 0.75 , 30 , 13.8395261956 , 0.422380952381 , 21
24 , 0.75 , 40 , 12.5583856822 , 0.432857142857 , 21
24 , 1 , 10 , 17.0921064131 , 0.391095238095 , 21
24 , 1 , 20 , 15.1471937998 , 0.404333333333 , 21
24 , 1 , 30 , 13.5757090983 , 0.422714285714 , 21
24 , 1 , 40 , 12.0894856077 , 0.433714285714 , 21
25 ,  ,  , 27.4653072167 , 0.333333333333 , 25
25 , 0.1 , 10 , 25.0077329602 , 0.34948 , 25
25 , 0.1 , 20 , 23.5874077466 , 0.365 , 25
25 , 0.1 , 30 , 21.8506259754 , 0.36936 , 25
25 , 0.1 , 40 , 20.0962278921 , 0.37732 , 25
25 , 0.25 , 10 , 24.1387642091 , 0.36312 , 25
25 , 0.25 , 20 , 21.5501416447 , 0.38232 , 25
25 , 0.25 , 30 , 19.1617248107 , 0.39704 , 25
25 , 0.25 , 40 , 17.0434684662 , 0.4074 , 25
25 , 0.5 , 10 , 23.7794458898 , 0.38236 , 25
25 , 0.5 , 20 , 21.1413168791 , 0.40312 , 25
25 , 0.5 , 30 , 18.7900283503 , 0.42508 , 25
25 , 0.5 , 40 , 16.7028093652 , 0.44496 , 25
25 , 0.75 , 10 , 23.8021575566 , 0.38136 , 25
25 , 0.75 , 20 , 21.0317231064 , 0.4094 , 25
25 , 0.75 , 30 , 18.796206104 , 0.43012 , 25
25 , 0.75 , 40 , 16.7832163485 , 0.4482 , 25
25 , 1 , 10 , 23.4670753432 , 0.37608 , 25
25 , 1 , 20 , 20.6009861158 , 0.39664 , 25
25 , 1 , 30 , 17.9595036152 , 0.41384 , 25
25 , 1 , 40 , 16.14097187 , 0.42052 , 25
26 ,  ,  , 20.8736334847 , 0.333333333333 , 19
26 , 0.1 , 10 , 18.9449373058 , 0.385210526316 , 19
26 , 0.1 , 20 , 17.4339089021 , 0.397263157895 , 19
26 , 0.1 , 30 , 16.4077815102 , 0.407631578947 , 19
26 , 0.1 , 40 , 15.2956620845 , 0.421368421053 , 19
26 , 0.25 , 10 , 17.6261437753 , 0.403421052632 , 19
26 , 0.25 , 20 , 15.5196261216 , 0.422105263158 , 19
26 , 0.25 , 30 , 14.2074637379 , 0.437736842105 , 19
26 , 0.25 , 40 , 13.3905537883 , 0.446842105263 , 19
26 , 0.5 , 10 , 16.6383312566 , 0.422105263158 , 19
26 , 0.5 , 20 , 14.8126433446 , 0.437263157895 , 19
26 , 0.5 , 30 , 13.6421588672 , 0.451368421053 , 19
26 , 0.5 , 40 , 12.7181283121 , 0.452 , 19
26 , 0.75 , 10 , 16.7263334164 , 0.421105263158 , 19
26 , 0.75 , 20 , 15.5000349321 , 0.430157894737 , 19
26 , 0.75 , 30 , 14.2401110896 , 0.444842105263 , 19
26 , 0.75 , 40 , 13.0168367939 , 0.451947368421 , 19
26 , 1 , 10 , 16.3073862465 , 0.391789473684 , 19
26 , 1 , 20 , 14.7179561906 , 0.381631578947 , 19
26 , 1 , 30 , 13.1331428751 , 0.369157894737 , 19
26 , 1 , 40 , 11.8965597943 , 0.360368421053 , 19
27 ,  ,  , 27.4653072167 , 0.333333333333 , 25
27 , 0.1 , 10 , 21.4795948563 , 0.4646 , 25
27 , 0.1 , 20 , 18.971997385 , 0.47952 , 25
27 , 0.1 , 30 , 17.9823227776 , 0.47596 , 25
27 , 0.1 , 40 , 17.4054728231 , 0.4704 , 25
27 , 0.25 , 10 , 18.5800277318 , 0.48916 , 25
27 , 0.25 , 20 , 16.8554052448 , 0.4814 , 25
27 , 0.25 , 30 , 16.0050912388 , 0.472 , 25
27 , 0.25 , 40 , 15.2369642715 , 0.47168 , 25
27 , 0.5 , 10 , 17.2771167675 , 0.48364 , 25
27 , 0.5 , 20 , 15.7185386533 , 0.47728 , 25
27 , 0.5 , 30 , 14.8479369569 , 0.4672 , 25
27 , 0.5 , 40 , 14.1411381211 , 0.4642 , 25
27 , 0.75 , 10 , 17.407838838 , 0.48208 , 25
27 , 0.75 , 20 , 15.5475399034 , 0.47364 , 25
27 , 0.75 , 30 , 14.2083139449 , 0.47196 , 25
27 , 0.75 , 40 , 13.0365413371 , 0.46344 , 25
27 , 1 , 10 , 17.8121884287 , 0.47312 , 25
27 , 1 , 20 , 16.0414101721 , 0.47024 , 25
27 , 1 , 30 , 14.2166053473 , 0.47644 , 25
27 , 1 , 40 , 12.728541468 , 0.47084 , 25
28 ,  ,  , 27.4653072167 , 0.333333333333 , 25
28 , 0.1 , 10 , 22.2110210729 , 0.3868 , 25
28 , 0.1 , 20 , 18.2294569388 , 0.38992 , 25
28 , 0.1 , 30 , 14.711388303 , 0.3902 , 25
28 , 0.1 , 40 , 12.3098450547 , 0.38732 , 25
28 , 0.25 , 10 , 18.6599700333 , 0.39452 , 25
28 , 0.25 , 20 , 12.1963167729 , 0.38892 , 25
28 , 0.25 , 30 , 8.50351496557 , 0.38884 , 25
28 , 0.25 , 40 , 6.47581891071 , 0.38904 , 25
28 , 0.5 , 10 , 15.7903135188 , 0.39876 , 25
28 , 0.5 , 20 , 10.0866132324 , 0.3886 , 25
28 , 0.5 , 30 , 7.32375845955 , 0.38436 , 25
28 , 0.5 , 40 , 6.10279884517 , 0.38148 , 25
28 , 0.75 , 10 , 14.996116637 , 0.39716 , 25
28 , 0.75 , 20 , 10.1610024996 , 0.38284 , 25
28 , 0.75 , 30 , 7.82821935203 , 0.37236 , 25
28 , 0.75 , 40 , 7.00832506866 , 0.37052 , 25
28 , 1 , 10 , 14.3153011936 , 0.39772 , 25
28 , 1 , 20 , 9.81269768191 , 0.38676 , 25
28 , 1 , 30 , 7.65297097531 , 0.3792 , 25
28 , 1 , 40 , 6.44870173357 , 0.37128 , 25
29 ,  ,  , 16.47918433 , 0.333333333333 , 15
29 , 0.1 , 10 , 14.9076992901 , 0.362733333333 , 15
29 , 0.1 , 20 , 14.1857397542 , 0.360933333333 , 15
29 , 0.1 , 30 , 13.2130236022 , 0.369066666667 , 15
29 , 0.1 , 40 , 12.3956137946 , 0.375666666667 , 15
29 , 0.25 , 10 , 14.005136134 , 0.369866666667 , 15
29 , 0.25 , 20 , 11.9779881998 , 0.381666666667 , 15
29 , 0.25 , 30 , 10.4205043943 , 0.3856 , 15
29 , 0.25 , 40 , 9.03176296607 , 0.386 , 15
29 , 0.5 , 10 , 13.0390272408 , 0.3696 , 15
29 , 0.5 , 20 , 10.1193361866 , 0.382466666667 , 15
29 , 0.5 , 30 , 8.12911779099 , 0.392933333333 , 15
29 , 0.5 , 40 , 7.02721500989 , 0.400066666667 , 15
29 , 0.75 , 10 , 12.3251889184 , 0.379066666667 , 15
29 , 0.75 , 20 , 9.2090472748 , 0.3882 , 15
29 , 0.75 , 30 , 7.55951178179 , 0.3918 , 15
29 , 0.75 , 40 , 6.59452307017 , 0.394733333333 , 15
29 , 1 , 10 , 11.9075567252 , 0.379 , 15
29 , 1 , 20 , 8.85689486085 , 0.3918 , 15
29 , 1 , 30 , 7.37673082776 , 0.395866666667 , 15
29 , 1 , 40 , 6.48634573757 , 0.3896 , 15
30 ,  ,  , 18.6764089074 , 0.333333333333 , 17
30 , 0.1 , 10 , 17.2338782361 , 0.347352941176 , 17
30 , 0.1 , 20 , 16.7232095408 , 0.331823529412 , 17
30 , 0.1 , 30 , 15.9779288391 , 0.336294117647 , 17
30 , 0.1 , 40 , 15.3571735478 , 0.334705882353 , 17
30 , 0.25 , 10 , 16.6961930574 , 0.339176470588 , 17
30 , 0.25 , 20 , 15.1397685512 , 0.326941176471 , 17
30 , 0.25 , 30 , 13.6615030398 , 0.329294117647 , 17
30 , 0.25 , 40 , 12.6927362293 , 0.340352941176 , 17
30 , 0.5 , 10 , 15.6754603785 , 0.323058823529 , 17
30 , 0.5 , 20 , 13.5488998813 , 0.324470588235 , 17
30 , 0.5 , 30 , 12.2383674395 , 0.340235294118 , 17
30 , 0.5 , 40 , 10.8208085788 , 0.349882352941 , 17
30 , 0.75 , 10 , 15.0434686821 , 0.310647058824 , 17
30 , 0.75 , 20 , 13.0045373273 , 0.319470588235 , 17
30 , 0.75 , 30 , 11.6026545414 , 0.336588235294 , 17
30 , 0.75 , 40 , 10.2495026645 , 0.348 , 17
30 , 1 , 10 , 14.6431216003 , 0.307470588235 , 17
30 , 1 , 20 , 12.618756602 , 0.320941176471 , 17
30 , 1 , 30 , 11.214878786 , 0.328411764706 , 17
30 , 1 , 40 , 9.96716921625 , 0.338176470588 , 17
31 ,  ,  , 24.1694703507 , 0.333333333333 , 22
31 , 0.1 , 10 , 21.2681094298 , 0.316772727273 , 22
31 , 0.1 , 20 , 17.742508751 , 0.321454545455 , 22
31 , 0.1 , 30 , 14.3842254668 , 0.336136363636 , 22
31 , 0.1 , 40 , 11.5450801128 , 0.342636363636 , 22
31 , 0.25 , 10 , 16.8920334002 , 0.320045454545 , 22
31 , 0.25 , 20 , 9.70926519692 , 0.302363636364 , 22
31 , 0.25 , 30 , 5.71037559385 , 0.289727272727 , 22
31 , 0.25 , 40 , 3.76981163199 , 0.281045454545 , 22
31 , 0.5 , 10 , 8.84035835433 , 0.326454545455 , 22
31 , 0.5 , 20 , 4.24273721419 , 0.333818181818 , 22
31 , 0.5 , 30 , 3.33286047848 , 0.335636363636 , 22
31 , 0.5 , 40 , 2.95825599508 , 0.337681818182 , 22
31 , 0.75 , 10 , 4.53968472717 , 0.328363636364 , 22
31 , 0.75 , 20 , 2.40512978367 , 0.319318181818 , 22
31 , 0.75 , 30 , 2.09776489057 , 0.319772727273 , 22
31 , 0.75 , 40 , 2.07451490462 , 0.319545454545 , 22
31 , 1 , 10 , 3.08314966795 , 0.320363636364 , 22
31 , 1 , 20 , 2.08670408288 , 0.317909090909 , 22
31 , 1 , 30 , 2.05246614082 , 0.319954545455 , 22
31 , 1 , 40 , 2.07389745889 , 0.318545454545 , 22
32 ,  ,  , 20.8736334847 , 0.333333333333 , 19
32 , 0.1 , 10 , 16.4621112979 , 0.471368421053 , 19
32 , 0.1 , 20 , 13.1788888567 , 0.506 , 19
32 , 0.1 , 30 , 11.0842190603 , 0.521157894737 , 19
32 , 0.1 , 40 , 9.7535943639 , 0.533263157895 , 19
32 , 0.25 , 10 , 13.2795981524 , 0.505789473684 , 19
32 , 0.25 , 20 , 9.62967532818 , 0.535631578947 , 19
32 , 0.25 , 30 , 8.07027242595 , 0.540842105263 , 19
32 , 0.25 , 40 , 7.07797958858 , 0.545526315789 , 19
32 , 0.5 , 10 , 11.9024089526 , 0.53 , 19
32 , 0.5 , 20 , 8.3035004095 , 0.543315789474 , 19
32 , 0.5 , 30 , 6.71175373055 , 0.550789473684 , 19
32 , 0.5 , 40 , 5.52337635603 , 0.547684210526 , 19
32 , 0.75 , 10 , 11.6861765869 , 0.513631578947 , 19
32 , 0.75 , 20 , 8.52606357989 , 0.535210526316 , 19
32 , 0.75 , 30 , 6.96692552803 , 0.542526315789 , 19
32 , 0.75 , 40 , 6.05358051622 , 0.545157894737 , 19
32 , 1 , 10 , 11.9684708021 , 0.509842105263 , 19
32 , 1 , 20 , 8.77504263923 , 0.505368421053 , 19
32 , 1 , 30 , 7.4428173987 , 0.503736842105 , 19
32 , 1 , 40 , 6.2915434597 , 0.505789473684 , 19
33 ,  ,  , 27.4653072167 , 0.333333333333 , 25
33 , 0.1 , 10 , 20.2822301458 , 0.3342 , 25
33 , 0.1 , 20 , 15.6136348373 , 0.33592 , 25
33 , 0.1 , 30 , 12.8236073862 , 0.3458 , 25
33 , 0.1 , 40 , 11.5786761339 , 0.34688 , 25
33 , 0.25 , 10 , 15.2695016115 , 0.32984 , 25
33 , 0.25 , 20 , 11.6980794518 , 0.33192 , 25
33 , 0.25 , 30 , 10.9707995809 , 0.34288 , 25
33 , 0.25 , 40 , 10.6970542788 , 0.35332 , 25
33 , 0.5 , 10 , 12.8851849158 , 0.29344 , 25
33 , 0.5 , 20 , 11.1951998161 , 0.28524 , 25
33 , 0.5 , 30 , 10.674348426 , 0.289 , 25
33 , 0.5 , 40 , 10.3972893501 , 0.2934 , 25
33 , 0.75 , 10 , 12.0176524736 , 0.27352 , 25
33 , 0.75 , 20 , 10.3256263584 , 0.27616 , 25
33 , 0.75 , 30 , 9.8818375697 , 0.27812 , 25
33 , 0.75 , 40 , 9.6285294377 , 0.28148 , 25
33 , 1 , 10 , 14.0403063269 , 0.2808 , 25
33 , 1 , 20 , 11.3612779437 , 0.2752 , 25
33 , 1 , 30 , 10.0906233903 , 0.27812 , 25
33 , 1 , 40 , 9.55312459942 , 0.27716 , 25
34 ,  ,  , 21.9722457734 , 0.333333333333 , 20
34 , 0.1 , 10 , 16.7125895245 , 0.28555 , 20
34 , 0.1 , 20 , 12.4537962025 , 0.27665 , 20
34 , 0.1 , 30 , 9.98169366779 , 0.2836 , 20
34 , 0.1 , 40 , 8.77496221461 , 0.28515 , 20
34 , 0.25 , 10 , 11.8584174478 , 0.28015 , 20
34 , 0.25 , 20 , 8.43821471873 , 0.28245 , 20
34 , 0.25 , 30 , 7.86161671064 , 0.28395 , 20
34 , 0.25 , 40 , 7.58035759863 , 0.28385 , 20
34 , 0.5 , 10 , 9.76629861211 , 0.2787 , 20
34 , 0.5 , 20 , 7.76763897779 , 0.284 , 20
34 , 0.5 , 30 , 7.2350781694 , 0.282 , 20
34 , 0.5 , 40 , 6.83726293232 , 0.29 , 20
34 , 0.75 , 10 , 9.29187603444 , 0.278 , 20
34 , 0.75 , 20 , 7.4242427874 , 0.27605 , 20
34 , 0.75 , 30 , 7.02556184863 , 0.2803 , 20
34 , 0.75 , 40 , 6.70094039951 , 0.28665 , 20
34 , 1 , 10 , 10.2976010061 , 0.2798 , 20
34 , 1 , 20 , 7.38719448359 , 0.2748 , 20
34 , 1 , 30 , 6.83416431741 , 0.28 , 20
34 , 1 , 40 , 6.63613007941 , 0.2786 , 20
35 ,  ,  , 27.4653072167 , 0.333333333333 , 25
35 , 0.1 , 10 , 25.7553682488 , 0.4048 , 25
35 , 0.1 , 20 , 24.6746634441 , 0.37792 , 25
35 , 0.1 , 30 , 23.1884977111 , 0.36468 , 25
35 , 0.1 , 40 , 21.5582066885 , 0.35268 , 25
35 , 0.25 , 10 , 23.3013919701 , 0.38972 , 25
35 , 0.25 , 20 , 19.0699667614 , 0.36816 , 25
35 , 0.25 , 30 , 15.8209232924 , 0.3564 , 25
35 , 0.25 , 40 , 13.452458416 , 0.34888 , 25
35 , 0.5 , 10 , 19.1006701536 , 0.38212 , 25
35 , 0.5 , 20 , 14.0339643597 , 0.37444 , 25
35 , 0.5 , 30 , 11.3720566297 , 0.36688 , 25
35 , 0.5 , 40 , 9.40320663655 , 0.36336 , 25
35 , 0.75 , 10 , 16.0030805082 , 0.38852 , 25
35 , 0.75 , 20 , 11.4204408362 , 0.38936 , 25
35 , 0.75 , 30 , 9.03076115231 , 0.39488 , 25
35 , 0.75 , 40 , 7.55909988066 , 0.39772 , 25
35 , 1 , 10 , 13.6340712325 , 0.40156 , 25
35 , 1 , 20 , 10.8468045569 , 0.42872 , 25
35 , 1 , 30 , 9.69470802669 , 0.4402 , 25
35 , 1 , 40 , 8.76791622294 , 0.45384 , 25
36 ,  ,  , 27.4653072167 , 0.333333333333 , 25
36 , 0.1 , 10 , 17.3806190581 , 0.35268 , 25
36 , 0.1 , 20 , 11.7640505 , 0.36264 , 25
36 , 0.1 , 30 , 9.18416663885 , 0.37028 , 25
36 , 0.1 , 40 , 7.94189074174 , 0.3676 , 25
36 , 0.25 , 10 , 11.4832616892 , 0.35024 , 25
36 , 0.25 , 20 , 7.53382737659 , 0.35528 , 25
36 , 0.25 , 30 , 6.10743885644 , 0.35664 , 25
36 , 0.25 , 40 , 5.32139666685 , 0.3548 , 25
36 , 0.5 , 10 , 7.92425956775 , 0.33964 , 25
36 , 0.5 , 20 , 5.20754193766 , 0.33908 , 25
36 , 0.5 , 30 , 4.44780219196 , 0.33964 , 25
36 , 0.5 , 40 , 4.23454011674 , 0.34316 , 25
36 , 0.75 , 10 , 7.94441969499 , 0.33928 , 25
36 , 0.75 , 20 , 6.28434424836 , 0.3402 , 25
36 , 0.75 , 30 , 5.57155177715 , 0.34064 , 25
36 , 0.75 , 40 , 5.0606548154 , 0.34116 , 25
36 , 1 , 10 , 9.04914309634 , 0.33848 , 25
36 , 1 , 20 , 8.24087036713 , 0.34192 , 25
36 , 1 , 30 , 7.94814493095 , 0.34112 , 25
36 , 1 , 40 , 7.75538402888 , 0.34472 , 25
37 ,  ,  , 16.47918433 , 0.333333333333 , 15
37 , 0.1 , 10 , 16.0198207712 , 0.344333333333 , 15
37 , 0.1 , 20 , 16.2453215141 , 0.326333333333 , 15
37 , 0.1 , 30 , 16.1485974085 , 0.319533333333 , 15
37 , 0.1 , 40 , 15.8260190662 , 0.305 , 15
37 , 0.25 , 10 , 16.2357555391 , 0.326466666667 , 15
37 , 0.25 , 20 , 15.853250251 , 0.309333333333 , 15
37 , 0.25 , 30 , 14.8666834228 , 0.3 , 15
37 , 0.25 , 40 , 13.606125884 , 0.2914 , 15
37 , 0.5 , 10 , 16.1158137548 , 0.323 , 15
37 , 0.5 , 20 , 14.9029892008 , 0.299066666667 , 15
37 , 0.5 , 30 , 13.3389114654 , 0.290466666667 , 15
37 , 0.5 , 40 , 12.0930137046 , 0.2784 , 15
37 , 0.75 , 10 , 15.7570974117 , 0.319933333333 , 15
37 , 0.75 , 20 , 14.3728136465 , 0.292933333333 , 15
37 , 0.75 , 30 , 13.2786400338 , 0.275466666667 , 15
37 , 0.75 , 40 , 12.2282019492 , 0.2654 , 15
37 , 1 , 10 , 15.1577113946 , 0.316133333333 , 15
37 , 1 , 20 , 13.8883628543 , 0.285866666667 , 15
37 , 1 , 30 , 13.1290417822 , 0.269733333333 , 15
37 , 1 , 40 , 12.7113706591 , 0.259 , 15
38 ,  ,  , 27.4653072167 , 0.333333333333 , 25
38 , 0.1 , 10 , 20.0489094318 , 0.34124 , 25
38 , 0.1 , 20 , 14.7114034685 , 0.33548 , 25
38 , 0.1 , 30 , 11.8585840218 , 0.3406 , 25
38 , 0.1 , 40 , 10.1165323415 , 0.3434 , 25
38 , 0.25 , 10 , 13.691819297 , 0.34456 , 25
38 , 0.25 , 20 , 9.19638581946 , 0.34372 , 25
38 , 0.25 , 30 , 7.40737005297 , 0.33864 , 25
38 , 0.25 , 40 , 6.4536421824 , 0.3378 , 25
38 , 0.5 , 10 , 9.47636743563 , 0.34232 , 25
38 , 0.5 , 20 , 5.87251994657 , 0.33824 , 25
38 , 0.5 , 30 , 5.32772741754 , 0.32768 , 25
38 , 0.5 , 40 , 5.09358831708 , 0.33156 , 25
38 , 0.75 , 10 , 8.93351583022 , 0.34932 , 25
38 , 0.75 , 20 , 5.82199057886 , 0.3342 , 25
38 , 0.75 , 30 , 5.16471645196 , 0.33172 , 25
38 , 0.75 , 40 , 5.01775926125 , 0.32796 , 25
38 , 1 , 10 , 10.1125905619 , 0.38504 , 25
38 , 1 , 20 , 8.05831416617 , 0.38508 , 25
38 , 1 , 30 , 7.46157319647 , 0.3872 , 25
38 , 1 , 40 , 7.11704846601 , 0.38972 , 25
39 ,  ,  , 19.775021196 , 0.333333333333 , 18
39 , 0.1 , 10 , 17.7972349166 , 0.303277777778 , 18
39 , 0.1 , 20 , 16.5992965682 , 0.297222222222 , 18
39 , 0.1 , 30 , 15.3392565899 , 0.288666666667 , 18
39 , 0.1 , 40 , 14.3980269919 , 0.280111111111 , 18
39 , 0.25 , 10 , 16.032300954 , 0.292833333333 , 18
39 , 0.25 , 20 , 13.8161644049 , 0.282555555556 , 18
39 , 0.25 , 30 , 12.8779186038 , 0.282444444444 , 18
39 , 0.25 , 40 , 12.2401228735 , 0.276333333333 , 18
39 , 0.5 , 10 , 14.1159144709 , 0.290166666667 , 18
39 , 0.5 , 20 , 12.0500751665 , 0.281611111111 , 18
39 , 0.5 , 30 , 11.0274617934 , 0.275555555556 , 18
39 , 0.5 , 40 , 10.216796879 , 0.275722222222 , 18
39 , 0.75 , 10 , 13.3311914554 , 0.286666666667 , 18
39 , 0.75 , 20 , 11.2986205977 , 0.288166666667 , 18
39 , 0.75 , 30 , 9.99327991383 , 0.285055555556 , 18
39 , 0.75 , 40 , 8.96357044053 , 0.276166666667 , 18
39 , 1 , 10 , 13.1389129578 , 0.3015 , 18
39 , 1 , 20 , 10.9761709984 , 0.296944444444 , 18
39 , 1 , 30 , 9.54368595329 , 0.289944444444 , 18
39 , 1 , 40 , 8.33681689746 , 0.291111111111 , 18
40 ,  ,  , 27.4653072167 , 0.333333333333 , 25
40 , 0.1 , 10 , 23.03801677 , 0.32832 , 25
40 , 0.1 , 20 , 19.4483903649 , 0.32812 , 25
40 , 0.1 , 30 , 15.5481566854 , 0.31864 , 25
40 , 0.1 , 40 , 12.9430941421 , 0.31596 , 25
40 , 0.25 , 10 , 19.6131011268 , 0.32844 , 25
40 , 0.25 , 20 , 13.9619850082 , 0.32104 , 25
40 , 0.25 , 30 , 11.0585391027 , 0.31624 , 25
40 , 0.25 , 40 , 9.69141291342 , 0.31328 , 25
40 , 0.5 , 10 , 18.5978831531 , 0.32596 , 25
40 , 0.5 , 20 , 14.3063587454 , 0.32468 , 25
40 , 0.5 , 30 , 12.1776728005 , 0.32176 , 25
40 , 0.5 , 40 , 10.9238240105 , 0.31628 , 25
40 , 0.75 , 10 , 19.7416242335 , 0.33536 , 25
40 , 0.75 , 20 , 16.5038412286 , 0.32892 , 25
40 , 0.75 , 30 , 14.6184556086 , 0.33036 , 25
40 , 0.75 , 40 , 13.4726204451 , 0.3234 , 25
40 , 1 , 10 , 21.1547770079 , 0.34056 , 25
40 , 1 , 20 , 19.5610845683 , 0.3432 , 25
40 , 1 , 30 , 18.4387576069 , 0.34352 , 25
40 , 1 , 40 , 17.3405463249 , 0.34016 , 25
41 ,  ,  , 18.6764089074 , 0.333333333333 , 17
41 , 0.1 , 10 , 16.4635510386 , 0.372882352941 , 17
41 , 0.1 , 20 , 14.8974303802 , 0.371470588235 , 17
41 , 0.1 , 30 , 13.3682739904 , 0.377176470588 , 17
41 , 0.1 , 40 , 12.0936381212 , 0.383058823529 , 17
41 , 0.25 , 10 , 14.9906642156 , 0.373058823529 , 17
41 , 0.25 , 20 , 12.183083342 , 0.379705882353 , 17
41 , 0.25 , 30 , 10.7258476823 , 0.382352941176 , 17
41 , 0.25 , 40 , 9.69765607222 , 0.380411764706 , 17
41 , 0.5 , 10 , 12.8588194356 , 0.386470588235 , 17
41 , 0.5 , 20 , 9.4265581043 , 0.375470588235 , 17
41 , 0.5 , 30 , 7.2044876986 , 0.366058823529 , 17
41 , 0.5 , 40 , 6.13846233806 , 0.363411764706 , 17
41 , 0.75 , 10 , 10.6771000735 , 0.413058823529 , 17
41 , 0.75 , 20 , 7.62403814307 , 0.398294117647 , 17
41 , 0.75 , 30 , 6.21459132763 , 0.387 , 17
41 , 0.75 , 40 , 5.54468543997 , 0.384705882353 , 17
41 , 1 , 10 , 8.8901893723 , 0.444705882353 , 17
41 , 1 , 20 , 5.95787800715 , 0.455411764706 , 17
41 , 1 , 30 , 4.61466628462 , 0.462470588235 , 17
41 , 1 , 40 , 3.92154994728 , 0.467294117647 , 17
42 ,  ,  , 27.4653072167 , 0.333333333333 , 25
42 , 0.1 , 10 , 12.9460776492 , 0.30256 , 25
42 , 0.1 , 20 , 6.10307347952 , 0.30228 , 25
42 , 0.1 , 30 , 3.61308623889 , 0.30652 , 25
42 , 0.1 , 40 , 2.75636165029 , 0.30864 , 25
42 , 0.25 , 10 , 6.41807676844 , 0.29272 , 25
42 , 0.25 , 20 , 3.18921390816 , 0.29492 , 25
42 , 0.25 , 30 , 2.73926774069 , 0.29704 , 25
42 , 0.25 , 40 , 2.54218064112 , 0.30188 , 25
42 , 0.5 , 10 , 4.712886182 , 0.27212 , 25
42 , 0.5 , 20 , 3.05559856771 , 0.27068 , 25
42 , 0.5 , 30 , 2.55251129459 , 0.26992 , 25
42 , 0.5 , 40 , 2.21611183565 , 0.27048 , 25
42 , 0.75 , 10 , 3.81021282084 , 0.2694 , 25
42 , 0.75 , 20 , 2.71432484744 , 0.26964 , 25
42 , 0.75 , 30 , 2.28477429466 , 0.26932 , 25
42 , 0.75 , 40 , 2.12720253232 , 0.27136 , 25
42 , 1 , 10 , 2.62819550452 , 0.2702 , 25
42 , 1 , 20 , 2.14304993315 , 0.26904 , 25
42 , 1 , 30 , 2.07803221403 , 0.27044 , 25
42 , 1 , 40 , 2.05102300759 , 0.27028 , 25
43 ,  ,  , 25.2680826394 , 0.333333333333 , 23
43 , 0.1 , 10 , 18.5028626499 , 0.273043478261 , 23
43 , 0.1 , 20 , 13.2986685906 , 0.237739130435 , 23
43 , 0.1 , 30 , 10.5403723802 , 0.229695652174 , 23
43 , 0.1 , 40 , 8.82977156681 , 0.225913043478 , 23
43 , 0.25 , 10 , 11.1929287055 , 0.250391304348 , 23
43 , 0.25 , 20 , 7.77731625476 , 0.239347826087 , 23
43 , 0.25 , 30 , 6.8683454436 , 0.237652173913 , 23
43 , 0.25 , 40 , 6.47256856943 , 0.233260869565 , 23
43 , 0.5 , 10 , 8.19710785739 , 0.26752173913 , 23
43 , 0.5 , 20 , 6.44919024533 , 0.266782608696 , 23
43 , 0.5 , 30 , 5.94112164171 , 0.267043478261 , 23
43 , 0.5 , 40 , 5.44584807323 , 0.267086956522 , 23
43 , 0.75 , 10 , 8.3677986767 , 0.281173913043 , 23
43 , 0.75 , 20 , 6.25931504516 , 0.271 , 23
43 , 0.75 , 30 , 5.24863666628 , 0.268 , 23
43 , 0.75 , 40 , 4.4794584188 , 0.267260869565 , 23
43 , 1 , 10 , 8.53325534114 , 0.297 , 23
43 , 1 , 20 , 7.31217096977 , 0.297913043478 , 23
43 , 1 , 30 , 6.66267282619 , 0.299826086957 , 23
43 , 1 , 40 , 5.92941854038 , 0.301260869565 , 23
44 ,  ,  , 27.4653072167 , 0.333333333333 , 25
44 , 0.1 , 10 , 13.8732053796 , 0.3294 , 25
44 , 0.1 , 20 , 7.90482296027 , 0.32536 , 25
44 , 0.1 , 30 , 5.98758619353 , 0.3268 , 25
44 , 0.1 , 40 , 5.23547133167 , 0.32836 , 25
44 , 0.25 , 10 , 7.5789843523 , 0.32608 , 25
44 , 0.25 , 20 , 4.9295988644 , 0.3334 , 25
44 , 0.25 , 30 , 4.6682641918 , 0.33348 , 25
44 , 0.25 , 40 , 4.49015497128 , 0.33512 , 25
44 , 0.5 , 10 , 5.5125607774 , 0.33036 , 25
44 , 0.5 , 20 , 4.47227042102 , 0.33916 , 25
44 , 0.5 , 30 , 4.25540557788 , 0.339 , 25
44 , 0.5 , 40 , 4.20278679691 , 0.34072 , 25
44 , 0.75 , 10 , 5.52122189705 , 0.33324 , 25
44 , 0.75 , 20 , 4.28256649731 , 0.3402 , 25
44 , 0.75 , 30 , 4.22248392435 , 0.34072 , 25
44 , 0.75 , 40 , 4.15242008281 , 0.34012 , 25
44 , 1 , 10 , 5.69042140856 , 0.33464 , 25
44 , 1 , 20 , 4.29808032979 , 0.33808 , 25
44 , 1 , 30 , 4.16873648776 , 0.33952 , 25
44 , 1 , 40 , 4.1637886102 , 0.34052 , 25
45 ,  ,  , 27.4653072167 , 0.333333333333 , 25
45 , 0.1 , 10 , 18.1733085556 , 0.40036 , 25
45 , 0.1 , 20 , 10.5172031501 , 0.41724 , 25
45 , 0.1 , 30 , 6.24109929553 , 0.4266 , 25
45 , 0.1 , 40 , 4.4899647731 , 0.42868 , 25
45 , 0.25 , 10 , 12.4414689923 , 0.41392 , 25
45 , 0.25 , 20 , 6.1111737036 , 0.43084 , 25
45 , 0.25 , 30 , 4.10005760104 , 0.43228 , 25
45 , 0.25 , 40 , 3.38854891708 , 0.43424 , 25
45 , 0.5 , 10 , 12.1033279638 , 0.40056 , 25
45 , 0.5 , 20 , 7.75106159093 , 0.42048 , 25
45 , 0.5 , 30 , 5.58130994917 , 0.42624 , 25
45 , 0.5 , 40 , 4.2930258517 , 0.43496 , 25
45 , 0.75 , 10 , 14.2554022085 , 0.37664 , 25
45 , 0.75 , 20 , 12.104502984 , 0.37476 , 25
45 , 0.75 , 30 , 10.9567140017 , 0.36952 , 25
45 , 0.75 , 40 , 10.0083752478 , 0.36708 , 25
45 , 1 , 10 , 16.169927797 , 0.34312 , 25
45 , 1 , 20 , 16.10963794 , 0.3388 , 25
45 , 1 , 30 , 15.8930111628 , 0.32952 , 25
45 , 1 , 40 , 15.5886554588 , 0.32592 , 25
