0 ,  ,  ,  , 27.4653072167 , 0.333333333333 , 25
0 , 0.1 , 10 , 0 , 17.5820133395 , 0.3976 , 25
0 , 0.1 , 20 , 0 , 11.6687298835 , 0.4094 , 25
0 , 0.1 , 30 , 0 , 8.79333289537 , 0.41932 , 25
0 , 0.1 , 40 , 0 , 7.16409777637 , 0.419 , 25
0 , 0.25 , 10 , 0 , 12.0058280384 , 0.39944 , 25
0 , 0.25 , 20 , 0 , 8.27734549696 , 0.40712 , 25
0 , 0.25 , 30 , 0 , 7.15459507659 , 0.41868 , 25
0 , 0.25 , 40 , 0 , 6.55006097849 , 0.41704 , 25
0 , 0.5 , 10 , 0 , 6.69538911594 , 0.39968 , 25
0 , 0.5 , 20 , 0 , 3.58739811885 , 0.40972 , 25
0 , 0.5 , 30 , 0 , 3.03079825924 , 0.41048 , 25
0 , 0.5 , 40 , 0 , 2.82207807959 , 0.41272 , 25
0 , 0.75 , 10 , 0 , 5.03182649309 , 0.39316 , 25
0 , 0.75 , 20 , 0 , 3.75703936415 , 0.40028 , 25
0 , 0.75 , 30 , 0 , 3.29486305161 , 0.40296 , 25
0 , 0.75 , 40 , 0 , 3.0756477566 , 0.40216 , 25
0 , 1 , 10 , 0 , 4.48282288098 , 0.3754 , 25
0 , 1 , 20 , 0 , 3.49488706483 , 0.37392 , 25
0 , 1 , 30 , 0 , 3.14697801198 , 0.37228 , 25
0 , 1 , 40 , 0 , 3.02796951631 , 0.37412 , 25
1 ,  ,  ,  , 27.4653072167 , 0.333333333333 , 25
1 , 0.1 , 10 , 0 , 14.4843754031 , 0.54968 , 25
1 , 0.1 , 20 , 0 , 7.6288617628 , 0.60096 , 25
1 , 0.1 , 30 , 0 , 4.94221651808 , 0.6152 , 25
1 , 0.1 , 40 , 0 , 3.67873280454 , 0.62272 , 25
1 , 0.25 , 10 , 0 , 10.7506723178 , 0.59916 , 25
1 , 0.25 , 20 , 0 , 4.37266576035 , 0.62756 , 25
1 , 0.25 , 30 , 0 , 2.72457678486 , 0.63036 , 25
1 , 0.25 , 40 , 0 , 2.31864163529 , 0.62936 , 25
1 , 0.5 , 10 , 0 , 11.2067052088 , 0.62172 , 25
1 , 0.5 , 20 , 0 , 6.42612821175 , 0.64764 , 25
1 , 0.5 , 30 , 0 , 5.40343207752 , 0.65412 , 25
1 , 0.5 , 40 , 0 , 4.90973323056 , 0.64992 , 25
1 , 0.75 , 10 , 0 , 13.1699641863 , 0.61144 , 25
1 , 0.75 , 20 , 0 , 8.41924825706 , 0.64992 , 25
1 , 0.75 , 30 , 0 , 6.80053070359 , 0.6632 , 25
1 , 0.75 , 40 , 0 , 6.08145351369 , 0.67008 , 25
1 , 1 , 10 , 0 , 15.0979821364 , 0.584 , 25
1 , 1 , 20 , 0 , 11.5357744673 , 0.60088 , 25
1 , 1 , 30 , 0 , 10.0552180406 , 0.61564 , 25
1 , 1 , 40 , 0 , 9.21615352119 , 0.61712 , 25
2 ,  ,  ,  , 27.4653072167 , 0.333333333333 , 25
2 , 0.1 , 10 , 0 , 22.8794070663 , 0.26284 , 25
2 , 0.1 , 20 , 0 , 18.2203322732 , 0.2344 , 25
2 , 0.1 , 30 , 0 , 14.7186949299 , 0.21876 , 25
2 , 0.1 , 40 , 0 , 11.6096244923 , 0.20012 , 25
2 , 0.25 , 10 , 0 , 19.465161915 , 0.25036 , 25
2 , 0.25 , 20 , 0 , 13.5673509282 , 0.2176 , 25
2 , 0.25 , 30 , 0 , 9.51674444044 , 0.19204 , 25
2 , 0.25 , 40 , 0 , 7.61919693197 , 0.18092 , 25
2 , 0.5 , 10 , 0 , 20.0970860319 , 0.28052 , 25
2 , 0.5 , 20 , 0 , 17.0190555253 , 0.26376 , 25
2 , 0.5 , 30 , 0 , 15.2584152651 , 0.24424 , 25
2 , 0.5 , 40 , 0 , 13.4532122076 , 0.225 , 25
2 , 0.75 , 10 , 0 , 20.6881436667 , 0.34776 , 25
2 , 0.75 , 20 , 0 , 16.0502587697 , 0.38776 , 25
2 , 0.75 , 30 , 0 , 12.185225291 , 0.40988 , 25
2 , 0.75 , 40 , 0 , 9.13774803821 , 0.42352 , 25
2 , 1 , 10 , 0 , 19.0506337237 , 0.37264 , 25
2 , 1 , 20 , 0 , 11.9461763982 , 0.41116 , 25
2 , 1 , 30 , 0 , 8.00315412587 , 0.42084 , 25
2 , 1 , 40 , 0 , 6.22861028058 , 0.42632 , 25
3 ,  ,  ,  , 24.1694703507 , 0.333333333333 , 22
3 , 0.1 , 10 , 0 , 22.9622120475 , 0.371590909091 , 22
3 , 0.1 , 20 , 0 , 22.0954808571 , 0.360818181818 , 22
3 , 0.1 , 30 , 0 , 21.0163150398 , 0.3435 , 22
3 , 0.1 , 40 , 0 , 20.0755496978 , 0.336954545455 , 22
3 , 0.25 , 10 , 0 , 21.0910664835 , 0.350045454545 , 22
3 , 0.25 , 20 , 0 , 18.6284949628 , 0.322363636364 , 22
3 , 0.25 , 30 , 0 , 16.7318326992 , 0.305045454545 , 22
3 , 0.25 , 40 , 0 , 15.3389625984 , 0.288590909091 , 22
3 , 0.5 , 10 , 0 , 17.6565320643 , 0.338090909091 , 22
3 , 0.5 , 20 , 0 , 14.4888770287 , 0.297818181818 , 22
3 , 0.5 , 30 , 0 , 12.7770248616 , 0.2785 , 22
3 , 0.5 , 40 , 0 , 11.437280319 , 0.269863636364 , 22
3 , 0.75 , 10 , 0 , 15.0586905307 , 0.326090909091 , 22
3 , 0.75 , 20 , 0 , 11.1695589531 , 0.293772727273 , 22
3 , 0.75 , 30 , 0 , 9.54912063104 , 0.276454545455 , 22
3 , 0.75 , 40 , 0 , 8.43217098742 , 0.275 , 22
3 , 1 , 10 , 0 , 12.9114437177 , 0.323818181818 , 22
3 , 1 , 20 , 0 , 9.44392854932 , 0.298727272727 , 22
3 , 1 , 30 , 0 , 8.06228591614 , 0.289590909091 , 22
3 , 1 , 40 , 0 , 7.30689581094 , 0.285454545455 , 22
4 ,  ,  ,  , 20.8736334847 , 0.333333333333 , 19
4 , 0.1 , 10 , 0 , 19.6137648701 , 0.360263157895 , 19
4 , 0.1 , 20 , 0 , 19.2477690142 , 0.362 , 19
4 , 0.1 , 30 , 0 , 18.9752822657 , 0.363105263158 , 19
4 , 0.1 , 40 , 0 , 18.6109988975 , 0.362315789474 , 19
4 , 0.25 , 10 , 0 , 19.0511950738 , 0.374473684211 , 19
4 , 0.25 , 20 , 0 , 18.2898487612 , 0.378736842105 , 19
4 , 0.25 , 30 , 0 , 17.8428758335 , 0.373842105263 , 19
4 , 0.25 , 40 , 0 , 17.2584366259 , 0.387894736842 , 19
4 , 0.5 , 10 , 0 , 18.3157437107 , 0.387421052632 , 19
4 , 0.5 , 20 , 0 , 17.2257849747 , 0.396631578947 , 19
4 , 0.5 , 30 , 0 , 16.2853501249 , 0.403368421053 , 19
4 , 0.5 , 40 , 0 , 15.6076447049 , 0.413631578947 , 19
4 , 0.75 , 10 , 0 , 17.936518851 , 0.387684210526 , 19
4 , 0.75 , 20 , 0 , 16.6733377544 , 0.402894736842 , 19
4 , 0.75 , 30 , 0 , 15.929991463 , 0.411789473684 , 19
4 , 0.75 , 40 , 0 , 15.5400759606 , 0.408473684211 , 19
4 , 1 , 10 , 0 , 17.4767975019 , 0.393105263158 , 19
4 , 1 , 20 , 0 , 16.4090959105 , 0.401631578947 , 19
4 , 1 , 30 , 0 , 16.0243277001 , 0.407421052632 , 19
4 , 1 , 40 , 0 , 15.8893892317 , 0.401052631579 , 19
5 ,  ,  ,  , 27.4653072167 , 0.333333333333 , 25
5 , 0.1 , 10 , 0 , 16.2819959086 , 0.3824 , 25
5 , 0.1 , 20 , 0 , 9.71809978028 , 0.39256 , 25
5 , 0.1 , 30 , 0 , 6.92307538719 , 0.39492 , 25
5 , 0.1 , 40 , 0 , 5.32743346173 , 0.40248 , 25
5 , 0.25 , 10 , 0 , 11.2523833124 , 0.39308 , 25
5 , 0.25 , 20 , 0 , 6.47670207913 , 0.40688 , 25
5 , 0.25 , 30 , 0 , 4.541832321 , 0.40996 , 25
5 , 0.25 , 40 , 0 , 3.46793333513 , 0.41244 , 25
5 , 0.5 , 10 , 0 , 11.7128926793 , 0.41404 , 25
5 , 0.5 , 20 , 0 , 7.90806065178 , 0.43648 , 25
5 , 0.5 , 30 , 0 , 6.23888047446 , 0.44464 , 25
5 , 0.5 , 40 , 0 , 5.30249742347 , 0.45216 , 25
5 , 0.75 , 10 , 0 , 12.7625035575 , 0.40884 , 25
5 , 0.75 , 20 , 0 , 8.83523533822 , 0.42624 , 25
5 , 0.75 , 30 , 0 , 6.52712716974 , 0.43792 , 25
5 , 0.75 , 40 , 0 , 5.28232849181 , 0.43952 , 25
5 , 1 , 10 , 0 , 11.6130013915 , 0.36788 , 25
5 , 1 , 20 , 0 , 5.20712454336 , 0.37804 , 25
5 , 1 , 30 , 0 , 2.63388762542 , 0.37684 , 25
5 , 1 , 40 , 0 , 1.6527176346 , 0.3802 , 25
6 ,  ,  ,  , 27.4653072167 , 0.333333333333 , 25
6 , 0.1 , 10 , 0 , 22.6612816579 , 0.32432 , 25
6 , 0.1 , 20 , 0 , 19.39042709 , 0.31684 , 25
6 , 0.1 , 30 , 0 , 17.165203685 , 0.32196 , 25
6 , 0.1 , 40 , 0 , 15.8816210223 , 0.31596 , 25
6 , 0.25 , 10 , 0 , 19.1522412393 , 0.32752 , 25
6 , 0.25 , 20 , 0 , 15.3993373257 , 0.31708 , 25
6 , 0.25 , 30 , 0 , 13.7294837807 , 0.315 , 25
6 , 0.25 , 40 , 0 , 12.5646548372 , 0.31172 , 25
6 , 0.5 , 10 , 0 , 16.4857421987 , 0.32 , 25
6 , 0.5 , 20 , 0 , 12.8492336742 , 0.30988 , 25
6 , 0.5 , 30 , 0 , 10.4328320274 , 0.30488 , 25
6 , 0.5 , 40 , 0 , 9.1753218456 , 0.30464 , 25
6 , 0.75 , 10 , 0 , 15.1915239434 , 0.31536 , 25
6 , 0.75 , 20 , 0 , 10.3309361864 , 0.31052 , 25
6 , 0.75 , 30 , 0 , 7.75398554755 , 0.30128 , 25
6 , 0.75 , 40 , 0 , 6.28535951719 , 0.29848 , 25
6 , 1 , 10 , 0 , 13.5989117647 , 0.30756 , 25
6 , 1 , 20 , 0 , 7.77967918086 , 0.30288 , 25
6 , 1 , 30 , 0 , 5.69196716983 , 0.29552 , 25
6 , 1 , 40 , 0 , 4.75229147683 , 0.29484 , 25
7 ,  ,  ,  , 27.4653072167 , 0.333333333333 , 25
7 , 0.1 , 10 , 0 , 25.1005984021 , 0.26256 , 25
7 , 0.1 , 20 , 0 , 23.2673843069 , 0.24288 , 25
7 , 0.1 , 30 , 0 , 21.7026456048 , 0.22852 , 25
7 , 0.1 , 40 , 0 , 20.1942545349 , 0.22276 , 25
7 , 0.25 , 10 , 0 , 23.0192540248 , 0.24408 , 25
7 , 0.25 , 20 , 0 , 19.7887431026 , 0.22688 , 25
7 , 0.25 , 30 , 0 , 17.8750903296 , 0.2246 , 25
7 , 0.25 , 40 , 0 , 16.6369725843 , 0.22036 , 25
7 , 0.5 , 10 , 0 , 20.397408782 , 0.23636 , 25
7 , 0.5 , 20 , 0 , 17.8390314774 , 0.23404 , 25
7 , 0.5 , 30 , 0 , 16.8032219642 , 0.23456 , 25
7 , 0.5 , 40 , 0 , 15.994204104 , 0.23292 , 25
7 , 0.75 , 10 , 0 , 19.408623892 , 0.2424 , 25
7 , 0.75 , 20 , 0 , 17.7770993827 , 0.24292 , 25
7 , 0.75 , 30 , 0 , 16.8481645607 , 0.24424 , 25
7 , 0.75 , 40 , 0 , 16.2167392104 , 0.24344 , 25
7 , 1 , 10 , 0 , 18.7739828263 , 0.23876 , 25
7 , 1 , 20 , 0 , 17.3375317552 , 0.24788 , 25
7 , 1 , 30 , 0 , 16.4130117259 , 0.24648 , 25
7 , 1 , 40 , 0 , 15.6048930924 , 0.2468 , 25
8 ,  ,  ,  , 27.4653072167 , 0.333333333333 , 25
8 , 0.1 , 10 , 0 , 11.4567891142 , 0.45104 , 25
8 , 0.1 , 20 , 0 , 5.1166189971 , 0.47604 , 25
8 , 0.1 , 30 , 0 , 3.61003332995 , 0.48028 , 25
8 , 0.1 , 40 , 0 , 3.03147895031 , 0.48256 , 25
8 , 0.25 , 10 , 0 , 6.69667552396 , 0.4766 , 25
8 , 0.25 , 20 , 0 , 3.18031722442 , 0.48636 , 25
8 , 0.25 , 30 , 0 , 2.67086333654 , 0.48624 , 25
8 , 0.25 , 40 , 0 , 2.55821706543 , 0.48776 , 25
8 , 0.5 , 10 , 0 , 6.46962431449 , 0.50908 , 25
8 , 0.5 , 20 , 0 , 4.33997351987 , 0.51904 , 25
8 , 0.5 , 30 , 0 , 3.96613586442 , 0.52216 , 25
8 , 0.5 , 40 , 0 , 3.58397566543 , 0.52428 , 25
8 , 0.75 , 10 , 0 , 4.92525693024 , 0.5262 , 25
8 , 0.75 , 20 , 0 , 2.64680795614 , 0.52756 , 25
8 , 0.75 , 30 , 0 , 2.44300919029 , 0.53068 , 25
8 , 0.75 , 40 , 0 , 2.42764297002 , 0.53144 , 25
8 , 1 , 10 , 0 , 6.1735661412 , 0.52488 , 25
8 , 1 , 20 , 0 , 3.57378219719 , 0.5272 , 25
8 , 1 , 30 , 0 , 2.91194535036 , 0.53016 , 25
8 , 1 , 40 , 0 , 2.61536296666 , 0.5304 , 25
9 ,  ,  ,  , 19.775021196 , 0.333333333333 , 18
9 , 0.1 , 10 , 0 , 13.4741543505 , 0.381555555556 , 18
9 , 0.1 , 20 , 0 , 9.73172973544 , 0.412888888889 , 18
9 , 0.1 , 30 , 0 , 8.57704230393 , 0.419111111111 , 18
9 , 0.1 , 40 , 0 , 8.0839566816 , 0.4205 , 18
9 , 0.25 , 10 , 0 , 10.0033151393 , 0.414 , 18
9 , 0.25 , 20 , 0 , 7.95202789719 , 0.420722222222 , 18
9 , 0.25 , 30 , 0 , 7.56613329977 , 0.421055555556 , 18
9 , 0.25 , 40 , 0 , 7.31693311351 , 0.418444444444 , 18
9 , 0.5 , 10 , 0 , 8.7376106049 , 0.417 , 18
9 , 0.5 , 20 , 0 , 7.33680557938 , 0.417 , 18
9 , 0.5 , 30 , 0 , 7.07490245131 , 0.417444444444 , 18
9 , 0.5 , 40 , 0 , 7.00277227846 , 0.414388888889 , 18
9 , 0.75 , 10 , 0 , 9.120868792 , 0.416 , 18
9 , 0.75 , 20 , 0 , 7.25587496594 , 0.419777777778 , 18
9 , 0.75 , 30 , 0 , 6.97565570494 , 0.418444444444 , 18
9 , 0.75 , 40 , 0 , 6.9312844257 , 0.416222222222 , 18
9 , 1 , 10 , 0 , 10.3939072723 , 0.417111111111 , 18
9 , 1 , 20 , 0 , 8.26557193444 , 0.416166666667 , 18
9 , 1 , 30 , 0 , 7.47099629496 , 0.416277777778 , 18
9 , 1 , 40 , 0 , 7.09827443788 , 0.4165 , 18
10 ,  ,  ,  , 27.4653072167 , 0.333333333333 , 25
10 , 0.1 , 10 , 0 , 14.5900662322 , 0.42108 , 25
10 , 0.1 , 20 , 0 , 8.83430838554 , 0.43172 , 25
10 , 0.1 , 30 , 0 , 5.99717119906 , 0.43212 , 25
10 , 0.1 , 40 , 0 , 4.52713917252 , 0.43208 , 25
10 , 0.25 , 10 , 0 , 8.82264615173 , 0.43092 , 25
10 , 0.25 , 20 , 0 , 4.39209959472 , 0.43004 , 25
10 , 0.25 , 30 , 0 , 3.02298074292 , 0.43204 , 25
10 , 0.25 , 40 , 0 , 2.75960974866 , 0.43336 , 25
10 , 0.5 , 10 , 0 , 6.29625397204 , 0.43528 , 25
10 , 0.5 , 20 , 0 , 3.20513570268 , 0.43208 , 25
10 , 0.5 , 30 , 0 , 2.55434471812 , 0.42996 , 25
10 , 0.5 , 40 , 0 , 2.4908311237 , 0.42952 , 25
10 , 0.75 , 10 , 0 , 5.9614377493 , 0.43236 , 25
10 , 0.75 , 20 , 0 , 3.32208285935 , 0.42984 , 25
10 , 0.75 , 30 , 0 , 2.61716029354 , 0.4294 , 25
10 , 0.75 , 40 , 0 , 2.50822231068 , 0.43092 , 25
10 , 1 , 10 , 0 , 5.80925113575 , 0.42544 , 25
10 , 1 , 20 , 0 , 3.64599428518 , 0.42796 , 25
10 , 1 , 30 , 0 , 3.1127811139 , 0.42884 , 25
10 , 1 , 40 , 0 , 2.76795672543 , 0.43 , 25
11 ,  ,  ,  , 27.4653072167 , 0.333333333333 , 25
11 , 0.1 , 10 , 0 , 13.6193945572 , 0.40968 , 25
11 , 0.1 , 20 , 0 , 7.31495698343 , 0.4084 , 25
11 , 0.1 , 30 , 0 , 4.86914883555 , 0.40096 , 25
11 , 0.1 , 40 , 0 , 3.89910632942 , 0.40132 , 25
11 , 0.25 , 10 , 0 , 7.18241028002 , 0.40632 , 25
11 , 0.25 , 20 , 0 , 3.49148716358 , 0.401 , 25
11 , 0.25 , 30 , 0 , 3.16036432324 , 0.39904 , 25
11 , 0.25 , 40 , 0 , 3.14693057691 , 0.4004 , 25
11 , 0.5 , 10 , 0 , 5.26395361618 , 0.398 , 25
11 , 0.5 , 20 , 0 , 3.33611510327 , 0.40008 , 25
11 , 0.5 , 30 , 0 , 3.14150236789 , 0.39968 , 25
11 , 0.5 , 40 , 0 , 3.0712855586 , 0.39964 , 25
11 , 0.75 , 10 , 0 , 6.08109557572 , 0.3916 , 25
11 , 0.75 , 20 , 0 , 3.60850254117 , 0.39852 , 25
11 , 0.75 , 30 , 0 , 3.21810770614 , 0.39828 , 25
11 , 0.75 , 40 , 0 , 3.09201765026 , 0.40048 , 25
11 , 1 , 10 , 0 , 8.19898311304 , 0.39576 , 25
11 , 1 , 20 , 0 , 5.4752426126 , 0.39604 , 25
11 , 1 , 30 , 0 , 4.26087986007 , 0.39704 , 25
11 , 1 , 40 , 0 , 3.59057520504 , 0.39844 , 25
12 ,  ,  ,  , 27.4653072167 , 0.333333333333 , 25
12 , 0.1 , 10 , 0 , 23.0058881095 , 0.34208 , 25
12 , 0.1 , 20 , 0 , 19.8631501979 , 0.3364 , 25
12 , 0.1 , 30 , 0 , 16.7130789802 , 0.34144 , 25
12 , 0.1 , 40 , 0 , 14.4236092465 , 0.34824 , 25
12 , 0.25 , 10 , 0 , 20.2105815686 , 0.34564 , 25
12 , 0.25 , 20 , 0 , 15.2097154552 , 0.34888 , 25
12 , 0.25 , 30 , 0 , 11.8452823739 , 0.35528 , 25
12 , 0.25 , 40 , 0 , 9.19592138307 , 0.36632 , 25
12 , 0.5 , 10 , 0 , 17.7727843223 , 0.33656 , 25
12 , 0.5 , 20 , 0 , 12.9993952554 , 0.35352 , 25
12 , 0.5 , 30 , 0 , 10.7527335343 , 0.35804 , 25
12 , 0.5 , 40 , 0 , 9.4125399897 , 0.36768 , 25
12 , 0.75 , 10 , 0 , 16.3051608008 , 0.33484 , 25
12 , 0.75 , 20 , 0 , 12.1610524274 , 0.33924 , 25
12 , 0.75 , 30 , 0 , 10.7897828257 , 0.34596 , 25
12 , 0.75 , 40 , 0 , 9.95860017518 , 0.35004 , 25
12 , 1 , 10 , 0 , 14.935157118 , 0.33136 , 25
12 , 1 , 20 , 0 , 11.2034389012 , 0.32856 , 25
12 , 1 , 30 , 0 , 9.75333005959 , 0.32636 , 25
12 , 1 , 40 , 0 , 8.66516500389 , 0.32676 , 25
13 ,  ,  ,  , 17.5777966187 , 0.333333333333 , 16
13 , 0.1 , 10 , 0 , 5.89321216753 , 0.882875 , 16
13 , 0.1 , 20 , 0 , 2.57659919837 , 0.94625 , 16
13 , 0.1 , 30 , 0 , 1.63056322315 , 0.962 , 16
13 , 0.1 , 40 , 0 , 1.21539502459 , 0.9659375 , 16
13 , 0.25 , 10 , 0 , 3.20921585937 , 0.9365 , 16
13 , 0.25 , 20 , 0 , 1.45267823365 , 0.963125 , 16
13 , 0.25 , 30 , 0 , 1.11179046026 , 0.969875 , 16
13 , 0.25 , 40 , 0 , 1.05939746514 , 0.9690625 , 16
13 , 0.5 , 10 , 0 , 3.17492071917 , 0.9298125 , 16
13 , 0.5 , 20 , 0 , 1.98362626724 , 0.9540625 , 16
13 , 0.5 , 30 , 0 , 1.49937672291 , 0.962125 , 16
13 , 0.5 , 40 , 0 , 1.21573327778 , 0.966375 , 16
13 , 0.75 , 10 , 0 , 4.06483138141 , 0.901125 , 16
13 , 0.75 , 20 , 0 , 3.0551908938 , 0.9254375 , 16
13 , 0.75 , 30 , 0 , 2.52807554039 , 0.94225 , 16
13 , 0.75 , 40 , 0 , 2.10707429496 , 0.951375 , 16
13 , 1 , 10 , 0 , 4.95784839416 , 0.8701875 , 16
13 , 1 , 20 , 0 , 4.2730599782 , 0.896 , 16
13 , 1 , 30 , 0 , 3.73090857592 , 0.9140625 , 16
13 , 1 , 40 , 0 , 3.10747322738 , 0.9318125 , 16
14 ,  ,  ,  , 16.47918433 , 0.333333333333 , 15
14 , 0.1 , 10 , 0 , 13.7900304863 , 0.354266666667 , 15
14 , 0.1 , 20 , 0 , 11.6439028005 , 0.354666666667 , 15
14 , 0.1 , 30 , 0 , 9.30901077048 , 0.355 , 15
14 , 0.1 , 40 , 0 , 7.47182969656 , 0.363866666667 , 15
14 , 0.25 , 10 , 0 , 11.4844727109 , 0.354733333333 , 15
14 , 0.25 , 20 , 0 , 7.27973436783 , 0.3634 , 15
14 , 0.25 , 30 , 0 , 4.72791349768 , 0.365 , 15
14 , 0.25 , 40 , 0 , 3.27418008879 , 0.3638 , 15
14 , 0.5 , 10 , 0 , 9.05627509085 , 0.358933333333 , 15
14 , 0.5 , 20 , 0 , 3.88133608132 , 0.3616 , 15
14 , 0.5 , 30 , 0 , 1.96207768329 , 0.3658 , 15
14 , 0.5 , 40 , 0 , 1.37545669887 , 0.3648 , 15
14 , 0.75 , 10 , 0 , 7.44131649525 , 0.352 , 15
14 , 0.75 , 20 , 0 , 3.18603911259 , 0.356 , 15
14 , 0.75 , 30 , 0 , 1.92603095625 , 0.359333333333 , 15
14 , 0.75 , 40 , 0 , 1.4709517162 , 0.363 , 15
14 , 1 , 10 , 0 , 6.36051404412 , 0.341466666667 , 15
14 , 1 , 20 , 0 , 3.12197244364 , 0.3306 , 15
14 , 1 , 30 , 0 , 2.41903750153 , 0.327 , 15
14 , 1 , 40 , 0 , 2.20453452725 , 0.3254 , 15
15 ,  ,  ,  , 23.070858062 , 0.333333333333 , 21
15 , 0.1 , 10 , 0 , 21.8586031078 , 0.40180952381 , 21
15 , 0.1 , 20 , 0 , 21.4259916621 , 0.40780952381 , 21
15 , 0.1 , 30 , 0 , 20.9139904661 , 0.411476190476 , 21
15 , 0.1 , 40 , 0 , 20.5008670834 , 0.412333333333 , 21
15 , 0.25 , 10 , 0 , 21.2611053774 , 0.406380952381 , 21
15 , 0.25 , 20 , 0 , 20.5179310896 , 0.408523809524 , 21
15 , 0.25 , 30 , 0 , 20.1068091923 , 0.419952380952 , 21
15 , 0.25 , 40 , 0 , 19.659097273 , 0.426238095238 , 21
15 , 0.5 , 10 , 0 , 20.7875592936 , 0.410952380952 , 21
15 , 0.5 , 20 , 0 , 20.0152517962 , 0.415238095238 , 21
15 , 0.5 , 30 , 0 , 19.441908276 , 0.415571428571 , 21
15 , 0.5 , 40 , 0 , 19.056668599 , 0.421857142857 , 21
15 , 0.75 , 10 , 0 , 20.426451665 , 0.408333333333 , 21
15 , 0.75 , 20 , 0 , 19.6023613524 , 0.417857142857 , 21
15 , 0.75 , 30 , 0 , 19.1161046001 , 0.422952380952 , 21
15 , 0.75 , 40 , 0 , 18.7744572898 , 0.418666666667 , 21
15 , 1 , 10 , 0 , 20.1006041399 , 0.411904761905 , 21
15 , 1 , 20 , 0 , 19.3312196324 , 0.419523809524 , 21
15 , 1 , 30 , 0 , 18.9210676687 , 0.414142857143 , 21
15 , 1 , 40 , 0 , 18.4950982755 , 0.407238095238 , 21
16 ,  ,  ,  , 21.9722457734 , 0.333333333333 , 20
16 , 0.1 , 10 , 0 , 18.2035417956 , 0.31565 , 20
16 , 0.1 , 20 , 0 , 15.5802235437 , 0.31125 , 20
16 , 0.1 , 30 , 0 , 13.3938641931 , 0.30315 , 20
16 , 0.1 , 40 , 0 , 12.1885742676 , 0.29755 , 20
16 , 0.25 , 10 , 0 , 14.4815073228 , 0.3024 , 20
16 , 0.25 , 20 , 0 , 11.5022311071 , 0.29585 , 20
16 , 0.25 , 30 , 0 , 10.4064193604 , 0.29725 , 20
16 , 0.25 , 40 , 0 , 9.59232705182 , 0.2965 , 20
16 , 0.5 , 10 , 0 , 11.7978942116 , 0.2856 , 20
16 , 0.5 , 20 , 0 , 9.81547307323 , 0.27015 , 20
16 , 0.5 , 30 , 0 , 8.38630448476 , 0.26245 , 20
16 , 0.5 , 40 , 0 , 7.36148397176 , 0.2537 , 20
16 , 0.75 , 10 , 0 , 10.9340926375 , 0.25925 , 20
16 , 0.75 , 20 , 0 , 8.63271701131 , 0.2525 , 20
16 , 0.75 , 30 , 0 , 7.11273121061 , 0.24865 , 20
16 , 0.75 , 40 , 0 , 6.21928929038 , 0.24305 , 20
16 , 1 , 10 , 0 , 10.4829325525 , 0.2571 , 20
16 , 1 , 20 , 0 , 8.59906446764 , 0.25205 , 20
16 , 1 , 30 , 0 , 7.0567051703 , 0.24185 , 20
16 , 1 , 40 , 0 , 6.28803161511 , 0.23385 , 20
17 ,  ,  ,  , 27.4653072167 , 0.333333333333 , 25
17 , 0.1 , 10 , 0 , 5.61136926064 , 0.7438 , 25
17 , 0.1 , 20 , 0 , 2.0964346128 , 0.77184 , 25
17 , 0.1 , 30 , 0 , 1.43077093604 , 0.77696 , 25
17 , 0.1 , 40 , 0 , 1.19429207058 , 0.77956 , 25
17 , 0.25 , 10 , 0 , 2.28922014403 , 0.77128 , 25
17 , 0.25 , 20 , 0 , 1.13110507351 , 0.77968 , 25
17 , 0.25 , 30 , 0 , 1.02722967396 , 0.78076 , 25
17 , 0.25 , 40 , 0 , 1.02590812553 , 0.7808 , 25
17 , 0.5 , 10 , 0 , 1.78074493981 , 0.77516 , 25
17 , 0.5 , 20 , 0 , 1.07159425805 , 0.78008 , 25
17 , 0.5 , 30 , 0 , 1.04955300721 , 0.77944 , 25
17 , 0.5 , 40 , 0 , 1.03002267014 , 0.78056 , 25
17 , 0.75 , 10 , 0 , 2.2200195673 , 0.76972 , 25
17 , 0.75 , 20 , 0 , 1.16826594553 , 0.7792 , 25
17 , 0.75 , 30 , 0 , 1.03940614879 , 0.78012 , 25
17 , 0.75 , 40 , 0 , 1.03365669647 , 0.78036 , 25
17 , 1 , 10 , 0 , 3.30969921446 , 0.7628 , 25
17 , 1 , 20 , 0 , 1.3214694576 , 0.779 , 25
17 , 1 , 30 , 0 , 1.12031783719 , 0.77848 , 25
17 , 1 , 40 , 0 , 1.07933104964 , 0.77924 , 25
18 ,  ,  ,  , 17.5777966187 , 0.333333333333 , 16
18 , 0.1 , 10 , 0 , 16.5101393531 , 0.328375 , 16
18 , 0.1 , 20 , 0 , 15.0030247294 , 0.3106875 , 16
18 , 0.1 , 30 , 0 , 12.9580750254 , 0.29175 , 16
18 , 0.1 , 40 , 0 , 11.1432729006 , 0.282875 , 16
18 , 0.25 , 10 , 0 , 14.053705859 , 0.29675 , 16
18 , 0.25 , 20 , 0 , 10.3169246179 , 0.2843125 , 16
18 , 0.25 , 30 , 0 , 8.46292595959 , 0.2790625 , 16
18 , 0.25 , 40 , 0 , 7.6891679836 , 0.2809375 , 16
18 , 0.5 , 10 , 0 , 11.043303818 , 0.2884375 , 16
18 , 0.5 , 20 , 0 , 8.98218828297 , 0.2820625 , 16
18 , 0.5 , 30 , 0 , 8.18752279961 , 0.28075 , 16
18 , 0.5 , 40 , 0 , 7.70270774849 , 0.2821875 , 16
18 , 0.75 , 10 , 0 , 10.6692142372 , 0.284625 , 16
18 , 0.75 , 20 , 0 , 9.87873740659 , 0.2888125 , 16
18 , 0.75 , 30 , 0 , 9.69493166199 , 0.280875 , 16
18 , 0.75 , 40 , 0 , 9.67389504925 , 0.2816875 , 16
18 , 1 , 10 , 0 , 10.7605330448 , 0.316375 , 16
18 , 1 , 20 , 0 , 10.38610141 , 0.316875 , 16
18 , 1 , 30 , 0 , 10.1338099833 , 0.3115 , 16
18 , 1 , 40 , 0 , 9.72415968166 , 0.3135625 , 16
19 ,  ,  ,  , 27.4653072167 , 0.333333333333 , 25
19 , 0.1 , 10 , 0 , 8.63754462184 , 0.46076 , 25
19 , 0.1 , 20 , 0 , 3.91666271377 , 0.46904 , 25
19 , 0.1 , 30 , 0 , 2.56107262671 , 0.46912 , 25
19 , 0.1 , 40 , 0 , 2.07044118747 , 0.47076 , 25
19 , 0.25 , 10 , 0 , 3.91279114733 , 0.46756 , 25
19 , 0.25 , 20 , 0 , 1.92643955075 , 0.46948 , 25
19 , 0.25 , 30 , 0 , 1.75681959665 , 0.46892 , 25
19 , 0.25 , 40 , 0 , 1.73857959773 , 0.469 , 25
19 , 0.5 , 10 , 0 , 3.77326654764 , 0.46996 , 25
19 , 0.5 , 20 , 0 , 2.38843236777 , 0.46996 , 25
19 , 0.5 , 30 , 0 , 1.91934407423 , 0.46912 , 25
19 , 0.5 , 40 , 0 , 1.85759994691 , 0.4702 , 25
19 , 0.75 , 10 , 0 , 3.90610328692 , 0.46772 , 25
19 , 0.75 , 20 , 0 , 2.41401692773 , 0.46812 , 25
19 , 0.75 , 30 , 0 , 1.98095196405 , 0.47124 , 25
19 , 0.75 , 40 , 0 , 1.77824045384 , 0.46912 , 25
19 , 1 , 10 , 0 , 2.93823455618 , 0.4556 , 25
19 , 1 , 20 , 0 , 2.32263499686 , 0.4618 , 25
19 , 1 , 30 , 0 , 2.19890023294 , 0.46276 , 25
19 , 1 , 40 , 0 , 2.08489921165 , 0.46536 , 25
20 ,  ,  ,  , 27.4653072167 , 0.333333333333 , 25
20 , 0.1 , 10 , 0 , 21.2363508401 , 0.40568 , 25
20 , 0.1 , 20 , 0 , 16.4826840315 , 0.41588 , 25
20 , 0.1 , 30 , 0 , 13.7728399462 , 0.42308 , 25
20 , 0.1 , 40 , 0 , 12.0798686699 , 0.42796 , 25
20 , 0.25 , 10 , 0 , 16.4827627668 , 0.42528 , 25
20 , 0.25 , 20 , 0 , 11.6627928113 , 0.4364 , 25
20 , 0.25 , 30 , 0 , 9.72327906004 , 0.44204 , 25
20 , 0.25 , 40 , 0 , 8.9257694014 , 0.44316 , 25
20 , 0.5 , 10 , 0 , 14.4269245889 , 0.45188 , 25
20 , 0.5 , 20 , 0 , 10.4053449069 , 0.44724 , 25
20 , 0.5 , 30 , 0 , 8.86760436824 , 0.44832 , 25
20 , 0.5 , 40 , 0 , 8.21773908619 , 0.44536 , 25
20 , 0.75 , 10 , 0 , 14.7182608697 , 0.48296 , 25
20 , 0.75 , 20 , 0 , 12.4556732747 , 0.49428 , 25
20 , 0.75 , 30 , 0 , 11.4813407747 , 0.5 , 25
20 , 0.75 , 40 , 0 , 10.878588223 , 0.50616 , 25
20 , 1 , 10 , 0 , 12.3793913106 , 0.5214 , 25
20 , 1 , 20 , 0 , 9.3732033035 , 0.52876 , 25
20 , 1 , 30 , 0 , 8.10413814077 , 0.52556 , 25
20 , 1 , 40 , 0 , 7.5644164611 , 0.52352 , 25
21 ,  ,  ,  , 27.4653072167 , 0.333333333333 , 25
21 , 0.1 , 10 , 0 , 18.4426228927 , 0.36292 , 25
21 , 0.1 , 20 , 0 , 12.2556641279 , 0.37008 , 25
21 , 0.1 , 30 , 0 , 9.27415982389 , 0.37452 , 25
21 , 0.1 , 40 , 0 , 7.92677196479 , 0.37732 , 25
21 , 0.25 , 10 , 0 , 12.5416129741 , 0.36924 , 25
21 , 0.25 , 20 , 0 , 7.57891051884 , 0.37804 , 25
21 , 0.25 , 30 , 0 , 6.19227156196 , 0.38388 , 25
21 , 0.25 , 40 , 0 , 5.60171634056 , 0.39164 , 25
21 , 0.5 , 10 , 0 , 10.5187768775 , 0.3432 , 25
21 , 0.5 , 20 , 0 , 7.09706374588 , 0.361 , 25
21 , 0.5 , 30 , 0 , 6.04902473827 , 0.371 , 25
21 , 0.5 , 40 , 0 , 5.56770107053 , 0.37472 , 25
21 , 0.75 , 10 , 0 , 11.4840143171 , 0.33032 , 25
21 , 0.75 , 20 , 0 , 9.4156944997 , 0.32288 , 25
21 , 0.75 , 30 , 0 , 8.34624112608 , 0.3214 , 25
21 , 0.75 , 40 , 0 , 7.65189459241 , 0.32292 , 25
21 , 1 , 10 , 0 , 8.70002031672 , 0.32444 , 25
21 , 1 , 20 , 0 , 5.63611359633 , 0.31696 , 25
21 , 1 , 30 , 0 , 4.59487856209 , 0.30628 , 25
21 , 1 , 40 , 0 , 4.00373111914 , 0.30704 , 25
22 ,  ,  ,  , 27.4653072167 , 0.333333333333 , 25
22 , 0.1 , 10 , 0 , 24.4629776954 , 0.33728 , 25
22 , 0.1 , 20 , 0 , 22.4866557822 , 0.33228 , 25
22 , 0.1 , 30 , 0 , 20.9265153304 , 0.3342 , 25
22 , 0.1 , 40 , 0 , 19.6888163587 , 0.3386 , 25
22 , 0.25 , 10 , 0 , 22.5475974915 , 0.3384 , 25
22 , 0.25 , 20 , 0 , 19.8226280319 , 0.34252 , 25
22 , 0.25 , 30 , 0 , 17.9953402538 , 0.34896 , 25
22 , 0.25 , 40 , 0 , 16.4862447191 , 0.34668 , 25
22 , 0.5 , 10 , 0 , 21.3091193068 , 0.33656 , 25
22 , 0.5 , 20 , 0 , 18.5235236456 , 0.34812 , 25
22 , 0.5 , 30 , 0 , 16.298285817 , 0.35612 , 25
22 , 0.5 , 40 , 0 , 14.5374498171 , 0.3558 , 25
22 , 0.75 , 10 , 0 , 21.2174887026 , 0.34912 , 25
22 , 0.75 , 20 , 0 , 18.3583016056 , 0.36236 , 25
22 , 0.75 , 30 , 0 , 16.4878324224 , 0.36852 , 25
22 , 0.75 , 40 , 0 , 15.096958396 , 0.36964 , 25
22 , 1 , 10 , 0 , 21.3822972074 , 0.35268 , 25
22 , 1 , 20 , 0 , 18.7123386425 , 0.36988 , 25
22 , 1 , 30 , 0 , 17.2477450237 , 0.37564 , 25
22 , 1 , 40 , 0 , 16.396343575 , 0.37904 , 25
23 ,  ,  ,  , 17.5777966187 , 0.333333333333 , 16
23 , 0.1 , 10 , 0 , 13.6070007039 , 0.462 , 16
23 , 0.1 , 20 , 0 , 11.0376962464 , 0.4898125 , 16
23 , 0.1 , 30 , 0 , 9.12988661361 , 0.5026875 , 16
23 , 0.1 , 40 , 0 , 7.63420969826 , 0.509375 , 16
23 , 0.25 , 10 , 0 , 11.1430342912 , 0.4874375 , 16
23 , 0.25 , 20 , 0 , 8.15793630489 , 0.5013125 , 16
23 , 0.25 , 30 , 0 , 6.31587805312 , 0.51 , 16
23 , 0.25 , 40 , 0 , 5.53300743371 , 0.514125 , 16
23 , 0.5 , 10 , 0 , 9.87285986678 , 0.47875 , 16
23 , 0.5 , 20 , 0 , 7.86358775272 , 0.4910625 , 16
23 , 0.5 , 30 , 0 , 6.75060727838 , 0.4989375 , 16
23 , 0.5 , 40 , 0 , 5.74543493611 , 0.504375 , 16
23 , 0.75 , 10 , 0 , 10.0289836776 , 0.4695 , 16
23 , 0.75 , 20 , 0 , 7.86426476582 , 0.4920625 , 16
23 , 0.75 , 30 , 0 , 6.92995589862 , 0.4864375 , 16
23 , 0.75 , 40 , 0 , 6.37750445285 , 0.4989375 , 16
23 , 1 , 10 , 0 , 11.235468183 , 0.472 , 16
23 , 1 , 20 , 0 , 8.57812508321 , 0.50425 , 16
23 , 1 , 30 , 0 , 6.83732840073 , 0.514 , 16
23 , 1 , 40 , 0 , 5.92368214583 , 0.5278125 , 16
24 ,  ,  ,  , 23.070858062 , 0.333333333333 , 21
24 , 0.1 , 10 , 0 , 20.4041163807 , 0.358142857143 , 21
24 , 0.1 , 20 , 0 , 18.8106572185 , 0.359428571429 , 21
24 , 0.1 , 30 , 0 , 17.8925545392 , 0.363571428571 , 21
24 , 0.1 , 40 , 0 , 17.0486580986 , 0.375428571429 , 21
24 , 0.25 , 10 , 0 , 18.6522318604 , 0.360714285714 , 21
24 , 0.25 , 20 , 0 , 17.1370474076 , 0.368857142857 , 21
24 , 0.25 , 30 , 0 , 15.7843938195 , 0.390428571429 , 21
24 , 0.25 , 40 , 0 , 14.7387726207 , 0.40019047619 , 21
24 , 0.5 , 10 , 0 , 17.5945608611 , 0.374428571429 , 21
24 , 0.5 , 20 , 0 , 15.9388969681 , 0.389238095238 , 21
24 , 0.5 , 30 , 0 , 14.504190978 , 0.411619047619 , 21
24 , 0.5 , 40 , 0 , 13.3477767555 , 0.423619047619 , 21
24 , 0.75 , 10 , 0 , 17.2405986831 , 0.383 , 21
24 , 0.75 , 20 , 0 , 15.3567308114 , 0.405666666667 , 21
24 , 0.75 , 30 , 0 , 13.9169274175 , 0.424333333333 , 21
24 , 0.75 , 40 , 0 , 12.5017427527 , 0.435952380952 , 21
24 , 1 , 10 , 0 , 16.9754158111 , 0.386047619048 , 21
24 , 1 , 20 , 0 , 15.2260252312 , 0.414142857143 , 21
24 , 1 , 30 , 0 , 13.5269902908 , 0.42719047619 , 21
24 , 1 , 40 , 0 , 11.9803464186 , 0.431761904762 , 21
25 ,  ,  ,  , 27.4653072167 , 0.333333333333 , 25
25 , 0.1 , 10 , 0 , 25.0346678754 , 0.35188 , 25
25 , 0.1 , 20 , 0 , 23.5215754083 , 0.366 , 25
25 , 0.1 , 30 , 0 , 21.9468991099 , 0.3752 , 25
25 , 0.1 , 40 , 0 , 20.0895532133 , 0.37956 , 25
25 , 0.25 , 10 , 0 , 24.2296909388 , 0.36868 , 25
25 , 0.25 , 20 , 0 , 21.4667926658 , 0.38744 , 25
25 , 0.25 , 30 , 0 , 19.057854262 , 0.40016 , 25
25 , 0.25 , 40 , 0 , 17.1419377867 , 0.40512 , 25
25 , 0.5 , 10 , 0 , 23.8809101242 , 0.38124 , 25
25 , 0.5 , 20 , 0 , 21.2676953885 , 0.40452 , 25
25 , 0.5 , 30 , 0 , 18.8565183983 , 0.42244 , 25
25 , 0.5 , 40 , 0 , 16.7255569852 , 0.44488 , 25
25 , 0.75 , 10 , 0 , 23.7818544237 , 0.38104 , 25
25 , 0.75 , 20 , 0 , 21.1240035313 , 0.41192 , 25
25 , 0.75 , 30 , 0 , 18.6972613315 , 0.434 , 25
25 , 0.75 , 40 , 0 , 16.7825964458 , 0.44852 , 25
25 , 1 , 10 , 0 , 23.6234365832 , 0.37828 , 25
25 , 1 , 20 , 0 , 20.4832747002 , 0.39296 , 25
25 , 1 , 30 , 0 , 17.8894015443 , 0.41204 , 25
25 , 1 , 40 , 0 , 16.2577508186 , 0.4252 , 25
26 ,  ,  ,  , 20.8736334847 , 0.333333333333 , 19
26 , 0.1 , 10 , 0 , 19.1455780706 , 0.373894736842 , 19
26 , 0.1 , 20 , 0 , 18.4059867794 , 0.384736842105 , 19
26 , 0.1 , 30 , 0 , 17.5387882549 , 0.393842105263 , 19
26 , 0.1 , 40 , 0 , 16.4710511786 , 0.399578947368 , 19
26 , 0.25 , 10 , 0 , 18.3268133977 , 0.394263157895 , 19
26 , 0.25 , 20 , 0 , 16.5790361411 , 0.409736842105 , 19
26 , 0.25 , 30 , 0 , 15.3558196444 , 0.408842105263 , 19
26 , 0.25 , 40 , 0 , 14.2795980152 , 0.408684210526 , 19
26 , 0.5 , 10 , 0 , 17.5724923308 , 0.396789473684 , 19
26 , 0.5 , 20 , 0 , 15.9540710779 , 0.403473684211 , 19
26 , 0.5 , 30 , 0 , 14.5942963225 , 0.400578947368 , 19
26 , 0.5 , 40 , 0 , 13.728379237 , 0.406105263158 , 19
26 , 0.75 , 10 , 0 , 17.4898756367 , 0.388052631579 , 19
26 , 0.75 , 20 , 0 , 16.1214802096 , 0.393947368421 , 19
26 , 0.75 , 30 , 0 , 14.601196295 , 0.387210526316 , 19
26 , 0.75 , 40 , 0 , 13.3742595153 , 0.386105263158 , 19
26 , 1 , 10 , 0 , 16.9579131995 , 0.367157894737 , 19
26 , 1 , 20 , 0 , 14.8595233201 , 0.349789473684 , 19
26 , 1 , 30 , 0 , 13.1877094087 , 0.337842105263 , 19
26 , 1 , 40 , 0 , 11.6733211322 , 0.322 , 19
27 ,  ,  ,  , 27.4653072167 , 0.333333333333 , 25
27 , 0.1 , 10 , 0 , 23.2614721377 , 0.436 , 25
27 , 0.1 , 20 , 0 , 20.8311881517 , 0.44532 , 25
27 , 0.1 , 30 , 0 , 19.7018086651 , 0.44792 , 25
27 , 0.1 , 40 , 0 , 18.8624712965 , 0.45232 , 25
27 , 0.25 , 10 , 0 , 20.3826903413 , 0.45716 , 25
27 , 0.25 , 20 , 0 , 18.1860143292 , 0.45668 , 25
27 , 0.25 , 30 , 0 , 17.0655535846 , 0.45332 , 25
27 , 0.25 , 40 , 0 , 16.4475619955 , 0.4486 , 25
27 , 0.5 , 10 , 0 , 18.7459377627 , 0.4632 , 25
27 , 0.5 , 20 , 0 , 17.0416231939 , 0.45308 , 25
27 , 0.5 , 30 , 0 , 15.9319773214 , 0.44936 , 25
27 , 0.5 , 40 , 0 , 15.1318195461 , 0.4388 , 25
27 , 0.75 , 10 , 0 , 18.4858337597 , 0.45844 , 25
27 , 0.75 , 20 , 0 , 16.6033117766 , 0.45168 , 25
27 , 0.75 , 30 , 0 , 15.2801931027 , 0.4458 , 25
27 , 0.75 , 40 , 0 , 14.1591059975 , 0.4452 , 25
27 , 1 , 10 , 0 , 18.8833847523 , 0.44728 , 25
27 , 1 , 20 , 0 , 16.8829645606 , 0.457 , 25
27 , 1 , 30 , 0 , 15.3396912297 , 0.45432 , 25
27 , 1 , 40 , 0 , 13.8348109512 , 0.4516 , 25
28 ,  ,  ,  , 27.4653072167 , 0.333333333333 , 25
28 , 0.1 , 10 , 0 , 19.0529572608 , 0.4034 , 25
28 , 0.1 , 20 , 0 , 11.3765733566 , 0.41176 , 25
28 , 0.1 , 30 , 0 , 6.93362245021 , 0.41192 , 25
28 , 0.1 , 40 , 0 , 4.44679926514 , 0.41652 , 25
28 , 0.25 , 10 , 0 , 14.5024247863 , 0.41784 , 25
28 , 0.25 , 20 , 0 , 6.19876345902 , 0.41984 , 25
28 , 0.25 , 30 , 0 , 2.86857443547 , 0.41832 , 25
28 , 0.25 , 40 , 0 , 1.67052863605 , 0.41956 , 25
28 , 0.5 , 10 , 0 , 13.1868001911 , 0.42288 , 25
28 , 0.5 , 20 , 0 , 6.20457391133 , 0.416 , 25
28 , 0.5 , 30 , 0 , 3.49813009296 , 0.41496 , 25
28 , 0.5 , 40 , 0 , 2.37006279035 , 0.4152 , 25
28 , 0.75 , 10 , 0 , 13.4962135881 , 0.42004 , 25
28 , 0.75 , 20 , 0 , 8.45021288545 , 0.40652 , 25
28 , 0.75 , 30 , 0 , 6.02475332753 , 0.40012 , 25
28 , 0.75 , 40 , 0 , 4.84299027806 , 0.3928 , 25
28 , 1 , 10 , 0 , 13.274245387 , 0.42108 , 25
28 , 1 , 20 , 0 , 9.05569673136 , 0.40204 , 25
28 , 1 , 30 , 0 , 6.7177341621 , 0.39672 , 25
28 , 1 , 40 , 0 , 5.46322793759 , 0.39 , 25
29 ,  ,  ,  , 16.47918433 , 0.333333333333 , 15
29 , 0.1 , 10 , 0 , 14.9544976564 , 0.360666666667 , 15
29 , 0.1 , 20 , 0 , 14.0605565468 , 0.369133333333 , 15
29 , 0.1 , 30 , 0 , 13.2617796165 , 0.367666666667 , 15
29 , 0.1 , 40 , 0 , 12.125163607 , 0.3796 , 15
29 , 0.25 , 10 , 0 , 13.95133584 , 0.371733333333 , 15
29 , 0.25 , 20 , 0 , 11.9837467434 , 0.379466666667 , 15
29 , 0.25 , 30 , 0 , 10.0709256753 , 0.3944 , 15
29 , 0.25 , 40 , 0 , 8.91721968503 , 0.397 , 15
29 , 0.5 , 10 , 0 , 13.021207207 , 0.381333333333 , 15
29 , 0.5 , 20 , 0 , 10.1326826466 , 0.396133333333 , 15
29 , 0.5 , 30 , 0 , 8.17276171486 , 0.397066666667 , 15
29 , 0.5 , 40 , 0 , 6.80776580772 , 0.405066666667 , 15
29 , 0.75 , 10 , 0 , 12.158467436 , 0.382733333333 , 15
29 , 0.75 , 20 , 0 , 9.1704179076 , 0.399 , 15
29 , 0.75 , 30 , 0 , 7.38096904233 , 0.407466666667 , 15
29 , 0.75 , 40 , 0 , 6.2408020263 , 0.405666666667 , 15
29 , 1 , 10 , 0 , 11.7406757269 , 0.386133333333 , 15
29 , 1 , 20 , 0 , 8.68630664819 , 0.397 , 15
29 , 1 , 30 , 0 , 7.13749605471 , 0.399466666667 , 15
29 , 1 , 40 , 0 , 6.23661454214 , 0.4036 , 15
30 ,  ,  ,  , 18.6764089074 , 0.333333333333 , 17
30 , 0.1 , 10 , 0 , 17.2912885237 , 0.344764705882 , 17
30 , 0.1 , 20 , 0 , 16.7145666722 , 0.339411764706 , 17
30 , 0.1 , 30 , 0 , 16.0325520954 , 0.337 , 17
30 , 0.1 , 40 , 0 , 15.328378671 , 0.337647058824 , 17
30 , 0.25 , 10 , 0 , 16.6435919506 , 0.334176470588 , 17
30 , 0.25 , 20 , 0 , 15.078834653 , 0.324 , 17
30 , 0.25 , 30 , 0 , 13.9184637844 , 0.332764705882 , 17
30 , 0.25 , 40 , 0 , 12.6090931762 , 0.347294117647 , 17
30 , 0.5 , 10 , 0 , 15.6775159379 , 0.322352941176 , 17
30 , 0.5 , 20 , 0 , 13.5912950315 , 0.327647058824 , 17
30 , 0.5 , 30 , 0 , 12.1527710818 , 0.336 , 17
30 , 0.5 , 40 , 0 , 10.804405309 , 0.342647058824 , 17
30 , 0.75 , 10 , 0 , 15.084874736 , 0.312411764706 , 17
30 , 0.75 , 20 , 0 , 13.0019601706 , 0.322235294118 , 17
30 , 0.75 , 30 , 0 , 11.651773664 , 0.337823529412 , 17
30 , 0.75 , 40 , 0 , 10.1206124715 , 0.348352941176 , 17
30 , 1 , 10 , 0 , 14.5437452458 , 0.315529411765 , 17
30 , 1 , 20 , 0 , 12.7305420049 , 0.318529411765 , 17
30 , 1 , 30 , 0 , 11.2191118852 , 0.333764705882 , 17
30 , 1 , 40 , 0 , 9.98150918785 , 0.339941176471 , 17
31 ,  ,  ,  , 24.1694703507 , 0.333333333333 , 22
31 , 0.1 , 10 , 0 , 19.5561349387 , 0.325227272727 , 22
31 , 0.1 , 20 , 0 , 16.1114051011 , 0.333318181818 , 22
31 , 0.1 , 30 , 0 , 13.4483147056 , 0.3385 , 22
31 , 0.1 , 40 , 0 , 11.6162912136 , 0.345227272727 , 22
31 , 0.25 , 10 , 0 , 14.63507442 , 0.343909090909 , 22
31 , 0.25 , 20 , 0 , 9.24674389719 , 0.369681818182 , 22
31 , 0.25 , 30 , 0 , 7.08951393783 , 0.369545454545 , 22
31 , 0.25 , 40 , 0 , 6.12690939399 , 0.369454545455 , 22
31 , 0.5 , 10 , 0 , 8.87290579566 , 0.370863636364 , 22
31 , 0.5 , 20 , 0 , 5.80896476993 , 0.372681818182 , 22
31 , 0.5 , 30 , 0 , 5.56969841911 , 0.378045454545 , 22
31 , 0.5 , 40 , 0 , 5.50576470985 , 0.375 , 22
31 , 0.75 , 10 , 0 , 6.87214445451 , 0.375954545455 , 22
31 , 0.75 , 20 , 0 , 5.52572776173 , 0.377818181818 , 22
31 , 0.75 , 30 , 0 , 5.56899358311 , 0.372772727273 , 22
31 , 0.75 , 40 , 0 , 5.60756922993 , 0.377363636364 , 22
31 , 1 , 10 , 0 , 6.49058479604 , 0.375136363636 , 22
31 , 1 , 20 , 0 , 5.53880990411 , 0.376 , 22
31 , 1 , 30 , 0 , 5.52513855626 , 0.375318181818 , 22
31 , 1 , 40 , 0 , 5.55557584522 , 0.375590909091 , 22
32 ,  ,  ,  , 20.8736334847 , 0.333333333333 , 19
32 , 0.1 , 10 , 0 , 16.2342668562 , 0.460684210526 , 19
32 , 0.1 , 20 , 0 , 12.5818823861 , 0.491631578947 , 19
32 , 0.1 , 30 , 0 , 10.578296471 , 0.512263157895 , 19
32 , 0.1 , 40 , 0 , 9.03600312051 , 0.524789473684 , 19
32 , 0.25 , 10 , 0 , 13.1716591164 , 0.494421052632 , 19
32 , 0.25 , 20 , 0 , 9.31109525126 , 0.527263157895 , 19
32 , 0.25 , 30 , 0 , 7.56655159154 , 0.534263157895 , 19
32 , 0.25 , 40 , 0 , 6.62225709831 , 0.544052631579 , 19
32 , 0.5 , 10 , 0 , 11.7756702687 , 0.513263157895 , 19
32 , 0.5 , 20 , 0 , 8.13948881981 , 0.533842105263 , 19
32 , 0.5 , 30 , 0 , 6.65329754183 , 0.542947368421 , 19
32 , 0.5 , 40 , 0 , 5.57523792702 , 0.549263157895 , 19
32 , 0.75 , 10 , 0 , 11.9378393321 , 0.512 , 19
32 , 0.75 , 20 , 0 , 8.47683274853 , 0.532947368421 , 19
32 , 0.75 , 30 , 0 , 7.06148801964 , 0.543105263158 , 19
32 , 0.75 , 40 , 0 , 6.13970360145 , 0.544210526316 , 19
32 , 1 , 10 , 0 , 12.4282425112 , 0.489052631579 , 19
32 , 1 , 20 , 0 , 9.4930620551 , 0.499684210526 , 19
32 , 1 , 30 , 0 , 7.73344313052 , 0.503210526316 , 19
32 , 1 , 40 , 0 , 6.51201582678 , 0.499736842105 , 19
33 ,  ,  ,  , 27.4653072167 , 0.333333333333 , 25
33 , 0.1 , 10 , 0 , 20.572028758 , 0.33388 , 25
33 , 0.1 , 20 , 0 , 15.6767682658 , 0.3366 , 25
33 , 0.1 , 30 , 0 , 12.7475855929 , 0.34192 , 25
33 , 0.1 , 40 , 0 , 11.4416835281 , 0.34892 , 25
33 , 0.25 , 10 , 0 , 15.3597583603 , 0.32704 , 25
33 , 0.25 , 20 , 0 , 11.7727858751 , 0.33428 , 25
33 , 0.25 , 30 , 0 , 10.9479099551 , 0.34508 , 25
33 , 0.25 , 40 , 0 , 10.6645039814 , 0.35016 , 25
33 , 0.5 , 10 , 0 , 12.9822389932 , 0.29432 , 25
33 , 0.5 , 20 , 0 , 11.176619017 , 0.28512 , 25
33 , 0.5 , 30 , 0 , 10.7678278622 , 0.29048 , 25
33 , 0.5 , 40 , 0 , 10.4054921755 , 0.28704 , 25
33 , 0.75 , 10 , 0 , 12.0697533467 , 0.27296 , 25
33 , 0.75 , 20 , 0 , 10.2746265664 , 0.2716 , 25
33 , 0.75 , 30 , 0 , 9.83706074544 , 0.27788 , 25
33 , 0.75 , 40 , 0 , 9.75246825124 , 0.27408 , 25
33 , 1 , 10 , 0 , 13.9736692147 , 0.28164 , 25
33 , 1 , 20 , 0 , 11.2439403603 , 0.2702 , 25
33 , 1 , 30 , 0 , 10.0199287246 , 0.27212 , 25
33 , 1 , 40 , 0 , 9.65909002393 , 0.27148 , 25
34 ,  ,  ,  , 21.9722457734 , 0.333333333333 , 20
34 , 0.1 , 10 , 0 , 16.8428797924 , 0.28765 , 20
34 , 0.1 , 20 , 0 , 12.5192705981 , 0.277 , 20
34 , 0.1 , 30 , 0 , 9.98614309862 , 0.28175 , 20
34 , 0.1 , 40 , 0 , 8.77867642424 , 0.28055 , 20
34 , 0.25 , 10 , 0 , 11.942174182 , 0.28015 , 20
34 , 0.25 , 20 , 0 , 8.55454768845 , 0.27985 , 20
34 , 0.25 , 30 , 0 , 7.86338568894 , 0.2855 , 20
34 , 0.25 , 40 , 0 , 7.63518573277 , 0.28625 , 20
34 , 0.5 , 10 , 0 , 9.49555445283 , 0.2769 , 20
34 , 0.5 , 20 , 0 , 7.76984740287 , 0.2803 , 20
34 , 0.5 , 30 , 0 , 7.31555183287 , 0.2881 , 20
34 , 0.5 , 40 , 0 , 6.90884143522 , 0.28775 , 20
34 , 0.75 , 10 , 0 , 9.40727563273 , 0.2787 , 20
34 , 0.75 , 20 , 0 , 7.50967203825 , 0.279 , 20
34 , 0.75 , 30 , 0 , 6.97264875725 , 0.2845 , 20
34 , 0.75 , 40 , 0 , 6.69581022618 , 0.2799 , 20
34 , 1 , 10 , 0 , 10.4140282101 , 0.2807 , 20
34 , 1 , 20 , 0 , 7.36610054984 , 0.27635 , 20
34 , 1 , 30 , 0 , 6.85469237036 , 0.27705 , 20
34 , 1 , 40 , 0 , 6.59150802134 , 0.27795 , 20
35 ,  ,  ,  , 27.4653072167 , 0.333333333333 , 25
35 , 0.1 , 10 , 0 , 24.637992278 , 0.47372 , 25
35 , 0.1 , 20 , 0 , 20.7554356079 , 0.50744 , 25
35 , 0.1 , 30 , 0 , 17.1744334421 , 0.52964 , 25
35 , 0.1 , 40 , 0 , 14.3016609973 , 0.5492 , 25
35 , 0.25 , 10 , 0 , 21.173729975 , 0.48028 , 25
35 , 0.25 , 20 , 0 , 14.5604430188 , 0.52272 , 25
35 , 0.25 , 30 , 0 , 11.2798282035 , 0.5438 , 25
35 , 0.25 , 40 , 0 , 9.16033764087 , 0.55512 , 25
35 , 0.5 , 10 , 0 , 17.5360076945 , 0.47232 , 25
35 , 0.5 , 20 , 0 , 12.1808184296 , 0.50088 , 25
35 , 0.5 , 30 , 0 , 10.2011119434 , 0.51276 , 25
35 , 0.5 , 40 , 0 , 9.25530107236 , 0.52008 , 25
35 , 0.75 , 10 , 0 , 15.8130983399 , 0.4648 , 25
35 , 0.75 , 20 , 0 , 11.7126840438 , 0.48356 , 25
35 , 0.75 , 30 , 0 , 10.704301211 , 0.49216 , 25
35 , 0.75 , 40 , 0 , 9.9529482063 , 0.49568 , 25
35 , 1 , 10 , 0 , 14.911050963 , 0.468 , 25
35 , 1 , 20 , 0 , 12.4906552349 , 0.48 , 25
35 , 1 , 30 , 0 , 11.2252346488 , 0.49716 , 25
35 , 1 , 40 , 0 , 10.3662097425 , 0.50076 , 25
36 ,  ,  ,  , 27.4653072167 , 0.333333333333 , 25
36 , 0.1 , 10 , 0 , 17.5276870757 , 0.351 , 25
36 , 0.1 , 20 , 0 , 11.7590603465 , 0.36152 , 25
36 , 0.1 , 30 , 0 , 9.1868728208 , 0.36504 , 25
36 , 0.1 , 40 , 0 , 7.88715698308 , 0.36672 , 25
36 , 0.25 , 10 , 0 , 11.72787983 , 0.34652 , 25
36 , 0.25 , 20 , 0 , 7.37697289637 , 0.35436 , 25
36 , 0.25 , 30 , 0 , 6.03598134318 , 0.35396 , 25
36 , 0.25 , 40 , 0 , 5.34985197606 , 0.352 , 25
36 , 0.5 , 10 , 0 , 7.85926399082 , 0.34336 , 25
36 , 0.5 , 20 , 0 , 5.27645599062 , 0.341 , 25
36 , 0.5 , 30 , 0 , 4.46696837029 , 0.33872 , 25
36 , 0.5 , 40 , 0 , 4.26826825064 , 0.34148 , 25
36 , 0.75 , 10 , 0 , 7.95540993013 , 0.33828 , 25
36 , 0.75 , 20 , 0 , 6.40738168879 , 0.3396 , 25
36 , 0.75 , 30 , 0 , 5.55997090295 , 0.33972 , 25
36 , 0.75 , 40 , 0 , 5.11080557584 , 0.34032 , 25
36 , 1 , 10 , 0 , 9.15954701855 , 0.34184 , 25
36 , 1 , 20 , 0 , 8.27221619463 , 0.3408 , 25
36 , 1 , 30 , 0 , 7.99713053455 , 0.33908 , 25
36 , 1 , 40 , 0 , 7.79266543935 , 0.3416 , 25
37 ,  ,  ,  , 16.47918433 , 0.333333333333 , 15
37 , 0.1 , 10 , 0 , 16.0257063963 , 0.335266666667 , 15
37 , 0.1 , 20 , 0 , 16.2181561795 , 0.3218 , 15
37 , 0.1 , 30 , 0 , 16.1688584236 , 0.3212 , 15
37 , 0.1 , 40 , 0 , 15.8516816472 , 0.309466666667 , 15
37 , 0.25 , 10 , 0 , 16.2022160091 , 0.325666666667 , 15
37 , 0.25 , 20 , 0 , 15.8576021526 , 0.3084 , 15
37 , 0.25 , 30 , 0 , 14.8896670853 , 0.295333333333 , 15
37 , 0.25 , 40 , 0 , 13.6817948496 , 0.298266666667 , 15
37 , 0.5 , 10 , 0 , 16.1261394295 , 0.328066666667 , 15
37 , 0.5 , 20 , 0 , 14.9149727249 , 0.2986 , 15
37 , 0.5 , 30 , 0 , 13.3796918741 , 0.289533333333 , 15
37 , 0.5 , 40 , 0 , 11.9988687037 , 0.2862 , 15
37 , 0.75 , 10 , 0 , 15.7609274912 , 0.316066666667 , 15
37 , 0.75 , 20 , 0 , 14.5296335769 , 0.295266666667 , 15
37 , 0.75 , 30 , 0 , 13.3935724024 , 0.2812 , 15
37 , 0.75 , 40 , 0 , 12.3179947801 , 0.268533333333 , 15
37 , 1 , 10 , 0 , 15.1206505119 , 0.314266666667 , 15
37 , 1 , 20 , 0 , 13.8555244417 , 0.290333333333 , 15
37 , 1 , 30 , 0 , 13.219646083 , 0.273933333333 , 15
37 , 1 , 40 , 0 , 12.7675028255 , 0.2562 , 15
38 ,  ,  ,  , 27.4653072167 , 0.333333333333 , 25
38 , 0.1 , 10 , 0 , 21.1472922591 , 0.33688 , 25
38 , 0.1 , 20 , 0 , 15.8632396152 , 0.32952 , 25
38 , 0.1 , 30 , 0 , 13.1039908084 , 0.32748 , 25
38 , 0.1 , 40 , 0 , 11.6471316426 , 0.32408 , 25
38 , 0.25 , 10 , 0 , 14.9651665203 , 0.3368 , 25
38 , 0.25 , 20 , 0 , 10.8808802046 , 0.32648 , 25
38 , 0.25 , 30 , 0 , 9.36892037974 , 0.32388 , 25
38 , 0.25 , 40 , 0 , 8.6798702643 , 0.32048 , 25
38 , 0.5 , 10 , 0 , 11.2765636979 , 0.3316 , 25
38 , 0.5 , 20 , 0 , 8.09870098602 , 0.31896 , 25
38 , 0.5 , 30 , 0 , 7.66146819707 , 0.31 , 25
38 , 0.5 , 40 , 0 , 7.48523269756 , 0.31096 , 25
38 , 0.75 , 10 , 0 , 11.0598475391 , 0.32756 , 25
38 , 0.75 , 20 , 0 , 8.08119263001 , 0.31324 , 25
38 , 0.75 , 30 , 0 , 7.53594140851 , 0.31076 , 25
38 , 0.75 , 40 , 0 , 7.37779658395 , 0.3092 , 25
38 , 1 , 10 , 0 , 12.3235227599 , 0.36396 , 25
38 , 1 , 20 , 0 , 10.4548347864 , 0.3622 , 25
38 , 1 , 30 , 0 , 9.84964307912 , 0.36692 , 25
38 , 1 , 40 , 0 , 9.41419859291 , 0.37368 , 25
39 ,  ,  ,  , 19.775021196 , 0.333333333333 , 18
39 , 0.1 , 10 , 0 , 17.9336782191 , 0.304888888889 , 18
39 , 0.1 , 20 , 0 , 16.6037913421 , 0.295333333333 , 18
39 , 0.1 , 30 , 0 , 15.4674360722 , 0.282111111111 , 18
39 , 0.1 , 40 , 0 , 14.674112814 , 0.280722222222 , 18
39 , 0.25 , 10 , 0 , 16.2518504194 , 0.290222222222 , 18
39 , 0.25 , 20 , 0 , 14.0558193106 , 0.284666666667 , 18
39 , 0.25 , 30 , 0 , 13.1711962324 , 0.284111111111 , 18
39 , 0.25 , 40 , 0 , 12.6895168653 , 0.282277777778 , 18
39 , 0.5 , 10 , 0 , 14.3740227603 , 0.289888888889 , 18
39 , 0.5 , 20 , 0 , 12.5521323412 , 0.287388888889 , 18
39 , 0.5 , 30 , 0 , 11.6289991999 , 0.283555555556 , 18
39 , 0.5 , 40 , 0 , 11.0031981774 , 0.291444444444 , 18
39 , 0.75 , 10 , 0 , 13.5824276252 , 0.2935 , 18
39 , 0.75 , 20 , 0 , 11.6815837617 , 0.292888888889 , 18
39 , 0.75 , 30 , 0 , 10.7118800923 , 0.295555555556 , 18
39 , 0.75 , 40 , 0 , 10.193715662 , 0.290333333333 , 18
39 , 1 , 10 , 0 , 13.6527364103 , 0.316111111111 , 18
39 , 1 , 20 , 0 , 12.0287636117 , 0.3235 , 18
39 , 1 , 30 , 0 , 11.1373965377 , 0.323111111111 , 18
39 , 1 , 40 , 0 , 10.542792082 , 0.323277777778 , 18
40 ,  ,  ,  , 27.4653072167 , 0.333333333333 , 25
40 , 0.1 , 10 , 0 , 22.9346020867 , 0.32608 , 25
40 , 0.1 , 20 , 0 , 19.168634876 , 0.32192 , 25
40 , 0.1 , 30 , 0 , 15.6948249355 , 0.31704 , 25
40 , 0.1 , 40 , 0 , 12.8972449827 , 0.31532 , 25
40 , 0.25 , 10 , 0 , 19.7483107696 , 0.32768 , 25
40 , 0.25 , 20 , 0 , 14.0196943155 , 0.31864 , 25
40 , 0.25 , 30 , 0 , 11.1062288978 , 0.31568 , 25
40 , 0.25 , 40 , 0 , 9.6074762173 , 0.3132 , 25
40 , 0.5 , 10 , 0 , 18.6462361814 , 0.32432 , 25
40 , 0.5 , 20 , 0 , 14.554340829 , 0.32416 , 25
40 , 0.5 , 30 , 0 , 12.1695400845 , 0.31992 , 25
40 , 0.5 , 40 , 0 , 10.915006164 , 0.31724 , 25
40 , 0.75 , 10 , 0 , 19.5736802874 , 0.33516 , 25
40 , 0.75 , 20 , 0 , 16.4289883862 , 0.33024 , 25
40 , 0.75 , 30 , 0 , 14.5785384418 , 0.32592 , 25
40 , 0.75 , 40 , 0 , 13.4320637281 , 0.3242 , 25
40 , 1 , 10 , 0 , 21.1428879487 , 0.34272 , 25
40 , 1 , 20 , 0 , 19.4308493294 , 0.34128 , 25
40 , 1 , 30 , 0 , 18.3572598472 , 0.343 , 25
40 , 1 , 40 , 0 , 17.3698740453 , 0.34124 , 25
41 ,  ,  ,  , 18.6764089074 , 0.333333333333 , 17
41 , 0.1 , 10 , 0 , 16.6848671549 , 0.366 , 17
41 , 0.1 , 20 , 0 , 14.9987211235 , 0.371823529412 , 17
41 , 0.1 , 30 , 0 , 13.2003576533 , 0.384117647059 , 17
41 , 0.1 , 40 , 0 , 11.9918440071 , 0.376823529412 , 17
41 , 0.25 , 10 , 0 , 14.9474234744 , 0.374 , 17
41 , 0.25 , 20 , 0 , 12.1055808234 , 0.379941176471 , 17
41 , 0.25 , 30 , 0 , 10.7405300718 , 0.375176470588 , 17
41 , 0.25 , 40 , 0 , 9.7546681457 , 0.381764705882 , 17
41 , 0.5 , 10 , 0 , 13.0003829823 , 0.393235294118 , 17
41 , 0.5 , 20 , 0 , 9.39535406521 , 0.379352941176 , 17
41 , 0.5 , 30 , 0 , 7.37169567653 , 0.370352941176 , 17
41 , 0.5 , 40 , 0 , 6.23532328556 , 0.368058823529 , 17
41 , 0.75 , 10 , 0 , 10.9753575395 , 0.410705882353 , 17
41 , 0.75 , 20 , 0 , 7.73657038805 , 0.399882352941 , 17
41 , 0.75 , 30 , 0 , 6.27752231209 , 0.386176470588 , 17
41 , 0.75 , 40 , 0 , 5.47985675175 , 0.380058823529 , 17
41 , 1 , 10 , 0 , 8.96545727075 , 0.444705882353 , 17
41 , 1 , 20 , 0 , 5.87694294381 , 0.457352941176 , 17
41 , 1 , 30 , 0 , 4.49961991145 , 0.461294117647 , 17
41 , 1 , 40 , 0 , 3.95204532944 , 0.467941176471 , 17
42 ,  ,  ,  , 27.4653072167 , 0.333333333333 , 25
42 , 0.1 , 10 , 0 , 17.5342010742 , 0.29964 , 25
42 , 0.1 , 20 , 0 , 11.9526746552 , 0.29828 , 25
42 , 0.1 , 30 , 0 , 9.26421421615 , 0.29264 , 25
42 , 0.1 , 40 , 0 , 7.8029941545 , 0.29324 , 25
42 , 0.25 , 10 , 0 , 11.7086181901 , 0.28368 , 25
42 , 0.25 , 20 , 0 , 7.56177202036 , 0.27404 , 25
42 , 0.25 , 30 , 0 , 6.21491531409 , 0.26412 , 25
42 , 0.25 , 40 , 0 , 5.83547492136 , 0.26012 , 25
42 , 0.5 , 10 , 0 , 8.72287637178 , 0.26208 , 25
42 , 0.5 , 20 , 0 , 6.9037040331 , 0.25276 , 25
42 , 0.5 , 30 , 0 , 6.3757307237 , 0.2504 , 25
42 , 0.5 , 40 , 0 , 5.92180400713 , 0.25196 , 25
42 , 0.75 , 10 , 0 , 6.91401150286 , 0.25616 , 25
42 , 0.75 , 20 , 0 , 5.48065993423 , 0.25188 , 25
42 , 0.75 , 30 , 0 , 5.06391693437 , 0.25024 , 25
42 , 0.75 , 40 , 0 , 4.92157753135 , 0.25264 , 25
42 , 1 , 10 , 0 , 5.71912611782 , 0.25304 , 25
42 , 1 , 20 , 0 , 4.92133700215 , 0.2524 , 25
42 , 1 , 30 , 0 , 4.8398822114 , 0.25072 , 25
42 , 1 , 40 , 0 , 4.87988114991 , 0.24804 , 25
43 ,  ,  ,  , 25.2680826394 , 0.333333333333 , 23
43 , 0.1 , 10 , 0 , 18.0964952671 , 0.281086956522 , 23
43 , 0.1 , 20 , 0 , 12.1554536957 , 0.247086956522 , 23
43 , 0.1 , 30 , 0 , 8.68818631202 , 0.234956521739 , 23
43 , 0.1 , 40 , 0 , 6.5612192799 , 0.232608695652 , 23
43 , 0.25 , 10 , 0 , 10.0057632841 , 0.256956521739 , 23
43 , 0.25 , 20 , 0 , 4.95360730789 , 0.252304347826 , 23
43 , 0.25 , 30 , 0 , 3.89066187894 , 0.24852173913 , 23
43 , 0.25 , 40 , 0 , 3.61262907908 , 0.248260869565 , 23
43 , 0.5 , 10 , 0 , 6.2231422641 , 0.273173913043 , 23
43 , 0.5 , 20 , 0 , 4.39905998628 , 0.271739130435 , 23
43 , 0.5 , 30 , 0 , 4.19165670125 , 0.267826086957 , 23
43 , 0.5 , 40 , 0 , 4.13251195159 , 0.269391304348 , 23
43 , 0.75 , 10 , 0 , 6.4702743387 , 0.293 , 23
43 , 0.75 , 20 , 0 , 4.20997314914 , 0.294260869565 , 23
43 , 0.75 , 30 , 0 , 3.59313369777 , 0.294695652174 , 23
43 , 0.75 , 40 , 0 , 3.5073881347 , 0.294695652174 , 23
43 , 1 , 10 , 0 , 8.21794027844 , 0.311347826087 , 23
43 , 1 , 20 , 0 , 7.46368888433 , 0.300782608696 , 23
43 , 1 , 30 , 0 , 6.89668016755 , 0.295347826087 , 23
43 , 1 , 40 , 0 , 6.36581826395 , 0.296913043478 , 23
44 ,  ,  ,  , 27.4653072167 , 0.333333333333 , 25
44 , 0.1 , 10 , 0 , 12.1273129439 , 0.32956 , 25
44 , 0.1 , 20 , 0 , 5.91288836555 , 0.33424 , 25
44 , 0.1 , 30 , 0 , 3.95545225636 , 0.33548 , 25
44 , 0.1 , 40 , 0 , 3.00621693743 , 0.33964 , 25
44 , 0.25 , 10 , 0 , 5.72243877071 , 0.33332 , 25
44 , 0.25 , 20 , 0 , 2.57097649568 , 0.338 , 25
44 , 0.25 , 30 , 0 , 1.70979143129 , 0.34012 , 25
44 , 0.25 , 40 , 0 , 1.28790847192 , 0.33944 , 25
44 , 0.5 , 10 , 0 , 3.24520195361 , 0.3376 , 25
44 , 0.5 , 20 , 0 , 1.33619774016 , 0.34056 , 25
44 , 0.5 , 30 , 0 , 1.08449630986 , 0.34056 , 25
44 , 0.5 , 40 , 0 , 1.061498913 , 0.33928 , 25
44 , 0.75 , 10 , 0 , 2.65035811169 , 0.33716 , 25
44 , 0.75 , 20 , 0 , 1.15685453527 , 0.34064 , 25
44 , 0.75 , 30 , 0 , 1.01317613126 , 0.34156 , 25
44 , 0.75 , 40 , 0 , 1.0390535651 , 0.34004 , 25
44 , 1 , 10 , 0 , 2.87835512658 , 0.33424 , 25
44 , 1 , 20 , 0 , 1.14247306619 , 0.33952 , 25
44 , 1 , 30 , 0 , 1.03918302989 , 0.34008 , 25
44 , 1 , 40 , 0 , 1.04324007996 , 0.3398 , 25
45 ,  ,  ,  , 27.4653072167 , 0.333333333333 , 25
45 , 0.1 , 10 , 0 , 22.5032521675 , 0.3838 , 25
45 , 0.1 , 20 , 0 , 18.7004074247 , 0.40304 , 25
45 , 0.1 , 30 , 0 , 16.6415423762 , 0.41636 , 25
45 , 0.1 , 40 , 0 , 15.3259032461 , 0.4128 , 25
45 , 0.25 , 10 , 0 , 19.612811159 , 0.40228 , 25
45 , 0.25 , 20 , 0 , 16.4584084106 , 0.42112 , 25
45 , 0.25 , 30 , 0 , 15.2356195185 , 0.42116 , 25
45 , 0.25 , 40 , 0 , 14.8884104557 , 0.42816 , 25
45 , 0.5 , 10 , 0 , 18.7061642454 , 0.40284 , 25
45 , 0.5 , 20 , 0 , 16.86336026 , 0.41144 , 25
45 , 0.5 , 30 , 0 , 16.0308392204 , 0.42664 , 25
45 , 0.5 , 40 , 0 , 15.4011073971 , 0.42852 , 25
45 , 0.75 , 10 , 0 , 19.5295594416 , 0.3688 , 25
45 , 0.75 , 20 , 0 , 18.4253956877 , 0.36976 , 25
45 , 0.75 , 30 , 0 , 18.0364932175 , 0.36744 , 25
45 , 0.75 , 40 , 0 , 17.7459276157 , 0.3646 , 25
45 , 1 , 10 , 0 , 20.4094867031 , 0.3568 , 25
45 , 1 , 20 , 0 , 20.1823020877 , 0.35108 , 25
45 , 1 , 30 , 0 , 20.0724377571 , 0.34252 , 25
45 , 1 , 40 , 0 , 19.6303085169 , 0.3406 , 25
