0 , 0 , 0 , 0 , 27.4653072167 , 33.3333333333 , 0 , 7.89226698991
0 , 0.1 , 10.0 , 0.0 , 17.5201096847 , 3.38168223485 , 39.6724 , 7.89226698991
0 , 0.1 , 20.0 , 0.0 , 11.6357987671 , 3.1284461684 , 40.8664 , 6.41184458951
0 , 0.1 , 30.0 , 0.0 , 8.78630057277 , 2.74623596271 , 41.5556 , 5.59722329731
0 , 0.1 , 40.0 , 0.0 , 7.07659911312 , 2.50476191422 , 42.1216 , 4.94040620192
0 , 0.25 , 10.0 , 0.0 , 12.0168884888 , 2.9619474829 , 39.9524 , 6.56774955674
0 , 0.25 , 20.0 , 0.0 , 8.29749734009 , 2.02589028209 , 41.1104 , 5.5381415511
0 , 0.25 , 30.0 , 0.0 , 7.16096225705 , 1.58268483509 , 41.5888 , 5.14094490926
0 , 0.25 , 40.0 , 0.0 , 6.61183505079 , 1.40641681047 , 41.9324 , 4.95889405412
0 , 0.5 , 10.0 , 0.0 , 6.77281842501 , 2.71756520622 , 40.206 , 4.97746562017
0 , 0.5 , 20.0 , 0.0 , 3.58632852645 , 1.63690302616 , 40.9552 , 3.69945846848
0 , 0.5 , 30.0 , 0.0 , 2.99012806568 , 1.04143945231 , 41.0488 , 3.42099672026
0 , 0.5 , 40.0 , 0.0 , 2.82963289411 , 0.733402312004 , 41.0316 , 3.37137975316
0 , 0.75 , 10.0 , 0.0 , 5.07405181894 , 1.83475579606 , 39.324 , 4.65315204995
0 , 0.75 , 20.0 , 0.0 , 3.81283401516 , 1.25943756034 , 40.062 , 3.9728272049
0 , 0.75 , 30.0 , 0.0 , 3.31497761321 , 1.10302093267 , 40.3192 , 3.68137356974
0 , 0.75 , 40.0 , 0.0 , 3.08030644728 , 0.977366152911 , 40.4908 , 3.4954706922
0 , 1.0 , 10.0 , 0.0 , 4.40025410029 , 1.43636995241 , 37.2944 , 4.30754322555
0 , 1.0 , 20.0 , 0.0 , 3.52420556248 , 1.05988453563 , 37.4792 , 3.80788226709
0 , 1.0 , 30.0 , 0.0 , 3.19335596111 , 1.00292227912 , 37.4348 , 3.56658785957
0 , 1.0 , 40.0 , 0.0 , 3.00014809074 , 0.895867267654 , 37.2404 , 3.47180181462
1 , 0 , 0 , 0 , 27.4653072167 , 33.3333333333 , 0 , 6.96213345462
1 , 0.1 , 10.0 , 0.0 , 14.461070693 , 3.91793076722 , 55.2076 , 6.96213345462
1 , 0.1 , 20.0 , 0.0 , 7.56654966129 , 3.29482518831 , 59.9352 , 4.8874329622
1 , 0.1 , 30.0 , 0.0 , 4.95738044295 , 2.61748572968 , 61.5264 , 3.91832911328
1 , 0.1 , 40.0 , 0.0 , 3.67230460171 , 2.11312044662 , 62.2244 , 3.37248345289
1 , 0.25 , 10.0 , 0.0 , 10.737936742 , 3.88841106249 , 60.0372 , 5.81393293391
1 , 0.25 , 20.0 , 0.0 , 4.5222356642 , 2.79637614619 , 62.52 , 3.59933327159
1 , 0.25 , 30.0 , 0.0 , 2.77070335206 , 1.77325673824 , 62.9124 , 2.8849135585
1 , 0.25 , 40.0 , 0.0 , 2.30307089543 , 1.20767408981 , 62.9552 , 2.69747900085
1 , 0.5 , 10.0 , 0.0 , 11.309279794 , 3.55758584205 , 62.2036 , 5.90594167259
1 , 0.5 , 20.0 , 0.0 , 6.51666717802 , 2.38317899939 , 64.734 , 4.33557885409
1 , 0.5 , 30.0 , 0.0 , 5.3246037999 , 1.67478248586 , 65.1132 , 3.96635673635
1 , 0.5 , 40.0 , 0.0 , 4.95654203169 , 1.42903426145 , 65.194 , 3.79683605124
1 , 0.75 , 10.0 , 0.0 , 13.0327637509 , 3.31715633778 , 61.4692 , 6.62044193087
1 , 0.75 , 20.0 , 0.0 , 8.4095803483 , 2.48989410811 , 64.8296 , 5.25567919873
1 , 0.75 , 30.0 , 0.0 , 6.78230954967 , 1.85431174428 , 66.2416 , 4.87303082691
1 , 0.75 , 40.0 , 0.0 , 6.06519570184 , 1.52680141208 , 66.8964 , 4.7351945092
1 , 1.0 , 10.0 , 0.0 , 15.0393238035 , 2.88323834397 , 58.1256 , 7.01861985293
1 , 1.0 , 20.0 , 0.0 , 11.55168324 , 2.33107920302 , 60.2472 , 6.39147026591
1 , 1.0 , 30.0 , 0.0 , 10.1307303158 , 2.00851874267 , 61.1564 , 6.0835794595
1 , 1.0 , 40.0 , 0.0 , 9.26930603361 , 1.87743798557 , 61.7608 , 5.89158581029
2 , 0 , 0 , 0 , 27.4653072167 , 33.3333333333 , 0 , 8.16159238384
2 , 0.1 , 10.0 , 0.0 , 22.7966781408 , 2.85582037657 , 26.2324 , 8.16159238384
2 , 0.1 , 20.0 , 0.0 , 18.6339961918 , 3.58450096394 , 23.6744 , 7.13725329801
2 , 0.1 , 30.0 , 0.0 , 14.7197535989 , 3.74724046213 , 21.7176 , 6.21612823549
2 , 0.1 , 40.0 , 0.0 , 11.6520860303 , 3.57687467679 , 20.2196 , 5.40294140631
2 , 0.25 , 10.0 , 0.0 , 19.5960769477 , 3.3361075481 , 25.1272 , 7.41025101869
2 , 0.25 , 20.0 , 0.0 , 13.5127596889 , 3.5127351444 , 21.6228 , 5.95678773837
2 , 0.25 , 30.0 , 0.0 , 9.76988413303 , 3.22299556485 , 19.2744 , 4.99710962858
2 , 0.25 , 40.0 , 0.0 , 7.51743658557 , 2.71335359288 , 17.918 , 4.2991715481
2 , 0.5 , 10.0 , 0.0 , 20.03472406 , 2.61814280977 , 28.13 , 7.56205659857
2 , 0.5 , 20.0 , 0.0 , 17.0399620783 , 2.47245301003 , 26.29 , 6.99113009463
2 , 0.5 , 30.0 , 0.0 , 15.1781876386 , 2.55147794774 , 24.4164 , 6.60552882364
2 , 0.5 , 40.0 , 0.0 , 13.5398152529 , 2.71850804916 , 22.5528 , 6.06511435671
2 , 0.75 , 10.0 , 0.0 , 20.6975588675 , 2.2360633989 , 34.758 , 7.96039169891
2 , 0.75 , 20.0 , 0.0 , 16.1169587114 , 2.95507495888 , 38.8932 , 6.88620314542
2 , 0.75 , 30.0 , 0.0 , 12.1339255499 , 3.27520173267 , 41.1932 , 5.79229434335
2 , 0.75 , 40.0 , 0.0 , 9.12922257798 , 3.14313270538 , 42.4464 , 4.73952814529
2 , 1.0 , 10.0 , 0.0 , 19.0243345425 , 2.81079349416 , 37.6532 , 7.72744005218
2 , 1.0 , 20.0 , 0.0 , 11.8533687753 , 3.3048022842 , 41.286 , 6.02360390464
2 , 1.0 , 30.0 , 0.0 , 8.00420510563 , 2.80666558487 , 42.086 , 4.73985274033
2 , 1.0 , 40.0 , 0.0 , 6.27373880675 , 2.21532718976 , 42.524 , 4.05569032348
3 , 0 , 0 , 0 , 24.1694703507 , 33.3333333333 , 0 , 9.9711345376
3 , 0.1 , 10.0 , 0.0 , 22.9351203995 , 1.47502024864 , 37.4945454545 , 9.9711345376
3 , 0.1 , 20.0 , 0.0 , 22.0880154906 , 1.69300893328 , 35.815 , 9.80989918946
3 , 0.1 , 30.0 , 0.0 , 20.9154772443 , 1.93778192178 , 34.4772727273 , 9.53178133257
3 , 0.1 , 40.0 , 0.0 , 19.9241495532 , 2.16298091879 , 33.2713636364 , 9.41632562219
3 , 0.25 , 10.0 , 0.0 , 21.0755139821 , 1.95070791667 , 35.3590909091 , 9.70788105332
3 , 0.25 , 20.0 , 0.0 , 18.5287699481 , 2.19800094071 , 32.1181818182 , 8.91006951954
3 , 0.25 , 30.0 , 0.0 , 16.7646202355 , 2.23660238232 , 30.1113636364 , 8.31520034745
3 , 0.25 , 40.0 , 0.0 , 15.4282628751 , 2.26274947566 , 28.9422727273 , 8.12682364785
3 , 0.5 , 10.0 , 0.0 , 17.6576281774 , 2.30182896302 , 33.06 , 8.83241793687
3 , 0.5 , 20.0 , 0.0 , 14.555284343 , 2.30501537511 , 29.5504545455 , 7.78189091672
3 , 0.5 , 30.0 , 0.0 , 12.7255762791 , 2.33017108183 , 27.9272727273 , 7.27367039339
3 , 0.5 , 40.0 , 0.0 , 11.4668241594 , 2.22820891427 , 26.8518181818 , 6.82912037703
3 , 0.75 , 10.0 , 0.0 , 15.0033426686 , 2.49653822477 , 32.6036363636 , 8.04139620293
3 , 0.75 , 20.0 , 0.0 , 11.1957920118 , 2.31658937255 , 29.2822727273 , 6.7331785962
3 , 0.75 , 30.0 , 0.0 , 9.42676149618 , 2.09111290593 , 27.7895454545 , 6.05275074069
3 , 0.75 , 40.0 , 0.0 , 8.46397039601 , 1.81957292028 , 27.2959090909 , 5.67449344228
3 , 1.0 , 10.0 , 0.0 , 12.8926036256 , 2.59322351578 , 32.635 , 7.36505024305
3 , 1.0 , 20.0 , 0.0 , 9.44112647621 , 2.05646120488 , 29.8872727273 , 6.23497360602
3 , 1.0 , 30.0 , 0.0 , 8.11367947134 , 1.83680052224 , 28.8531818182 , 5.69181794587
3 , 1.0 , 40.0 , 0.0 , 7.31202425791 , 1.78441685351 , 28.4918181818 , 5.45656924577
4 , 0 , 0 , 0 , 20.8736334847 , 33.3333333333 , 0 , 10.7280411685
4 , 0.1 , 10.0 , 0.0 , 19.5802770145 , 1.56054188604 , 35.8226315789 , 10.7280411685
4 , 0.1 , 20.0 , 0.0 , 19.1986564859 , 1.61394283733 , 36.2621052632 , 10.6740371062
4 , 0.1 , 30.0 , 0.0 , 18.8704522107 , 1.61650133287 , 36.3205263158 , 10.8542078466
4 , 0.1 , 40.0 , 0.0 , 18.6202206271 , 1.58062742594 , 36.7421052632 , 10.7875980398
4 , 0.25 , 10.0 , 0.0 , 19.0446399993 , 1.64442765466 , 36.5978947368 , 10.67739871
4 , 0.25 , 20.0 , 0.0 , 18.3736802315 , 1.6078393699 , 37.4857894737 , 10.8629624498
4 , 0.25 , 30.0 , 0.0 , 17.8068181615 , 1.66898555381 , 38.0515789474 , 10.897650208
4 , 0.25 , 40.0 , 0.0 , 17.2526993638 , 1.76972792881 , 38.9005263158 , 10.8703525619
4 , 0.5 , 10.0 , 0.0 , 18.3481812871 , 1.58452335088 , 37.6726315789 , 10.8348201892
4 , 0.5 , 20.0 , 0.0 , 17.2727519138 , 1.73209577406 , 39.5831578947 , 10.8305602303
4 , 0.5 , 30.0 , 0.0 , 16.2796732521 , 1.74210989786 , 40.0863157895 , 10.8178715373
4 , 0.5 , 40.0 , 0.0 , 15.5499769254 , 1.65793842349 , 40.4421052632 , 10.7674280553
4 , 0.75 , 10.0 , 0.0 , 17.8419671847 , 1.64577919969 , 38.7815789474 , 10.8629178753
4 , 0.75 , 20.0 , 0.0 , 16.6463065686 , 1.59584749911 , 40.1194736842 , 10.9138463352
4 , 0.75 , 30.0 , 0.0 , 15.9683929485 , 1.40069366901 , 40.6789473684 , 10.7718199606
4 , 0.75 , 40.0 , 0.0 , 15.5537443712 , 1.36899110048 , 40.5689473684 , 10.7833029723
4 , 1.0 , 10.0 , 0.0 , 17.4331969915 , 1.63214876907 , 39.4557894737 , 10.9663151327
4 , 1.0 , 20.0 , 0.0 , 16.4141098653 , 1.36123395914 , 40.4805263158 , 10.8956321905
4 , 1.0 , 30.0 , 0.0 , 16.0666129892 , 1.07152689852 , 40.42 , 10.7126558855
4 , 1.0 , 40.0 , 0.0 , 15.8795098232 , 0.992690534935 , 40.2105263158 , 10.7169578517
5 , 0 , 0 , 0 , 27.4653072167 , 33.3333333333 , 0 , 7.37160084649
5 , 0.1 , 10.0 , 0.0 , 16.3005662815 , 3.65994639023 , 37.9564 , 7.37160084649
5 , 0.1 , 20.0 , 0.0 , 9.70756676126 , 3.17596028299 , 39.2316 , 5.76638200608
5 , 0.1 , 30.0 , 0.0 , 6.89260410368 , 2.67256365237 , 39.8144 , 4.89742306116
5 , 0.1 , 40.0 , 0.0 , 5.35140100856 , 2.29790270884 , 40.1596 , 4.32205134629
5 , 0.25 , 10.0 , 0.0 , 11.1217411238 , 3.3612792041 , 39.41 , 6.11561117142
5 , 0.25 , 20.0 , 0.0 , 6.37280816865 , 2.45624161756 , 40.5084 , 4.80424077665
5 , 0.25 , 30.0 , 0.0 , 4.53115832427 , 2.16793322128 , 41.0416 , 3.97148202061
5 , 0.25 , 40.0 , 0.0 , 3.49593332191 , 1.98791899644 , 41.2896 , 3.45267024779
5 , 0.5 , 10.0 , 0.0 , 11.7758615903 , 2.79082521495 , 41.3156 , 6.36631735307
5 , 0.5 , 20.0 , 0.0 , 8.01609527863 , 2.45783882075 , 43.6148 , 5.39307157008
5 , 0.5 , 30.0 , 0.0 , 6.27008887249 , 2.05473459294 , 44.6396 , 4.7868686884
5 , 0.5 , 40.0 , 0.0 , 5.36834427894 , 1.64546429232 , 45.222 , 4.49776789085
5 , 0.75 , 10.0 , 0.0 , 12.7781401325 , 2.46305031973 , 40.674 , 6.46851791371
5 , 0.75 , 20.0 , 0.0 , 8.74694299878 , 2.42751674846 , 42.7044 , 5.15858707787
5 , 0.75 , 30.0 , 0.0 , 6.59096803256 , 2.24211649842 , 43.5256 , 4.44150252054
5 , 0.75 , 40.0 , 0.0 , 5.33948341445 , 1.99559070462 , 43.9404 , 3.94010759244
5 , 1.0 , 10.0 , 0.0 , 11.5450792847 , 2.87592468486 , 36.4584 , 5.93062133676
5 , 1.0 , 20.0 , 0.0 , 5.42160548953 , 2.94711548755 , 37.4464 , 3.85548013093
5 , 1.0 , 30.0 , 0.0 , 2.65301343712 , 2.25281236444 , 37.8684 , 2.73149802123
5 , 1.0 , 40.0 , 0.0 , 1.59521516333 , 1.53229922294 , 37.9808 , 2.24063191087
6 , 0 , 0 , 0 , 27.4653072167 , 33.3333333333 , 0 , 8.32286243068
6 , 0.1 , 10.0 , 0.0 , 22.7491755896 , 2.84006108583 , 32.5936 , 8.32286243068
6 , 0.1 , 20.0 , 0.0 , 19.3424017989 , 3.00476464587 , 32.2928 , 7.61539678283
6 , 0.1 , 30.0 , 0.0 , 17.2046425734 , 2.81820006862 , 32.2016 , 7.19072718437
6 , 0.1 , 40.0 , 0.0 , 15.822925353 , 2.59320235716 , 32.1232 , 6.92918622639
6 , 0.25 , 10.0 , 0.0 , 19.0929839425 , 3.04367654291 , 32.0484 , 7.54840760956
6 , 0.25 , 20.0 , 0.0 , 15.3691722047 , 2.64379403299 , 31.8384 , 6.74372934214
6 , 0.25 , 30.0 , 0.0 , 13.735248433 , 2.41574636108 , 31.4568 , 6.33688675613
6 , 0.25 , 40.0 , 0.0 , 12.5451027681 , 2.40347620364 , 31.158 , 6.09470557123
6 , 0.5 , 10.0 , 0.0 , 16.5105502599 , 2.91432565757 , 31.6404 , 6.89326394678
6 , 0.5 , 20.0 , 0.0 , 12.7121151758 , 2.55497349866 , 31.1796 , 6.1256627266
6 , 0.5 , 30.0 , 0.0 , 10.6264224838 , 2.3978547224 , 30.68 , 5.58240091717
6 , 0.5 , 40.0 , 0.0 , 9.1739291656 , 2.31799055565 , 30.4476 , 5.17513808898
6 , 0.75 , 10.0 , 0.0 , 15.1854035139 , 3.00543589594 , 31.1724 , 6.54570685564
6 , 0.75 , 20.0 , 0.0 , 10.2738051636 , 2.78502695576 , 30.7236 , 5.50065478284
6 , 0.75 , 30.0 , 0.0 , 7.72386108509 , 2.48340557347 , 30.2852 , 4.67763411994
6 , 0.75 , 40.0 , 0.0 , 6.27873327187 , 2.22598484013 , 29.9812 , 4.24712215035
6 , 1.0 , 10.0 , 0.0 , 13.7353344069 , 3.22727999359 , 30.714 , 6.15836049611
6 , 1.0 , 20.0 , 0.0 , 7.91962683372 , 2.73592374605 , 30.4108 , 4.87910272079
6 , 1.0 , 30.0 , 0.0 , 5.69770732024 , 2.08774593881 , 29.8152 , 4.04903061979
6 , 1.0 , 40.0 , 0.0 , 4.80424247264 , 1.691418356 , 29.4212 , 3.72249789254
7 , 0 , 0 , 0 , 27.4653072167 , 33.3333333333 , 0 , 8.53145412225
7 , 0.1 , 10.0 , 0.0 , 25.010804787 , 2.12915152825 , 26.3416 , 8.53145412225
7 , 0.1 , 20.0 , 0.0 , 23.423930308 , 2.53840940185 , 24.302 , 8.00619734955
7 , 0.1 , 30.0 , 0.0 , 21.7172391402 , 2.73769987109 , 22.9324 , 7.7464462975
7 , 0.1 , 40.0 , 0.0 , 20.1223071034 , 2.72611983275 , 22.2124 , 7.36562870636
7 , 0.25 , 10.0 , 0.0 , 23.0134244539 , 2.60997717108 , 24.506 , 8.16715152302
7 , 0.25 , 20.0 , 0.0 , 19.7169980241 , 2.72178455407 , 22.7276 , 7.4272066243
7 , 0.25 , 30.0 , 0.0 , 17.7944436979 , 2.40466048021 , 22.3952 , 7.11599725689
7 , 0.25 , 40.0 , 0.0 , 16.721182246 , 2.10906336743 , 22.324 , 7.05570861076
7 , 0.5 , 10.0 , 0.0 , 20.5073955607 , 2.64684277279 , 23.902 , 7.73221805176
7 , 0.5 , 20.0 , 0.0 , 17.8214858494 , 2.18782418719 , 23.1932 , 7.38237588856
7 , 0.5 , 30.0 , 0.0 , 16.7207618444 , 1.93511996662 , 23.378 , 7.27221534335
7 , 0.5 , 40.0 , 0.0 , 16.0487304201 , 1.91593900761 , 23.432 , 6.98024182962
7 , 0.75 , 10.0 , 0.0 , 19.4156116188 , 2.36341624248 , 24.068 , 7.74256908268
7 , 0.75 , 20.0 , 0.0 , 17.7376162773 , 1.95092502253 , 24.168 , 7.47137042316
7 , 0.75 , 30.0 , 0.0 , 16.8487804504 , 2.00040412886 , 24.3504 , 7.21057694224
7 , 0.75 , 40.0 , 0.0 , 16.1672688918 , 2.04837856474 , 24.504 , 7.17565216548
7 , 1.0 , 10.0 , 0.0 , 18.7935462933 , 2.07893991134 , 24.2384 , 7.62632057024
7 , 1.0 , 20.0 , 0.0 , 17.3849842245 , 1.99704314816 , 24.7552 , 7.57929237858
7 , 1.0 , 30.0 , 0.0 , 16.34057598 , 2.0468493071 , 24.722 , 7.30733302922
7 , 1.0 , 40.0 , 0.0 , 15.5096913479 , 2.06702399907 , 24.7048 , 7.14305655584
8 , 0 , 0 , 0 , 27.4653072167 , 33.3333333333 , 0 , 5.92306644906
8 , 0.1 , 10.0 , 0.0 , 11.4821861058 , 3.83847422082 , 45.2128 , 5.92306644906
8 , 0.1 , 20.0 , 0.0 , 5.16790852848 , 2.57310815748 , 47.3404 , 3.98137260753
8 , 0.1 , 30.0 , 0.0 , 3.5574723626 , 1.6779821617 , 48.0808 , 3.48250934816
8 , 0.1 , 40.0 , 0.0 , 3.06666715166 , 1.24421515035 , 48.398 , 3.39646816561
8 , 0.25 , 10.0 , 0.0 , 6.61285413472 , 3.0900376843 , 47.6996 , 4.55308245478
8 , 0.25 , 20.0 , 0.0 , 3.16149488067 , 1.50061168725 , 48.5944 , 3.43608623873
8 , 0.25 , 30.0 , 0.0 , 2.67493439335 , 0.894866736955 , 48.7728 , 3.33100287601
8 , 0.25 , 40.0 , 0.0 , 2.55400524868 , 0.656803664969 , 48.9412 , 3.2949267913
8 , 0.5 , 10.0 , 0.0 , 6.45879685644 , 2.43995702657 , 50.6488 , 5.09727952539
8 , 0.5 , 20.0 , 0.0 , 4.35515883714 , 1.21168419971 , 51.752 , 4.48670212963
8 , 0.5 , 30.0 , 0.0 , 3.89861855235 , 1.13538749427 , 52.1792 , 4.26669513324
8 , 0.5 , 40.0 , 0.0 , 3.52497844579 , 1.20014832396 , 52.5912 , 3.9418881973
8 , 0.75 , 10.0 , 0.0 , 4.88681453751 , 2.53602108754 , 52.4944 , 3.93938683554
8 , 0.75 , 20.0 , 0.0 , 2.64730840685 , 1.09401035283 , 53.0004 , 3.35368451706
8 , 0.75 , 30.0 , 0.0 , 2.44511920914 , 0.513017658445 , 53.0164 , 3.32104366728
8 , 0.75 , 40.0 , 0.0 , 2.4294483532 , 0.371686156464 , 53.0084 , 3.3094908128
8 , 1.0 , 10.0 , 0.0 , 6.13762484408 , 2.2803211852 , 52.5616 , 4.68715323411
8 , 1.0 , 20.0 , 0.0 , 3.63941223694 , 1.6337866446 , 52.9488 , 3.84943873311
8 , 1.0 , 30.0 , 0.0 , 2.90537653384 , 1.153359941 , 52.9508 , 3.56246815565
8 , 1.0 , 40.0 , 0.0 , 2.64189058249 , 0.891158318715 , 53.036 , 3.43096254716
9 , 0 , 0 , 0 , 19.775021196 , 33.3333333333 , 0 , 8.95890198023
9 , 0.1 , 10.0 , 0.0 , 13.5125067086 , 2.76696917337 , 38.5788888889 , 8.95890198023
9 , 0.1 , 20.0 , 0.0 , 9.90179745377 , 2.28905084608 , 41.2505555556 , 7.67630229833
9 , 0.1 , 30.0 , 0.0 , 8.60936616438 , 1.69612250231 , 41.9338888889 , 7.19414711955
9 , 0.1 , 40.0 , 0.0 , 8.07579008928 , 1.31952761778 , 42.1883333333 , 7.10673213697
9 , 0.25 , 10.0 , 0.0 , 9.89004500784 , 2.4086906166 , 41.3611111111 , 7.60274276369
9 , 0.25 , 20.0 , 0.0 , 7.93598629915 , 1.32325770771 , 42.2316666667 , 6.96343428025
9 , 0.25 , 30.0 , 0.0 , 7.54345388761 , 1.03532017838 , 42.0827777778 , 6.81408759958
9 , 0.25 , 40.0 , 0.0 , 7.33078523865 , 0.973573140394 , 41.9194444444 , 6.73559219078
9 , 0.5 , 10.0 , 0.0 , 8.83599089145 , 2.12076643981 , 41.8911111111 , 7.21916140269
9 , 0.5 , 20.0 , 0.0 , 7.38663183581 , 1.13574435405 , 41.8994444444 , 6.6380041019
9 , 0.5 , 30.0 , 0.0 , 7.08591810032 , 0.85363886112 , 41.6811111111 , 6.57340611108
9 , 0.5 , 40.0 , 0.0 , 6.99566601409 , 0.702621077712 , 41.7422222222 , 6.57110923233
9 , 0.75 , 10.0 , 0.0 , 9.15880653078 , 2.18975119296 , 41.8266666667 , 7.50713767353
9 , 0.75 , 20.0 , 0.0 , 7.34036848238 , 1.28499091113 , 41.7772222222 , 6.68793826301
9 , 0.75 , 30.0 , 0.0 , 7.00322713534 , 0.762603149004 , 41.585 , 6.52862620964
9 , 0.75 , 40.0 , 0.0 , 6.94471590517 , 0.572154615474 , 41.5611111111 , 6.51124146627
9 , 1.0 , 10.0 , 0.0 , 10.3503759106 , 1.95609669018 , 41.8 , 8.12332413866
9 , 1.0 , 20.0 , 0.0 , 8.3172436243 , 1.64741704495 , 41.6894444444 , 7.22133154764
9 , 1.0 , 30.0 , 0.0 , 7.48063057316 , 1.37858352951 , 41.6055555556 , 6.70378325101
9 , 1.0 , 40.0 , 0.0 , 7.13860307179 , 1.04385018923 , 41.7044444444 , 6.56955604791
10 , 0 , 0 , 0 , 27.4653072167 , 33.3333333333 , 0 , 6.42662815479
10 , 0.1 , 10.0 , 0.0 , 14.4065790265 , 3.52833103014 , 42.1416 , 6.42662815479
10 , 0.1 , 20.0 , 0.0 , 8.86476160833 , 3.20604208002 , 42.7468 , 4.93921954969
10 , 0.1 , 30.0 , 0.0 , 5.99228503503 , 2.82038249053 , 43.0812 , 4.01823425897
10 , 0.1 , 40.0 , 0.0 , 4.45108897022 , 2.33816307333 , 43.2464 , 3.46988285681
10 , 0.25 , 10.0 , 0.0 , 8.99481818294 , 3.30144676673 , 43.0484 , 4.87492127526
10 , 0.25 , 20.0 , 0.0 , 4.3929693665 , 2.33571016642 , 43.2152 , 3.37355731536
10 , 0.25 , 30.0 , 0.0 , 3.06416611462 , 1.40937916944 , 43.216 , 2.86156320916
10 , 0.25 , 40.0 , 0.0 , 2.73184509027 , 1.0124745557 , 43.1308 , 2.74133021725
10 , 0.5 , 10.0 , 0.0 , 6.51191247491 , 2.93666832889 , 43.2812 , 4.03347574184
10 , 0.5 , 20.0 , 0.0 , 3.22831417499 , 1.698267644 , 43.0392 , 2.95595388327
10 , 0.5 , 30.0 , 0.0 , 2.62394197077 , 1.00461977839 , 43.0524 , 2.70578163199
10 , 0.5 , 40.0 , 0.0 , 2.47439207291 , 0.635731406805 , 43.03 , 2.63664559621
10 , 0.75 , 10.0 , 0.0 , 5.99280871316 , 2.72657753322 , 43.1368 , 4.15621050477
10 , 0.75 , 20.0 , 0.0 , 3.25289725419 , 1.54420529317 , 43.0488 , 3.09231605112
10 , 0.75 , 30.0 , 0.0 , 2.67109894339 , 0.986146666379 , 43.0456 , 2.7755216879
10 , 0.75 , 40.0 , 0.0 , 2.52249502667 , 0.766473175677 , 42.9936 , 2.67281855725
10 , 1.0 , 10.0 , 0.0 , 5.71489586631 , 2.38788391604 , 42.7196 , 4.26527558781
10 , 1.0 , 20.0 , 0.0 , 3.68736931758 , 1.42831247904 , 42.8172 , 3.48680142251
10 , 1.0 , 30.0 , 0.0 , 3.12917519034 , 1.18519406596 , 43.0032 , 3.09709376029
10 , 1.0 , 40.0 , 0.0 , 2.8371031662 , 1.07670157789 , 42.9576 , 2.90017279485
11 , 0 , 0 , 0 , 27.4653072167 , 33.3333333333 , 0 , 6.33632058532
11 , 0.1 , 10.0 , 0.0 , 13.6540792846 , 3.7351139877 , 41.1012 , 6.33632058532
11 , 0.1 , 20.0 , 0.0 , 7.25091113328 , 2.9946842034 , 40.84 , 4.45007865099
11 , 0.1 , 30.0 , 0.0 , 4.87242370838 , 2.29599516088 , 40.3384 , 3.67138739988
11 , 0.1 , 40.0 , 0.0 , 3.8835482698 , 1.74853514355 , 40.1468 , 3.3345539072
11 , 0.25 , 10.0 , 0.0 , 7.14171412695 , 3.25080270361 , 40.4156 , 4.41217368652
11 , 0.25 , 20.0 , 0.0 , 3.56058494103 , 1.58620642071 , 40.0932 , 3.28135852354
11 , 0.25 , 30.0 , 0.0 , 3.16003060806 , 0.839914677398 , 39.9816 , 3.16727981713
11 , 0.25 , 40.0 , 0.0 , 3.1054471315 , 0.637270264666 , 40.0264 , 3.17075748678
11 , 0.5 , 10.0 , 0.0 , 5.32155979202 , 2.58383140688 , 39.7608 , 3.94567907463
11 , 0.5 , 20.0 , 0.0 , 3.33221396406 , 1.14250006237 , 39.9992 , 3.23431590294
11 , 0.5 , 30.0 , 0.0 , 3.12647664755 , 0.750164891474 , 40.0276 , 3.1395601985
11 , 0.5 , 40.0 , 0.0 , 3.0802433728 , 0.683554392444 , 40.04 , 3.1766649178
11 , 0.75 , 10.0 , 0.0 , 5.99172156389 , 2.56663610335 , 39.416 , 4.30903051741
11 , 0.75 , 20.0 , 0.0 , 3.65275506437 , 1.46306738068 , 39.9128 , 3.41836161926
11 , 0.75 , 30.0 , 0.0 , 3.19775343187 , 0.976505578011 , 39.9364 , 3.1946134414
11 , 0.75 , 40.0 , 0.0 , 3.07835273103 , 0.758665030883 , 40.0432 , 3.18818659429
11 , 1.0 , 10.0 , 0.0 , 8.38909103815 , 2.42646981089 , 39.5036 , 5.34100992697
11 , 1.0 , 20.0 , 0.0 , 5.52006694751 , 2.02845523265 , 39.748 , 4.38220218612
11 , 1.0 , 30.0 , 0.0 , 4.24808673609 , 1.72456184972 , 39.9352 , 3.79881573125
11 , 1.0 , 40.0 , 0.0 , 3.59815164186 , 1.46248351491 , 40.026 , 3.46331113243
12 , 0 , 0 , 0 , 27.4653072167 , 33.3333333333 , 0 , 8.57746658169
12 , 0.1 , 10.0 , 0.0 , 22.9072084014 , 2.6617412609 , 34.6052 , 8.57746658169
12 , 0.1 , 20.0 , 0.0 , 19.747834798 , 3.16219802852 , 34.2608 , 7.98172809359
12 , 0.1 , 30.0 , 0.0 , 16.7376517818 , 3.44537371381 , 34.6652 , 7.28235600338
12 , 0.1 , 40.0 , 0.0 , 14.3811859437 , 3.48911211625 , 35.2324 , 6.70531059982
12 , 0.25 , 10.0 , 0.0 , 20.2254806299 , 3.00916741124 , 34.126 , 8.05660747461
12 , 0.25 , 20.0 , 0.0 , 15.2468790519 , 3.39247543982 , 34.8404 , 6.82707315326
12 , 0.25 , 30.0 , 0.0 , 11.8883140092 , 3.43902597297 , 36.0012 , 5.99613196653
12 , 0.25 , 40.0 , 0.0 , 9.39418100602 , 3.28372769779 , 36.6372 , 5.22842004433
12 , 0.5 , 10.0 , 0.0 , 17.8327384002 , 3.09124828664 , 33.8948 , 7.6602958794
12 , 0.5 , 20.0 , 0.0 , 13.021841421 , 2.92438133667 , 35.0092 , 6.48190676885
12 , 0.5 , 30.0 , 0.0 , 10.7224036745 , 2.52821655341 , 36.0492 , 5.88795205144
12 , 0.5 , 40.0 , 0.0 , 9.42797837078 , 2.28558911506 , 36.7312 , 5.4859590374
12 , 0.75 , 10.0 , 0.0 , 16.2547732743 , 2.9840924019 , 33.4408 , 7.27544468469
12 , 0.75 , 20.0 , 0.0 , 12.2597287259 , 2.26111642682 , 34.3816 , 6.52514991705
12 , 0.75 , 30.0 , 0.0 , 10.8173415462 , 1.81479725908 , 34.7236 , 6.20254810864
12 , 0.75 , 40.0 , 0.0 , 9.98206737637 , 1.72236065244 , 34.7832 , 5.98058506837
12 , 1.0 , 10.0 , 0.0 , 14.9317881122 , 2.84492596521 , 32.7044 , 7.00706933318
12 , 1.0 , 20.0 , 0.0 , 11.2442088316 , 2.00899694749 , 32.7024 , 6.20962432358
12 , 1.0 , 30.0 , 0.0 , 9.73754945508 , 1.93866981545 , 32.8256 , 5.81088501349
12 , 1.0 , 40.0 , 0.0 , 8.55620491265 , 2.00961469786 , 32.8736 , 5.50098382474
13 , 0 , 0 , 0 , 17.5777966187 , 33.3333333333 , 0 , 7.42933877336
13 , 0.1 , 10.0 , 0.0 , 5.83423655838 , 2.84827349806 , 88.345625 , 7.42933877336
13 , 0.1 , 20.0 , 0.0 , 2.58891793462 , 2.06465560771 , 94.704375 , 4.74416874799
13 , 0.1 , 30.0 , 0.0 , 1.57680681431 , 1.43622378151 , 96.244375 , 3.67964836763
13 , 0.1 , 40.0 , 0.0 , 1.24089654818 , 1.00142057908 , 96.644375 , 3.29321265778
13 , 0.25 , 10.0 , 0.0 , 3.22488512654 , 2.30510119339 , 93.589375 , 5.30933549132
13 , 0.25 , 20.0 , 0.0 , 1.41396013237 , 1.24593735809 , 96.444375 , 3.47902638814
13 , 0.25 , 30.0 , 0.0 , 1.10602079545 , 0.702071121013 , 96.851875 , 3.18802881643
13 , 0.25 , 40.0 , 0.0 , 1.0593792412 , 0.504590249842 , 96.848125 , 3.14233634966
13 , 0.5 , 10.0 , 0.0 , 3.23038811854 , 1.87022407001 , 92.718125 , 5.46166322967
13 , 0.5 , 20.0 , 0.0 , 1.96699426891 , 1.39648275016 , 95.3775 , 4.23338590847
13 , 0.5 , 30.0 , 0.0 , 1.48477793616 , 1.16229611868 , 96.306875 , 3.65684925645
13 , 0.5 , 40.0 , 0.0 , 1.25665380823 , 0.947640380562 , 96.624375 , 3.3365400656
13 , 0.75 , 10.0 , 0.0 , 4.08673019218 , 1.68051759212 , 89.9 , 6.2441973063
13 , 0.75 , 20.0 , 0.0 , 3.07006216544 , 1.4599626411 , 92.67875 , 5.4487026839
13 , 0.75 , 30.0 , 0.0 , 2.48531396276 , 1.45947017683 , 94.241875 , 4.84488418173
13 , 0.75 , 40.0 , 0.0 , 2.12239665744 , 1.43709211631 , 95.076875 , 4.40005641832
13 , 1.0 , 10.0 , 0.0 , 4.98302532368 , 1.46241874313 , 86.879375 , 6.94352078267
13 , 1.0 , 20.0 , 0.0 , 4.28207801278 , 1.49017974662 , 89.49875 , 6.5033884197
13 , 1.0 , 30.0 , 0.0 , 3.72807008534 , 1.67211809848 , 91.37625 , 6.01479932645
13 , 1.0 , 40.0 , 0.0 , 3.15029212364 , 1.73441604423 , 93.025625 , 5.45531274167
14 , 0 , 0 , 0 , 16.47918433 , 33.3333333333 , 0 , 11.2059106428
14 , 0.1 , 10.0 , 0.0 , 13.9291494889 , 2.14646727056 , 35.47 , 11.2059106428
14 , 0.1 , 20.0 , 0.0 , 11.6976891067 , 2.70854128086 , 35.622 , 10.3181503726
14 , 0.1 , 30.0 , 0.0 , 9.45329019506 , 2.90980130223 , 36.0006666667 , 9.28468270265
14 , 0.1 , 40.0 , 0.0 , 7.62918571868 , 2.88096682493 , 36.1473333333 , 8.44572630914
14 , 0.25 , 10.0 , 0.0 , 11.6015896481 , 2.7071594479 , 35.7613333333 , 10.1861744209
14 , 0.25 , 20.0 , 0.0 , 7.3556723558 , 2.92630588332 , 36.2086666667 , 8.11276171637
14 , 0.25 , 30.0 , 0.0 , 4.75127459866 , 2.59657352398 , 36.4766666667 , 6.65327905789
14 , 0.25 , 40.0 , 0.0 , 3.31876174517 , 2.16414541285 , 36.5033333333 , 5.75731322368
14 , 0.5 , 10.0 , 0.0 , 8.91322212894 , 3.03974934672 , 35.5546666667 , 8.70753890475
14 , 0.5 , 20.0 , 0.0 , 3.90169596745 , 2.66664083534 , 36.2546666667 , 5.51031662732
14 , 0.5 , 30.0 , 0.0 , 1.98629686703 , 1.89840617744 , 36.526 , 3.98862153855
14 , 0.5 , 40.0 , 0.0 , 1.35073079229 , 1.26481384633 , 36.574 , 3.54405160484
14 , 0.75 , 10.0 , 0.0 , 7.30081416133 , 2.93858748809 , 35.204 , 7.5960915096
14 , 0.75 , 20.0 , 0.0 , 3.2526755357 , 2.17960393608 , 35.504 , 5.16907315999
14 , 0.75 , 30.0 , 0.0 , 1.98711445043 , 1.62198050219 , 35.89 , 4.21546227859
14 , 0.75 , 40.0 , 0.0 , 1.49760167249 , 1.24306271629 , 36.2613333333 , 3.83146829993
14 , 1.0 , 10.0 , 0.0 , 6.18198138567 , 2.73098087449 , 34.1293333333 , 7.15089315323
14 , 1.0 , 20.0 , 0.0 , 3.07500579449 , 1.71305518638 , 33.2006666667 , 5.21068982424
14 , 1.0 , 30.0 , 0.0 , 2.38791282303 , 1.12743382407 , 32.6273333333 , 4.78741493687
14 , 1.0 , 40.0 , 0.0 , 2.18282836235 , 0.671363824397 , 32.5386666667 , 4.63604889247
15 , 0 , 0 , 0 , 23.070858062 , 33.3333333333 , 0 , 10.4213817791
15 , 0.1 , 10.0 , 0.0 , 21.8281307677 , 1.57783731295 , 40.3685714286 , 10.4213817791
15 , 0.1 , 20.0 , 0.0 , 21.4245953583 , 1.75939156135 , 40.8895238095 , 10.3965214835
15 , 0.1 , 30.0 , 0.0 , 20.9336560799 , 1.86621372089 , 41.0452380952 , 10.3206195102
15 , 0.1 , 40.0 , 0.0 , 20.5554415241 , 1.91224861116 , 41.3538095238 , 10.2102983781
15 , 0.25 , 10.0 , 0.0 , 21.2918994911 , 1.78580104099 , 40.7852380952 , 10.2395214843
15 , 0.25 , 20.0 , 0.0 , 20.5210927039 , 1.85303536594 , 41.2514285714 , 10.0643013845
15 , 0.25 , 30.0 , 0.0 , 20.0414062574 , 1.9660804566 , 41.7571428571 , 10.1049358183
15 , 0.25 , 40.0 , 0.0 , 19.651621282 , 2.01543322255 , 42.1785714286 , 9.78961658956
15 , 0.5 , 10.0 , 0.0 , 20.6990965156 , 1.79334348999 , 40.9061904762 , 10.1918622889
15 , 0.5 , 20.0 , 0.0 , 19.9877772416 , 1.86167986221 , 41.5704761905 , 9.85931878445
15 , 0.5 , 30.0 , 0.0 , 19.4623409502 , 1.93736420702 , 41.9161904762 , 9.68805309591
15 , 0.5 , 40.0 , 0.0 , 19.045780932 , 2.02028868431 , 42.2052380952 , 9.59326860326
15 , 0.75 , 10.0 , 0.0 , 20.4027012121 , 1.81226902637 , 40.9180952381 , 10.0806140259
15 , 0.75 , 20.0 , 0.0 , 19.6580988489 , 1.89361833658 , 41.6419047619 , 9.78878176925
15 , 0.75 , 30.0 , 0.0 , 19.1307917938 , 1.93276408341 , 41.7547619048 , 9.61021252664
15 , 0.75 , 40.0 , 0.0 , 18.6634692826 , 1.87111022689 , 41.8095238095 , 9.39170280794
15 , 1.0 , 10.0 , 0.0 , 20.0999287475 , 1.80235888964 , 41.1676190476 , 9.8451928484
15 , 1.0 , 20.0 , 0.0 , 19.3926106467 , 1.87168327891 , 41.3180952381 , 9.725882154
15 , 1.0 , 30.0 , 0.0 , 18.8692637255 , 1.87419732285 , 41.3338095238 , 9.36312542301
15 , 1.0 , 40.0 , 0.0 , 18.4516683644 , 1.78610351749 , 41.3847619048 , 9.36921596025
16 , 0 , 0 , 0 , 21.9722457734 , 33.3333333333 , 0 , 9.53774804396
16 , 0.1 , 10.0 , 0.0 , 18.3376836372 , 2.42386319813 , 31.9465 , 9.53774804396
16 , 0.1 , 20.0 , 0.0 , 15.4616258941 , 2.64489866993 , 30.83 , 8.80006249978
16 , 0.1 , 30.0 , 0.0 , 13.3864721413 , 2.45478238637 , 30.305 , 8.19157951802
16 , 0.1 , 40.0 , 0.0 , 12.1816191029 , 2.16147074827 , 30.133 , 7.87415462129
16 , 0.25 , 10.0 , 0.0 , 14.4569936749 , 2.5936972614 , 30.191 , 8.46513549803
16 , 0.25 , 20.0 , 0.0 , 11.5073481835 , 1.86997645219 , 29.575 , 7.6729638993
16 , 0.25 , 30.0 , 0.0 , 10.3983626742 , 1.72880063347 , 29.3645 , 7.29476797095
16 , 0.25 , 40.0 , 0.0 , 9.50695145187 , 1.84963226532 , 29.419 , 7.05354088384
16 , 0.5 , 10.0 , 0.0 , 11.7904547153 , 1.92256183168 , 28.2505 , 7.71373772888
16 , 0.5 , 20.0 , 0.0 , 9.84041100275 , 1.80780000736 , 27.2135 , 7.15946350993
16 , 0.5 , 30.0 , 0.0 , 8.39447751131 , 2.06629312759 , 26.483 , 6.70229147382
16 , 0.5 , 40.0 , 0.0 , 7.32294571682 , 1.92692263872 , 25.623 , 6.20015088526
16 , 0.75 , 10.0 , 0.0 , 10.9331056912 , 1.61342048271 , 26.5575 , 7.26165915959
16 , 0.75 , 20.0 , 0.0 , 8.65769221033 , 2.0930027001 , 25.392 , 6.56439913473
16 , 0.75 , 30.0 , 0.0 , 7.07752076978 , 1.91063849939 , 24.756 , 5.98334889506
16 , 0.75 , 40.0 , 0.0 , 6.29770108142 , 1.64886190663 , 24.2755 , 5.6233975273
16 , 1.0 , 10.0 , 0.0 , 10.5162199725 , 1.5207803031 , 25.8455 , 7.08326406045
16 , 1.0 , 20.0 , 0.0 , 8.4080500256 , 1.94108502551 , 25.0405 , 6.42540736063
16 , 1.0 , 30.0 , 0.0 , 7.04304441459 , 1.78226283757 , 24.3815 , 6.10532208405
16 , 1.0 , 40.0 , 0.0 , 6.28476266064 , 1.73614464551 , 23.5315 , 5.68207776698
17 , 0 , 0 , 0 , 27.4653072167 , 33.3333333333 , 0 , 4.26010612074
17 , 0.1 , 10.0 , 0.0 , 5.55485639697 , 3.13790973087 , 74.5172 , 4.26010612074
17 , 0.1 , 20.0 , 0.0 , 2.1583703034 , 1.81529851455 , 77.1232 , 2.75666859815
17 , 0.1 , 30.0 , 0.0 , 1.42004738543 , 1.22122087314 , 77.748 , 2.23796693452
17 , 0.1 , 40.0 , 0.0 , 1.1814723509 , 0.882234515022 , 77.926 , 2.09096245782
17 , 0.25 , 10.0 , 0.0 , 2.2991593588 , 2.21561831813 , 77.2588 , 2.68347210904
17 , 0.25 , 20.0 , 0.0 , 1.12544560815 , 0.785611895759 , 77.96 , 2.04548282809
17 , 0.25 , 30.0 , 0.0 , 1.03875986457 , 0.412238485798 , 78.0408 , 2.00198285707
17 , 0.25 , 40.0 , 0.0 , 1.04469241412 , 0.346538646969 , 77.9716 , 1.99979834983
17 , 0.5 , 10.0 , 0.0 , 1.76985543762 , 1.8269027202 , 77.5848 , 2.41801756817
17 , 0.5 , 20.0 , 0.0 , 1.05785670509 , 0.513661000762 , 78.014 , 2.00952830286
17 , 0.5 , 30.0 , 0.0 , 1.04304832722 , 0.382805704474 , 77.9972 , 1.99999804
17 , 0.5 , 40.0 , 0.0 , 1.03882563933 , 0.346572418859 , 78.0052 , 1.99999323999
17 , 0.75 , 10.0 , 0.0 , 2.20903315172 , 1.94147637254 , 77.1244 , 2.7184783685
17 , 0.75 , 20.0 , 0.0 , 1.15657709468 , 0.813476229929 , 77.9116 , 2.06886090398
17 , 0.75 , 30.0 , 0.0 , 1.05699249715 , 0.485666260545 , 77.9828 , 2.00791039641
17 , 0.75 , 40.0 , 0.0 , 1.04099138745 , 0.370626821992 , 78.004 , 1.999996
17 , 1.0 , 10.0 , 0.0 , 3.21129362342 , 2.31150420237 , 76.354 , 3.28942000967
17 , 1.0 , 20.0 , 0.0 , 1.37727796401 , 1.25620528738 , 77.842 , 2.20921615058
17 , 1.0 , 30.0 , 0.0 , 1.10001658804 , 0.688635664552 , 77.9728 , 2.03549997789
17 , 1.0 , 40.0 , 0.0 , 1.05329628681 , 0.494154233781 , 78.0104 , 2.00556521709
18 , 0 , 0 , 0 , 17.5777966187 , 33.3333333333 , 0 , 11.1675940049
18 , 0.1 , 10.0 , 0.0 , 16.515502871 , 1.39099842896 , 32.280625 , 11.1675940049
18 , 0.1 , 20.0 , 0.0 , 14.9631892079 , 2.0641406618 , 30.20625 , 10.4942525192
18 , 0.1 , 30.0 , 0.0 , 12.9904459179 , 2.48823316406 , 29.175 , 9.75075317604
18 , 0.1 , 40.0 , 0.0 , 11.243752053 , 2.59920135876 , 28.4475 , 9.12829016027
18 , 0.25 , 10.0 , 0.0 , 14.0714823876 , 2.25808281068 , 29.518125 , 10.1821603913
18 , 0.25 , 20.0 , 0.0 , 10.3685672701 , 2.49199688925 , 28.30125 , 8.85650528919
18 , 0.25 , 30.0 , 0.0 , 8.5571744415 , 2.09410563798 , 28.219375 , 8.17047846576
18 , 0.25 , 40.0 , 0.0 , 7.71985511296 , 1.73768486661 , 28.11875 , 7.78369439518
18 , 0.5 , 10.0 , 0.0 , 11.0589006336 , 2.18270000405 , 28.3575 , 9.30183147289
18 , 0.5 , 20.0 , 0.0 , 9.04163968238 , 1.73241102537 , 28.258125 , 8.41257037025
18 , 0.5 , 30.0 , 0.0 , 8.18943697982 , 1.64760917859 , 28.148125 , 8.08448144499
18 , 0.5 , 40.0 , 0.0 , 7.66933591566 , 1.5472168965 , 28.055625 , 7.92167909028
18 , 0.75 , 10.0 , 0.0 , 10.6146787405 , 1.52559589664 , 28.988125 , 9.09955439757
18 , 0.75 , 20.0 , 0.0 , 9.90184816562 , 1.18663099173 , 28.474375 , 8.94225221124
18 , 0.75 , 30.0 , 0.0 , 9.6978763487 , 1.08076723609 , 28.33 , 8.84043480266
18 , 0.75 , 40.0 , 0.0 , 9.59898859379 , 1.04030923633 , 28.09625 , 8.87187189591
18 , 1.0 , 10.0 , 0.0 , 10.7078599432 , 1.20727172294 , 31.246875 , 9.43667163169
18 , 1.0 , 20.0 , 0.0 , 10.3833841477 , 1.2478601282 , 31.3075 , 9.282281845
18 , 1.0 , 30.0 , 0.0 , 10.0373063652 , 1.40141988223 , 31.249375 , 9.10163959731
18 , 1.0 , 40.0 , 0.0 , 9.74345348456 , 1.56304494887 , 31.33125 , 9.0433655758
19 , 0 , 0 , 0 , 27.4653072167 , 33.3333333333 , 0 , 5.30312087737
19 , 0.1 , 10.0 , 0.0 , 8.69626907812 , 3.25216004422 , 46.1836 , 5.30312087737
19 , 0.1 , 20.0 , 0.0 , 3.83153003464 , 2.18312104185 , 46.7796 , 3.41763424608
19 , 0.1 , 30.0 , 0.0 , 2.58388225255 , 1.59264940372 , 46.954 , 2.94786091938
19 , 0.1 , 40.0 , 0.0 , 2.09824150483 , 1.19469063792 , 46.9416 , 2.75154310161
19 , 0.25 , 10.0 , 0.0 , 4.01064562135 , 2.49348263173 , 46.8872 , 3.48850629353
19 , 0.25 , 20.0 , 0.0 , 1.90994499908 , 0.98026399939 , 47.0384 , 2.69282852035
19 , 0.25 , 30.0 , 0.0 , 1.74518708688 , 0.467700236917 , 46.9896 , 2.66891210796
19 , 0.25 , 40.0 , 0.0 , 1.72925073321 , 0.361651704221 , 47.002 , 2.64982942847
19 , 0.5 , 10.0 , 0.0 , 3.77728193016 , 1.83774330304 , 46.9124 , 3.64147308654
19 , 0.5 , 20.0 , 0.0 , 2.37882380591 , 1.19145443788 , 47.0076 , 2.9690305219
19 , 0.5 , 30.0 , 0.0 , 1.94734464299 , 0.919891343165 , 46.9824 , 2.71729465462
19 , 0.5 , 40.0 , 0.0 , 1.79063301757 , 0.639034666538 , 46.9904 , 2.67580041109
19 , 0.75 , 10.0 , 0.0 , 3.78216904832 , 1.73950333766 , 46.6744 , 3.68168231112
19 , 0.75 , 20.0 , 0.0 , 2.39548438511 , 1.24222536231 , 47.008 , 2.91834473632
19 , 0.75 , 30.0 , 0.0 , 1.96824612497 , 0.971757708237 , 47.0436 , 2.74147752863
19 , 0.75 , 40.0 , 0.0 , 1.81337842677 , 0.708188804773 , 47.0788 , 2.72018208214
19 , 1.0 , 10.0 , 0.0 , 2.95833878086 , 1.52139352781 , 45.438 , 3.50053653031
19 , 1.0 , 20.0 , 0.0 , 2.31875791149 , 0.656999111973 , 45.9484 , 3.17095213461
19 , 1.0 , 30.0 , 0.0 , 2.19222345836 , 0.684451235375 , 46.3128 , 3.03495570973
19 , 1.0 , 40.0 , 0.0 , 2.07409965262 , 0.736659765963 , 46.582 , 2.91596913564
20 , 0 , 0 , 0 , 27.4653072167 , 33.3333333333 , 0 , 9.08375164786
20 , 0.1 , 10.0 , 0.0 , 21.0877360299 , 2.78858747395 , 40.684 , 9.08375164786
20 , 0.1 , 20.0 , 0.0 , 16.6174310036 , 2.84021097022 , 41.6544 , 8.11490977399
20 , 0.1 , 30.0 , 0.0 , 13.7422769276 , 2.63362554416 , 42.4628 , 7.33104468408
20 , 0.1 , 40.0 , 0.0 , 12.0693966125 , 2.39710477178 , 43.026 , 6.8767524312
20 , 0.25 , 10.0 , 0.0 , 16.5756395304 , 2.93265384245 , 42.71 , 7.99969374414
20 , 0.25 , 20.0 , 0.0 , 11.6720631815 , 2.55454379202 , 43.8796 , 6.67148438056
20 , 0.25 , 30.0 , 0.0 , 9.7620947651 , 2.0708491741 , 44.2704 , 6.03964269142
20 , 0.25 , 40.0 , 0.0 , 8.82601051777 , 1.69923626122 , 44.3516 , 5.6810894589
20 , 0.5 , 10.0 , 0.0 , 14.4650580815 , 2.69895183794 , 45.228 , 7.36798588489
20 , 0.5 , 20.0 , 0.0 , 10.4359286585 , 2.275489678 , 45.078 , 6.18031682036
20 , 0.5 , 30.0 , 0.0 , 8.88093154271 , 1.78343406153 , 44.7632 , 5.61995780767
20 , 0.5 , 40.0 , 0.0 , 8.22527005939 , 1.5773629171 , 44.4452 , 5.47417545937
20 , 0.75 , 10.0 , 0.0 , 14.7103497869 , 2.28069682858 , 48.5184 , 7.69810765318
20 , 0.75 , 20.0 , 0.0 , 12.4656534054 , 1.70998888627 , 49.616 , 7.08303211909
20 , 0.75 , 30.0 , 0.0 , 11.4889202369 , 1.63768712596 , 50.2328 , 6.91064426519
20 , 0.75 , 40.0 , 0.0 , 10.7684642445 , 1.70785575184 , 50.7024 , 6.57360131435
20 , 1.0 , 10.0 , 0.0 , 12.3930720082 , 2.56553796516 , 52.1884 , 6.69958994566
20 , 1.0 , 20.0 , 0.0 , 9.28513533559 , 1.92162473415 , 52.9616 , 5.69407810273
20 , 1.0 , 30.0 , 0.0 , 8.16522483371 , 1.62696648369 , 52.5788 , 5.49932637329
20 , 1.0 , 40.0 , 0.0 , 7.58470919881 , 1.44694996278 , 52.4428 , 5.28340119241
21 , 0 , 0 , 0 , 27.4653072167 , 33.3333333333 , 0 , 7.52691289706
21 , 0.1 , 10.0 , 0.0 , 18.3796020192 , 3.43396700019 , 36.2332 , 7.52691289706
21 , 0.1 , 20.0 , 0.0 , 12.2777802305 , 3.22504282671 , 37.1604 , 6.36181356533
21 , 0.1 , 30.0 , 0.0 , 9.33748682886 , 2.60233359526 , 37.6628 , 5.81486854194
21 , 0.1 , 40.0 , 0.0 , 7.89604413434 , 2.2586733475 , 37.9344 , 5.51468010314
21 , 0.25 , 10.0 , 0.0 , 12.3296368259 , 3.24564405921 , 36.4792 , 6.46844396745
21 , 0.25 , 20.0 , 0.0 , 7.63359428306 , 2.26076689509 , 37.7712 , 5.52945300731
21 , 0.25 , 30.0 , 0.0 , 6.16652642183 , 1.63971443812 , 38.5376 , 5.09609519534
21 , 0.25 , 40.0 , 0.0 , 5.58583511228 , 1.34924414523 , 39.114 , 4.91989877945
21 , 0.5 , 10.0 , 0.0 , 10.4867100942 , 2.78766421822 , 34.6828 , 6.19762730083
21 , 0.5 , 20.0 , 0.0 , 7.04046254783 , 1.68743161114 , 36.0124 , 5.594984025
21 , 0.5 , 30.0 , 0.0 , 6.12168241681 , 1.47869829076 , 36.896 , 5.21877226941
21 , 0.5 , 40.0 , 0.0 , 5.51724070952 , 1.49447569424 , 37.4252 , 4.8910535634
21 , 0.75 , 10.0 , 0.0 , 11.4846629111 , 2.06655548096 , 32.7544 , 6.36820858955
21 , 0.75 , 20.0 , 0.0 , 9.40169287868 , 1.60957416621 , 32.4 , 5.85860051548
21 , 0.75 , 30.0 , 0.0 , 8.3728051006 , 1.62334651575 , 32.126 , 5.4011965341
21 , 0.75 , 40.0 , 0.0 , 7.63759542103 , 1.68879018451 , 32.066 , 5.0830349202
21 , 1.0 , 10.0 , 0.0 , 8.60230931348 , 2.43681382601 , 32.444 , 5.66007632457
21 , 1.0 , 20.0 , 0.0 , 5.66978663584 , 1.77774887275 , 31.5664 , 4.95426998053
21 , 1.0 , 30.0 , 0.0 , 4.62261878436 , 1.59190323599 , 30.9452 , 4.44515432353
21 , 1.0 , 40.0 , 0.0 , 3.97454436487 , 1.44844151627 , 30.5612 , 4.21941400671
22 , 0 , 0 , 0 , 27.4653072167 , 33.3333333333 , 0 , 8.92810930937
22 , 0.1 , 10.0 , 0.0 , 24.447795704 , 2.2381981397 , 33.0804 , 8.92810930937
22 , 0.1 , 20.0 , 0.0 , 22.5093114038 , 2.37034480623 , 33.3292 , 8.6415523698
22 , 0.1 , 30.0 , 0.0 , 20.9939611771 , 2.31947519793 , 33.4236 , 8.47002733408
22 , 0.1 , 40.0 , 0.0 , 19.8215048448 , 2.29374578533 , 33.7648 , 8.2490654598
22 , 0.25 , 10.0 , 0.0 , 22.542275843 , 2.36025571704 , 33.3252 , 8.65973700293
22 , 0.25 , 20.0 , 0.0 , 19.9325507622 , 2.37085559571 , 33.9648 , 8.2550566903
22 , 0.25 , 30.0 , 0.0 , 17.9587571467 , 2.48402826957 , 34.5692 , 7.77580937009
22 , 0.25 , 40.0 , 0.0 , 16.371960294 , 2.51768925365 , 34.9216 , 7.42785658451
22 , 0.5 , 10.0 , 0.0 , 21.4478362002 , 2.31371193943 , 34.1528 , 8.47767964481
22 , 0.5 , 20.0 , 0.0 , 18.5426619366 , 2.53899519781 , 35.1436 , 7.82658156796
22 , 0.5 , 30.0 , 0.0 , 16.2974979421 , 2.63856608832 , 35.5588 , 7.35340346778
22 , 0.5 , 40.0 , 0.0 , 14.5428175473 , 2.50100510468 , 35.8828 , 7.01363416212
22 , 0.75 , 10.0 , 0.0 , 21.1401628794 , 2.2899744011 , 34.714 , 8.47692184699
22 , 0.75 , 20.0 , 0.0 , 18.4502161571 , 2.45859736321 , 35.95 , 7.79737776435
22 , 0.75 , 30.0 , 0.0 , 16.5097717503 , 2.45659504589 , 36.5788 , 7.49395693609
22 , 0.75 , 40.0 , 0.0 , 15.1332686373 , 2.3543252091 , 36.7124 , 7.07353421141
22 , 1.0 , 10.0 , 0.0 , 21.3064945365 , 2.36147450815 , 35.2356 , 8.42869459881
22 , 1.0 , 20.0 , 0.0 , 18.7987468221 , 2.27258654343 , 36.7452 , 7.95948974244
22 , 1.0 , 30.0 , 0.0 , 17.3307020321 , 2.11435906369 , 37.5044 , 7.7315445184
22 , 1.0 , 40.0 , 0.0 , 16.4021511557 , 2.1011387304 , 37.7656 , 7.4804984219
23 , 0 , 0 , 0 , 17.5777966187 , 33.3333333333 , 0 , 12.1606576039
23 , 0.1 , 10.0 , 0.0 , 13.7707886146 , 1.96805452546 , 45.930625 , 12.1606576039
23 , 0.1 , 20.0 , 0.0 , 10.9452778887 , 2.10725135044 , 49.015 , 11.315024304
23 , 0.1 , 30.0 , 0.0 , 9.08316810983 , 2.27565220836 , 50.22375 , 10.2181638976
23 , 0.1 , 40.0 , 0.0 , 7.60492855889 , 2.29735505385 , 50.644375 , 9.31537369671
23 , 0.25 , 10.0 , 0.0 , 11.049078644 , 2.10301663286 , 48.67875 , 11.3466508688
23 , 0.25 , 20.0 , 0.0 , 8.11395838485 , 2.08372112161 , 50.1125 , 9.73973016823
23 , 0.25 , 30.0 , 0.0 , 6.44765382056 , 1.98429827343 , 50.68 , 8.65746282117
23 , 0.25 , 40.0 , 0.0 , 5.43923060008 , 1.88258884975 , 51.380625 , 7.94439461881
23 , 0.5 , 10.0 , 0.0 , 9.87149065418 , 1.97826378487 , 48.21 , 10.9161846586
23 , 0.5 , 20.0 , 0.0 , 7.80206278382 , 1.64765420264 , 49.146875 , 9.80008719269
23 , 0.5 , 30.0 , 0.0 , 6.69756599048 , 1.74188209674 , 49.64875 , 8.95745490848
23 , 0.5 , 40.0 , 0.0 , 5.82691255778 , 1.8482306724 , 50.385 , 8.23769309334
23 , 0.75 , 10.0 , 0.0 , 9.963078014 , 1.9209190662 , 47.898125 , 10.8861335071
23 , 0.75 , 20.0 , 0.0 , 7.89567338482 , 1.55988632147 , 48.855625 , 9.89273405634
23 , 0.75 , 30.0 , 0.0 , 7.0019204773 , 1.48033496129 , 49.25125 , 9.36217447698
23 , 0.75 , 40.0 , 0.0 , 6.43775791128 , 1.42978245088 , 49.366875 , 8.84951956235
23 , 1.0 , 10.0 , 0.0 , 11.1453012518 , 1.79818940798 , 46.8825 , 10.9515954888
23 , 1.0 , 20.0 , 0.0 , 8.64449852611 , 2.14186823777 , 50.094375 , 9.76215586381
23 , 1.0 , 30.0 , 0.0 , 6.92258832872 , 2.01184078731 , 51.78125 , 8.86481589981
23 , 1.0 , 40.0 , 0.0 , 5.92648676529 , 1.69824790206 , 52.738125 , 8.23855358873
24 , 0 , 0 , 0 , 23.070858062 , 33.3333333333 , 0 , 9.79258545697
24 , 0.1 , 10.0 , 0.0 , 20.4212907367 , 2.14278405222 , 35.2004761905 , 9.79258545697
24 , 0.1 , 20.0 , 0.0 , 18.9175070511 , 2.33436403458 , 35.8852380952 , 9.27815466395
24 , 0.1 , 30.0 , 0.0 , 17.8445770821 , 2.29441263076 , 36.5966666667 , 9.10242038779
24 , 0.1 , 40.0 , 0.0 , 17.0901311314 , 2.29142034914 , 37.4014285714 , 8.84519356523
24 , 0.25 , 10.0 , 0.0 , 18.6539114828 , 2.27679716636 , 36.0280952381 , 9.2012731915
24 , 0.25 , 20.0 , 0.0 , 16.9932721646 , 2.21476349193 , 37.640952381 , 8.85368447587
24 , 0.25 , 30.0 , 0.0 , 15.8629209132 , 2.29636874641 , 38.8776190476 , 8.61773932454
24 , 0.25 , 40.0 , 0.0 , 14.9010305414 , 2.31143441504 , 40.060952381 , 8.35873158145
24 , 0.5 , 10.0 , 0.0 , 17.5979941989 , 2.12195763651 , 37.3471428571 , 9.14610506546
24 , 0.5 , 20.0 , 0.0 , 15.8770000873 , 2.26309209554 , 39.5023809524 , 8.63098325118
24 , 0.5 , 30.0 , 0.0 , 14.4599709917 , 2.26497457317 , 41.1947619048 , 8.17555283588
24 , 0.5 , 40.0 , 0.0 , 13.4286099114 , 2.24165903344 , 42.2585714286 , 7.92810596374
24 , 0.75 , 10.0 , 0.0 , 17.2936507113 , 2.03137471438 , 38.0380952381 , 9.03339232353
24 , 0.75 , 20.0 , 0.0 , 15.3991537117 , 2.28307158058 , 40.5985714286 , 8.41677882326
24 , 0.75 , 30.0 , 0.0 , 13.8230384662 , 2.32617958913 , 42.2271428571 , 7.92338126991
24 , 0.75 , 40.0 , 0.0 , 12.5799216023 , 2.32697768029 , 43.3780952381 , 7.59614360926
24 , 1.0 , 10.0 , 0.0 , 17.1623723163 , 2.02766091457 , 38.5380952381 , 9.06008039089
24 , 1.0 , 20.0 , 0.0 , 15.1411866744 , 2.20252334318 , 40.9223809524 , 8.5340724462
24 , 1.0 , 30.0 , 0.0 , 13.4884222406 , 2.33243636564 , 42.4342857143 , 7.79050320172
24 , 1.0 , 40.0 , 0.0 , 12.0846331011 , 2.39402980174 , 43.430952381 , 7.30541958609
25 , 0 , 0 , 0 , 27.4653072167 , 33.3333333333 , 0 , 9.09889192375
25 , 0.1 , 10.0 , 0.0 , 25.0020098701 , 2.16937109174 , 35.2976 , 9.09889192375
25 , 0.1 , 20.0 , 0.0 , 23.5674820545 , 2.61704129848 , 36.5116 , 8.70433601373
25 , 0.1 , 30.0 , 0.0 , 21.9070834482 , 2.92776262719 , 37.2932 , 8.43514278243
25 , 0.1 , 40.0 , 0.0 , 20.2708726887 , 3.13577508809 , 38.0668 , 8.11391014
25 , 0.25 , 10.0 , 0.0 , 24.1529246919 , 2.42440375301 , 36.5372 , 8.86761614866
25 , 0.25 , 20.0 , 0.0 , 21.5733525808 , 2.93405803557 , 38.6196 , 8.36966521672
25 , 0.25 , 30.0 , 0.0 , 19.0321734973 , 3.03784026787 , 39.89 , 7.86927569729
25 , 0.25 , 40.0 , 0.0 , 16.9554347491 , 3.05070830368 , 40.8384 , 7.61605445359
25 , 0.5 , 10.0 , 0.0 , 23.8750529675 , 2.44573520623 , 38.0332 , 8.83731281329
25 , 0.5 , 20.0 , 0.0 , 21.1589815604 , 2.78180091343 , 40.7492 , 8.42930005161
25 , 0.5 , 30.0 , 0.0 , 18.7097128728 , 2.88094162 , 42.7664 , 7.95234751756
25 , 0.5 , 40.0 , 0.0 , 16.6384821152 , 2.98652615595 , 44.4288 , 7.68261222241
25 , 0.75 , 10.0 , 0.0 , 23.8190556879 , 2.30628258697 , 38.1976 , 8.83715758827
25 , 0.75 , 20.0 , 0.0 , 21.1608469884 , 2.66575369838 , 41.0436 , 8.51317209036
25 , 0.75 , 30.0 , 0.0 , 18.6894871858 , 2.80629582621 , 43.4044 , 8.06843607151
25 , 0.75 , 40.0 , 0.0 , 16.7600687004 , 2.85119884304 , 44.9712 , 7.71580005962
25 , 1.0 , 10.0 , 0.0 , 23.5363442254 , 2.35235627627 , 37.622 , 8.73949174724
25 , 1.0 , 20.0 , 0.0 , 20.4894181757 , 2.63621163525 , 39.7628 , 8.26247760421
25 , 1.0 , 30.0 , 0.0 , 18.054218736 , 2.7643092031 , 41.1884 , 7.90304406163
25 , 1.0 , 40.0 , 0.0 , 16.1789341255 , 2.65700761046 , 42.2336 , 7.6407218926
26 , 0 , 0 , 0 , 20.8736334847 , 33.3333333333 , 0 , 10.4949088172
26 , 0.1 , 10.0 , 0.0 , 19.2010986937 , 1.81614325743 , 37.7826315789 , 10.4949088172
26 , 0.1 , 20.0 , 0.0 , 18.3486881356 , 2.09201356615 , 38.8215789474 , 10.4282919964
26 , 0.1 , 30.0 , 0.0 , 17.4215962429 , 2.27843399658 , 39.5873684211 , 9.99325733901
26 , 0.1 , 40.0 , 0.0 , 16.5592433638 , 2.40647754637 , 40.1684210526 , 9.89862185769
26 , 0.25 , 10.0 , 0.0 , 18.396565546 , 2.03256446559 , 38.5978947368 , 10.4342168846
26 , 0.25 , 20.0 , 0.0 , 16.6691376387 , 2.24844231491 , 40.1168421053 , 9.87549523286
26 , 0.25 , 30.0 , 0.0 , 15.3335317948 , 2.28519139142 , 40.7147368421 , 9.23380270882
26 , 0.25 , 40.0 , 0.0 , 14.2749214561 , 2.28618906428 , 41.1442105263 , 8.82557546404
26 , 0.5 , 10.0 , 0.0 , 17.5697346403 , 1.95779708895 , 39.4642105263 , 10.146839853
26 , 0.5 , 20.0 , 0.0 , 15.9352923078 , 2.10270786198 , 40.2447368421 , 9.60282990088
26 , 0.5 , 30.0 , 0.0 , 14.6445039311 , 2.11891617143 , 40.4889473684 , 8.97579013721
26 , 0.5 , 40.0 , 0.0 , 13.6199856899 , 2.11587576965 , 40.6678947368 , 8.51707815049
26 , 0.75 , 10.0 , 0.0 , 17.4307397654 , 1.78741508922 , 39.0884210526 , 10.0039351814
26 , 0.75 , 20.0 , 0.0 , 16.0859688199 , 1.95916121796 , 38.9984210526 , 9.55353179751
26 , 0.75 , 30.0 , 0.0 , 14.7065380371 , 2.21866755928 , 38.8278947368 , 9.2202125158
26 , 0.75 , 40.0 , 0.0 , 13.4035641645 , 2.35176858394 , 38.8136842105 , 8.57147695409
26 , 1.0 , 10.0 , 0.0 , 16.9228332804 , 1.80426471908 , 37.2157894737 , 9.79648730081
26 , 1.0 , 20.0 , 0.0 , 14.9303193291 , 2.16729480577 , 35.0868421053 , 9.01810697778
26 , 1.0 , 30.0 , 0.0 , 13.1584887761 , 2.32975546385 , 33.7089473684 , 8.48808503342
26 , 1.0 , 40.0 , 0.0 , 11.7330758941 , 2.32413762715 , 32.5063157895 , 8.11952531942
27 , 0 , 0 , 0 , 27.4653072167 , 33.3333333333 , 0 , 8.92589830997
27 , 0.1 , 10.0 , 0.0 , 23.1712621584 , 2.42133148732 , 43.5956 , 8.92589830997
27 , 0.1 , 20.0 , 0.0 , 20.9728117288 , 2.25809290852 , 44.5792 , 8.36146681869
27 , 0.1 , 30.0 , 0.0 , 19.644949642 , 2.09836274074 , 44.96 , 7.95628053804
27 , 0.1 , 40.0 , 0.0 , 18.8112495333 , 1.95824246919 , 44.92 , 7.77843171854
27 , 0.25 , 10.0 , 0.0 , 20.5442824165 , 2.30934375742 , 45.2592 , 8.23232745704
27 , 0.25 , 20.0 , 0.0 , 18.2321075566 , 1.96747544625 , 45.5544 , 7.56009527982
27 , 0.25 , 30.0 , 0.0 , 17.1131135556 , 1.66058068337 , 45.1524 , 7.16133885806
27 , 0.25 , 40.0 , 0.0 , 16.3778741873 , 1.63324700044 , 44.9208 , 6.98891460529
27 , 0.5 , 10.0 , 0.0 , 18.8394708333 , 2.05861495032 , 46.0756 , 7.76602115887
27 , 0.5 , 20.0 , 0.0 , 16.9427176959 , 1.65094383452 , 45.3652 , 7.16258535447
27 , 0.5 , 30.0 , 0.0 , 15.9665833483 , 1.72962389669 , 44.8296 , 6.92864805283
27 , 0.5 , 40.0 , 0.0 , 15.1427190104 , 1.83907783126 , 44.336 , 6.63993252978
27 , 0.75 , 10.0 , 0.0 , 18.5720169905 , 1.84696623724 , 45.6636 , 7.69324606652
27 , 0.75 , 20.0 , 0.0 , 16.6897688492 , 1.97806532789 , 45.3208 , 7.17614711109
27 , 0.75 , 30.0 , 0.0 , 15.2968864947 , 2.05215456479 , 44.8772 , 6.86137888183
27 , 0.75 , 40.0 , 0.0 , 14.1355365349 , 2.10996785548 , 44.3524 , 6.55455675389
27 , 1.0 , 10.0 , 0.0 , 18.786274305 , 1.77974368843 , 45.1992 , 7.89989362966
27 , 1.0 , 20.0 , 0.0 , 17.0331920723 , 2.13358767761 , 45.35 , 7.5839765295
27 , 1.0 , 30.0 , 0.0 , 15.3447129416 , 2.31779349648 , 45.094 , 7.15776249955
27 , 1.0 , 40.0 , 0.0 , 13.8941798406 , 2.43419697955 , 44.708 , 6.80431745291
28 , 0 , 0 , 0 , 27.4653072167 , 33.3333333333 , 0 , 8.13401191049
28 , 0.1 , 10.0 , 0.0 , 19.021682085 , 3.52939052375 , 39.8968 , 8.13401191049
28 , 0.1 , 20.0 , 0.0 , 11.7018060456 , 3.89936935998 , 41.0524 , 6.34511262627
28 , 0.1 , 30.0 , 0.0 , 6.95927889777 , 3.46806393786 , 41.5056 , 4.78250652273
28 , 0.1 , 40.0 , 0.0 , 4.48456519264 , 2.84187062457 , 41.788 , 3.93342802146
28 , 0.25 , 10.0 , 0.0 , 14.4172036828 , 3.81716432707 , 41.804 , 7.00354081876
28 , 0.25 , 20.0 , 0.0 , 6.21663774327 , 3.4425217019 , 42.1148 , 4.40540814908
28 , 0.25 , 30.0 , 0.0 , 2.90220395894 , 2.57045606523 , 41.972 , 2.99640050728
28 , 0.25 , 40.0 , 0.0 , 1.6936374739 , 1.72155368766 , 42.008 , 2.33784858363
28 , 0.5 , 10.0 , 0.0 , 13.0767606144 , 3.56245818078 , 42.526 , 6.57207151513
28 , 0.5 , 20.0 , 0.0 , 6.20498123326 , 3.08825011005 , 41.6384 , 4.20443164292
28 , 0.5 , 30.0 , 0.0 , 3.49138799739 , 2.42103806376 , 41.4892 , 3.1027541572
28 , 0.5 , 40.0 , 0.0 , 2.34526079586 , 1.83477442653 , 41.5612 , 2.5897209425
28 , 0.75 , 10.0 , 0.0 , 13.4925663855 , 3.12544685191 , 41.9892 , 6.71117600425
28 , 0.75 , 20.0 , 0.0 , 8.42163496103 , 2.72540382165 , 40.394 , 5.12905098434
28 , 0.75 , 30.0 , 0.0 , 6.06892926235 , 2.36638255365 , 39.7176 , 4.25434486613
28 , 0.75 , 40.0 , 0.0 , 4.74836562306 , 2.10716304636 , 39.2544 , 3.73235591015
28 , 1.0 , 10.0 , 0.0 , 13.254732162 , 2.81523090554 , 41.856 , 6.98948238427
28 , 1.0 , 20.0 , 0.0 , 8.89692905873 , 2.37937493075 , 40.4924 , 5.60106616994
28 , 1.0 , 30.0 , 0.0 , 6.78179960927 , 2.2116537589 , 39.7256 , 5.0111779693
28 , 1.0 , 40.0 , 0.0 , 5.40192015211 , 2.10422985774 , 39.1328 , 4.5427705379
29 , 0 , 0 , 0 , 16.47918433 , 33.3333333333 , 0 , 11.8389920742
29 , 0.1 , 10.0 , 0.0 , 14.9691838658 , 1.7159099511 , 36.1266666667 , 11.8389920742
29 , 0.1 , 20.0 , 0.0 , 14.0666418508 , 2.06755029299 , 37.0413333333 , 11.3647438452
29 , 0.1 , 30.0 , 0.0 , 13.0863405512 , 2.25938129 , 37.5553333333 , 11.181792959
29 , 0.1 , 40.0 , 0.0 , 12.1487176803 , 2.39276186487 , 38.0226666667 , 10.760893065
29 , 0.25 , 10.0 , 0.0 , 13.983261731 , 2.06602533648 , 37.2093333333 , 11.325436543
29 , 0.25 , 20.0 , 0.0 , 12.0031888413 , 2.45120009011 , 38.1546666667 , 10.6328249826
29 , 0.25 , 30.0 , 0.0 , 10.2363890343 , 2.51646457965 , 39.4406666667 , 9.92026162289
29 , 0.25 , 40.0 , 0.0 , 8.89769199507 , 2.44508398372 , 39.8353333333 , 9.25848538129
29 , 0.5 , 10.0 , 0.0 , 12.8922914422 , 2.36627396965 , 38.0193333333 , 11.0224651205
29 , 0.5 , 20.0 , 0.0 , 10.0285911364 , 2.47767015204 , 39.3526666667 , 9.7330401554
29 , 0.5 , 30.0 , 0.0 , 8.10127138741 , 2.38948478906 , 40.052 , 8.84267219541
29 , 0.5 , 40.0 , 0.0 , 6.93640057013 , 2.22313043252 , 40.6913333333 , 8.24067502629
29 , 0.75 , 10.0 , 0.0 , 12.2713097227 , 2.45584846955 , 38.2686666667 , 10.7634276036
29 , 0.75 , 20.0 , 0.0 , 9.15744967627 , 2.48285179465 , 39.7026666667 , 9.3495355559
29 , 0.75 , 30.0 , 0.0 , 7.35476924005 , 2.26505610523 , 40.104 , 8.5201894606
29 , 0.75 , 40.0 , 0.0 , 6.27292844379 , 2.08567879422 , 40.64 , 7.94700223005
29 , 1.0 , 10.0 , 0.0 , 11.7584571813 , 2.46210466124 , 38.6186666667 , 10.6867896853
29 , 1.0 , 20.0 , 0.0 , 8.71745525414 , 2.37269434972 , 39.8906666667 , 9.32602342314
29 , 1.0 , 30.0 , 0.0 , 7.13870404966 , 2.1156075546 , 40.2893333333 , 8.57312711001
29 , 1.0 , 40.0 , 0.0 , 6.16262136722 , 1.95323647987 , 40.078 , 8.17628850872
30 , 0 , 0 , 0 , 18.6764089074 , 33.3333333333 , 0 , 10.8013577898
30 , 0.1 , 10.0 , 0.0 , 17.2731848106 , 1.66927734238 , 34.5258823529 , 10.8013577898
30 , 0.1 , 20.0 , 0.0 , 16.7115158223 , 1.89223896032 , 33.8888235294 , 10.5627582215
30 , 0.1 , 30.0 , 0.0 , 16.0206258818 , 2.0836548603 , 33.2964705882 , 10.2184984575
30 , 0.1 , 40.0 , 0.0 , 15.2780979297 , 2.196957451 , 33.4852941176 , 9.96246198432
30 , 0.25 , 10.0 , 0.0 , 16.6002880039 , 1.94186519148 , 33.2764705882 , 10.5675467817
30 , 0.25 , 20.0 , 0.0 , 15.0968856223 , 2.20768203587 , 32.6694117647 , 9.97870667227
30 , 0.25 , 30.0 , 0.0 , 13.7646187124 , 2.30190898134 , 33.2817647059 , 9.39606703778
30 , 0.25 , 40.0 , 0.0 , 12.6692846586 , 2.41777413713 , 34.1029411765 , 8.95064079205
30 , 0.5 , 10.0 , 0.0 , 15.6544152203 , 2.12276280335 , 32.1882352941 , 10.1022728608
30 , 0.5 , 20.0 , 0.0 , 13.6026148416 , 2.21625104249 , 32.53 , 9.40826035863
30 , 0.5 , 30.0 , 0.0 , 12.2040483806 , 2.35985092404 , 33.7794117647 , 8.87084129378
30 , 0.5 , 40.0 , 0.0 , 10.9278367549 , 2.51515968279 , 34.8176470588 , 8.44571306665
30 , 0.75 , 10.0 , 0.0 , 14.9964436881 , 2.07897099562 , 31.3841176471 , 9.85759136972
30 , 0.75 , 20.0 , 0.0 , 12.9700256792 , 2.11912406011 , 32.3117647059 , 9.20386371403
30 , 0.75 , 30.0 , 0.0 , 11.5480849858 , 2.31704107207 , 33.4476470588 , 8.68273311379
30 , 0.75 , 40.0 , 0.0 , 10.2730323364 , 2.55580381709 , 34.4147058824 , 8.06021832069
30 , 1.0 , 10.0 , 0.0 , 14.6009130577 , 2.10479579775 , 31.1911764706 , 9.88549276101
30 , 1.0 , 20.0 , 0.0 , 12.6800878648 , 2.11706571932 , 32.1464705882 , 9.112081774
30 , 1.0 , 30.0 , 0.0 , 11.2593545278 , 2.32069534052 , 33.1182352941 , 8.51758610232
30 , 1.0 , 40.0 , 0.0 , 9.99166712349 , 2.46137546728 , 33.9664705882 , 7.97738913243
31 , 0 , 0 , 0 , 24.1694703507 , 33.3333333333 , 0 , 8.95220435479
31 , 0.1 , 10.0 , 0.0 , 19.5178974387 , 2.54954734176 , 32.3954545455 , 8.95220435479
31 , 0.1 , 20.0 , 0.0 , 15.9175640756 , 2.7666153616 , 33.3704545455 , 8.16320831789
31 , 0.1 , 30.0 , 0.0 , 13.5271996196 , 2.82623819481 , 34.0181818182 , 7.45613065185
31 , 0.1 , 40.0 , 0.0 , 11.6745979552 , 2.73395470957 , 34.6254545455 , 7.0264703764
31 , 0.25 , 10.0 , 0.0 , 14.4785592226 , 3.04719337431 , 34.6522727273 , 7.7055144872
31 , 0.25 , 20.0 , 0.0 , 9.39459925308 , 2.84701635445 , 36.2795454545 , 6.23201171704
31 , 0.25 , 30.0 , 0.0 , 7.10628949177 , 2.2500448953 , 36.9854545455 , 5.5645828072
31 , 0.25 , 40.0 , 0.0 , 6.12738995114 , 1.66966435735 , 37.3577272727 , 5.28617077347
31 , 0.5 , 10.0 , 0.0 , 8.7206269359 , 2.91583469044 , 36.9168181818 , 5.95417956891
31 , 0.5 , 20.0 , 0.0 , 5.86382050714 , 1.44745361445 , 37.3390909091 , 5.29100835583
31 , 0.5 , 30.0 , 0.0 , 5.58352919606 , 0.825567230431 , 37.5654545455 , 5.17322381384
31 , 0.5 , 40.0 , 0.0 , 5.54625872316 , 0.74409236464 , 37.4572727273 , 5.19319254027
31 , 0.75 , 10.0 , 0.0 , 6.89825060206 , 2.29385565708 , 37.3781818182 , 5.5237686261
31 , 0.75 , 20.0 , 0.0 , 5.61641764 , 0.950958528907 , 37.5363636364 , 5.18906192258
31 , 0.75 , 30.0 , 0.0 , 5.54353315168 , 0.70615909199 , 37.5354545455 , 5.25061814543
31 , 0.75 , 40.0 , 0.0 , 5.53717140995 , 0.703545145349 , 37.4727272727 , 5.18154704235
31 , 1.0 , 10.0 , 0.0 , 6.55343471749 , 2.02981963371 , 37.5577272727 , 5.47588384881
31 , 1.0 , 20.0 , 0.0 , 5.57481089528 , 0.853217788208 , 37.4922727273 , 5.17073597636
31 , 1.0 , 30.0 , 0.0 , 5.54225628536 , 0.74812615288 , 37.5081818182 , 5.22943978796
31 , 1.0 , 40.0 , 0.0 , 5.54275262238 , 0.694700775105 , 37.5640909091 , 5.20955731293
32 , 0 , 0 , 0 , 20.8736334847 , 33.3333333333 , 0 , 9.93980308248
32 , 0.1 , 10.0 , 0.0 , 16.1884727623 , 2.75261706124 , 46.0231578947 , 9.93980308248
32 , 0.1 , 20.0 , 0.0 , 12.6639472453 , 2.92829101118 , 49.3515789474 , 8.66780229792
32 , 0.1 , 30.0 , 0.0 , 10.4888132724 , 2.72342971816 , 51.3626315789 , 7.90134949377
32 , 0.1 , 40.0 , 0.0 , 9.16825334199 , 2.50694076885 , 52.4542105263 , 7.33066324051
32 , 0.25 , 10.0 , 0.0 , 13.1414713814 , 2.9779756099 , 49.6305263158 , 8.71060098553
32 , 0.25 , 20.0 , 0.0 , 9.30095405583 , 2.73688274029 , 52.6026315789 , 7.39781683376
32 , 0.25 , 30.0 , 0.0 , 7.52221057294 , 2.34953824018 , 53.7721052632 , 6.57018597662
32 , 0.25 , 40.0 , 0.0 , 6.54759797731 , 2.07816125836 , 54.3778947368 , 6.17946908942
32 , 0.5 , 10.0 , 0.0 , 11.8141318523 , 2.95329664169 , 51.3173684211 , 8.24041440948
32 , 0.5 , 20.0 , 0.0 , 8.08193718302 , 2.45630934327 , 53.8221052632 , 6.86601805111
32 , 0.5 , 30.0 , 0.0 , 6.5166813123 , 2.1590363332 , 54.6310526316 , 6.21314839831
32 , 0.5 , 40.0 , 0.0 , 5.61866646745 , 2.02621540058 , 54.8273684211 , 5.7117853572
32 , 0.75 , 10.0 , 0.0 , 11.8623963515 , 2.83132260543 , 51.3284210526 , 8.34520818931
32 , 0.75 , 20.0 , 0.0 , 8.4313425134 , 2.33529667645 , 53.3157894737 , 7.19706773162
32 , 0.75 , 30.0 , 0.0 , 6.99773059244 , 2.08947580614 , 54.0905263158 , 6.67853086504
32 , 0.75 , 40.0 , 0.0 , 6.12665535809 , 1.90549968468 , 54.6768421053 , 6.29819927657
32 , 1.0 , 10.0 , 0.0 , 12.4994214148 , 2.57912729136 , 49.4836842105 , 8.58036215328
32 , 1.0 , 20.0 , 0.0 , 9.42000319384 , 2.32881974336 , 50.0805263158 , 7.60224108596
32 , 1.0 , 30.0 , 0.0 , 7.74046581784 , 2.19279436318 , 50.2784210526 , 6.93460068811
32 , 1.0 , 40.0 , 0.0 , 6.56344003641 , 2.08089458062 , 50.3447368421 , 6.49975441684
33 , 0 , 0 , 0 , 27.4653072167 , 33.3333333333 , 0 , 8.04260140999
33 , 0.1 , 10.0 , 0.0 , 20.3958113736 , 3.17193693766 , 33.3016 , 8.04260140999
33 , 0.1 , 20.0 , 0.0 , 15.4532863496 , 3.19191611087 , 33.6036 , 6.92263440028
33 , 0.1 , 30.0 , 0.0 , 12.7333643806 , 2.69799517672 , 34.1488 , 6.47161946965
33 , 0.1 , 40.0 , 0.0 , 11.4400032463 , 2.20010103052 , 34.5808 , 6.15417511613
33 , 0.25 , 10.0 , 0.0 , 15.321158653 , 3.1119892653 , 32.4168 , 7.05060832553
33 , 0.25 , 20.0 , 0.0 , 11.7889598962 , 2.05446539476 , 33.438 , 6.4560789958
33 , 0.25 , 30.0 , 0.0 , 11.0006846995 , 1.49323533449 , 34.2036 , 6.21689207241
33 , 0.25 , 40.0 , 0.0 , 10.7173211352 , 1.41529151499 , 34.9888 , 6.22985349426
33 , 0.5 , 10.0 , 0.0 , 12.9498311988 , 2.44529783533 , 29.5408 , 6.66095603949
33 , 0.5 , 20.0 , 0.0 , 11.2049037017 , 1.51212054731 , 28.6852 , 6.38643100331
33 , 0.5 , 30.0 , 0.0 , 10.7411663737 , 1.45291694496 , 28.7164 , 6.36669231548
33 , 0.5 , 40.0 , 0.0 , 10.3770469088 , 1.45725089517 , 28.7304 , 6.22364168634
33 , 0.75 , 10.0 , 0.0 , 12.0606888018 , 2.40712990107 , 27.3948 , 6.29133793084
33 , 0.75 , 20.0 , 0.0 , 10.2841734129 , 1.5110564215 , 27.178 , 6.05900288826
33 , 0.75 , 30.0 , 0.0 , 9.91928471932 , 1.30371339688 , 27.456 , 6.12261904743
33 , 0.75 , 40.0 , 0.0 , 9.69014692078 , 1.26588186595 , 27.696 , 5.99416249363
33 , 1.0 , 10.0 , 0.0 , 13.9761499684 , 2.44267891306 , 28.026 , 6.75829297974
33 , 1.0 , 20.0 , 0.0 , 11.2359289606 , 2.29303159664 , 27.1776 , 6.16587854567
33 , 1.0 , 30.0 , 0.0 , 10.0591799541 , 1.77666968269 , 27.0928 , 6.06255623974
33 , 1.0 , 40.0 , 0.0 , 9.621583403 , 1.49549420451 , 27.0916 , 5.91989944509
34 , 0 , 0 , 0 , 21.9722457734 , 33.3333333333 , 0 , 8.89705788449
34 , 0.1 , 10.0 , 0.0 , 16.7983621027 , 2.90828561637 , 29.019 , 8.89705788449
34 , 0.1 , 20.0 , 0.0 , 12.3905986313 , 3.06691451101 , 28.0115 , 7.44132835924
34 , 0.1 , 30.0 , 0.0 , 9.96711562118 , 2.58657299914 , 27.877 , 6.81490065958
34 , 0.1 , 40.0 , 0.0 , 8.78132449673 , 2.03497608544 , 28.197 , 6.60296834764
34 , 0.25 , 10.0 , 0.0 , 11.9618930422 , 3.05327583323 , 28.1425 , 7.38831467589
34 , 0.25 , 20.0 , 0.0 , 8.5824395262 , 1.8987325416 , 28.141 , 6.48337250202
34 , 0.25 , 30.0 , 0.0 , 7.88581583908 , 1.39696896165 , 28.3645 , 6.48749872832
34 , 0.25 , 40.0 , 0.0 , 7.56624699868 , 1.29672234115 , 28.5815 , 6.46725272044
34 , 0.5 , 10.0 , 0.0 , 9.65498612276 , 2.5581462017 , 28.006 , 6.69320282077
34 , 0.5 , 20.0 , 0.0 , 7.75885666426 , 1.4369930555 , 28.2695 , 6.38262248218
34 , 0.5 , 30.0 , 0.0 , 7.28634955235 , 1.29919184887 , 28.467 , 6.44204245562
34 , 0.5 , 40.0 , 0.0 , 6.9596527486 , 1.2706303681 , 28.6425 , 6.3804148572
34 , 0.75 , 10.0 , 0.0 , 9.3886779127 , 2.44367677625 , 27.944 , 6.66654813228
34 , 0.75 , 20.0 , 0.0 , 7.4733370193 , 1.44318350217 , 28.074 , 6.280169106
34 , 0.75 , 30.0 , 0.0 , 6.98930049583 , 1.24872899123 , 28.329 , 6.3136961441
34 , 0.75 , 40.0 , 0.0 , 6.71407047657 , 1.13450501922 , 28.353 , 6.26118127832
34 , 1.0 , 10.0 , 0.0 , 10.4463089868 , 2.830212453 , 28.2705 , 6.88704071064
34 , 1.0 , 20.0 , 0.0 , 7.43204710676 , 1.72147873378 , 27.7135 , 6.17530709763
34 , 1.0 , 30.0 , 0.0 , 6.82372093545 , 1.19712053796 , 27.7295 , 6.119013789
34 , 1.0 , 40.0 , 0.0 , 6.61010098207 , 1.05215853253 , 27.8295 , 6.20736898774
35 , 0 , 0 , 0 , 27.4653072167 , 33.3333333333 , 0 , 9.47284988586
35 , 0.1 , 10.0 , 0.0 , 24.6006051105 , 2.28240844094 , 47.2748 , 9.47284988586
35 , 0.1 , 20.0 , 0.0 , 20.813650077 , 3.14619357969 , 50.5892 , 8.61858708606
35 , 0.1 , 30.0 , 0.0 , 16.9717326386 , 3.44973618212 , 53.1764 , 7.71534075981
35 , 0.1 , 40.0 , 0.0 , 14.1244314794 , 3.38265649516 , 55.0416 , 7.03089392894
35 , 0.25 , 10.0 , 0.0 , 21.1440628155 , 3.06868789109 , 48.1028 , 8.85097916391
35 , 0.25 , 20.0 , 0.0 , 14.6907270968 , 3.21072618434 , 51.964 , 7.18522818009
35 , 0.25 , 30.0 , 0.0 , 11.1758447671 , 2.83448739974 , 54.304 , 6.1540542734
35 , 0.25 , 40.0 , 0.0 , 9.29753882308 , 2.51875316382 , 55.4644 , 5.41991998465
35 , 0.5 , 10.0 , 0.0 , 17.5825271717 , 3.12244519642 , 47.364 , 7.94774836038
35 , 0.5 , 20.0 , 0.0 , 12.16584428 , 2.50479895738 , 49.8356 , 6.78529090312
35 , 0.5 , 30.0 , 0.0 , 10.1774092658 , 2.00014290489 , 51.4524 , 6.20549226412
35 , 0.5 , 40.0 , 0.0 , 9.27364461662 , 1.71102547665 , 52.1688 , 5.85589502638
35 , 0.75 , 10.0 , 0.0 , 15.706723093 , 2.76194234935 , 46.8044 , 7.82892972506
35 , 0.75 , 20.0 , 0.0 , 11.8433803647 , 2.02217594857 , 48.6852 , 6.95097841746
35 , 0.75 , 30.0 , 0.0 , 10.5828305899 , 1.66265207336 , 49.2272 , 6.49538144838
35 , 0.75 , 40.0 , 0.0 , 9.94001440995 , 1.52526269179 , 49.4852 , 6.13349663406
35 , 1.0 , 10.0 , 0.0 , 14.8287472771 , 2.24819959616 , 46.8028 , 7.79098916441
35 , 1.0 , 20.0 , 0.0 , 12.423409374 , 1.79730552341 , 48.596 , 7.02862603928
35 , 1.0 , 30.0 , 0.0 , 11.2415868692 , 1.73635056079 , 49.5844 , 6.58896628008
35 , 1.0 , 40.0 , 0.0 , 10.4411537129 , 1.82701623063 , 50.1204 , 6.23062627992
36 , 0 , 0 , 0 , 27.4653072167 , 33.3333333333 , 0 , 7.75963397075
36 , 0.1 , 10.0 , 0.0 , 17.444976899 , 3.23106075773 , 35.3008 , 7.75963397075
36 , 0.1 , 20.0 , 0.0 , 11.8122433951 , 2.91667615162 , 35.9228 , 6.43033748414
36 , 0.1 , 30.0 , 0.0 , 9.26976237757 , 2.49474655699 , 36.6844 , 5.62398405403
36 , 0.1 , 40.0 , 0.0 , 7.90006879165 , 2.11368160159 , 37.0644 , 5.20598238952
36 , 0.25 , 10.0 , 0.0 , 11.5265880801 , 2.88985104371 , 35.0624 , 6.27178652698
36 , 0.25 , 20.0 , 0.0 , 7.48402871781 , 2.24613017287 , 35.4132 , 5.02820701244
36 , 0.25 , 30.0 , 0.0 , 5.99142022125 , 1.80101959827 , 35.3304 , 4.55153115336
36 , 0.25 , 40.0 , 0.0 , 5.35509595296 , 1.51123132503 , 35.2372 , 4.30168991909
36 , 0.5 , 10.0 , 0.0 , 8.02412727552 , 2.44951257326 , 34.1148 , 5.09301688197
36 , 0.5 , 20.0 , 0.0 , 5.23879269734 , 1.75990996987 , 34.0436 , 4.0605047765
36 , 0.5 , 30.0 , 0.0 , 4.49890040981 , 1.24533300591 , 33.952 , 3.81797014132
36 , 0.5 , 40.0 , 0.0 , 4.26677413028 , 0.975782165876 , 34.0272 , 3.75649572873
36 , 0.75 , 10.0 , 0.0 , 8.02020183306 , 1.92409898275 , 34.0352 , 5.1693288694
36 , 0.75 , 20.0 , 0.0 , 6.29208428417 , 1.53929801449 , 34.0204 , 4.60951015185
36 , 0.75 , 30.0 , 0.0 , 5.58551678345 , 1.45115734779 , 33.994 , 4.29994930203
36 , 0.75 , 40.0 , 0.0 , 5.12073219838 , 1.39055762844 , 33.9924 , 4.0936954259
36 , 1.0 , 10.0 , 0.0 , 9.15172057863 , 1.53593288709 , 33.9656 , 5.65533523675
36 , 1.0 , 20.0 , 0.0 , 8.27921395165 , 1.09913797094 , 34.076 , 5.40583240584
36 , 1.0 , 30.0 , 0.0 , 8.0432745108 , 1.05465946209 , 33.9684 , 5.29352448186
36 , 1.0 , 40.0 , 0.0 , 7.80075098514 , 1.20288723763 , 33.9492 , 5.21756833784
37 , 0 , 0 , 0 , 16.47918433 , 33.3333333333 , 0 , 11.946365398
37 , 0.1 , 10.0 , 0.0 , 16.0370397813 , 0.942100995733 , 33.8093333333 , 11.946365398
37 , 0.1 , 20.0 , 0.0 , 16.2168269324 , 0.73836736562 , 32.7313333333 , 12.0943437836
37 , 0.1 , 30.0 , 0.0 , 16.1246821738 , 0.848298248806 , 31.7093333333 , 11.7307933614
37 , 0.1 , 40.0 , 0.0 , 15.8448806172 , 1.11105064845 , 30.9646666667 , 11.8967071261
37 , 0.25 , 10.0 , 0.0 , 16.2247120521 , 0.704820493335 , 32.8346666667 , 12.0524869909
37 , 0.25 , 20.0 , 0.0 , 15.8392061776 , 1.11755689793 , 31.098 , 11.6479352677
37 , 0.25 , 30.0 , 0.0 , 14.8167047715 , 1.6635974516 , 30.0933333333 , 11.2158697092
37 , 0.25 , 40.0 , 0.0 , 13.6376554729 , 2.06319767684 , 29.4526666667 , 10.7514538345
37 , 0.5 , 10.0 , 0.0 , 16.1019453023 , 0.857314799493 , 31.9846666667 , 11.8961706444
37 , 0.5 , 20.0 , 0.0 , 14.8805889048 , 1.58636518528 , 30.014 , 11.2747418596
37 , 0.5 , 30.0 , 0.0 , 13.341119132 , 1.99747703263 , 28.7153333333 , 10.6313304488
37 , 0.5 , 40.0 , 0.0 , 11.9415241715 , 2.21542642774 , 28.272 , 10.0066985565
37 , 0.75 , 10.0 , 0.0 , 15.7503088848 , 1.12681481926 , 31.79 , 11.8747308741
37 , 0.75 , 20.0 , 0.0 , 14.4362544688 , 1.4941962348 , 29.4253333333 , 11.2431106016
37 , 0.75 , 30.0 , 0.0 , 13.3082600093 , 1.67467859705 , 27.806 , 10.7828942518
37 , 0.75 , 40.0 , 0.0 , 12.3844357193 , 1.88139916172 , 27.148 , 10.2262997761
37 , 1.0 , 10.0 , 0.0 , 15.1032231467 , 1.47061327683 , 31.4886666667 , 11.580706388
37 , 1.0 , 20.0 , 0.0 , 13.8624009204 , 1.54524304118 , 28.678 , 10.9249502618
37 , 1.0 , 30.0 , 0.0 , 13.1964970257 , 1.53663371454 , 26.6953333333 , 10.8699003573
37 , 1.0 , 40.0 , 0.0 , 12.6583093212 , 1.64690131249 , 25.4626666667 , 10.5273899688
38 , 0 , 0 , 0 , 27.4653072167 , 33.3333333333 , 0 , 8.3221612193
38 , 0.1 , 10.0 , 0.0 , 20.9807616342 , 2.73105031873 , 33.5208 , 8.3221612193
38 , 0.1 , 20.0 , 0.0 , 15.8336496841 , 2.77765117635 , 32.8616 , 7.2173156672
38 , 0.1 , 30.0 , 0.0 , 13.1143381999 , 2.49522980025 , 32.8104 , 6.69441945504
38 , 0.1 , 40.0 , 0.0 , 11.6865802268 , 2.18048893375 , 32.6116 , 6.31812831779
38 , 0.25 , 10.0 , 0.0 , 15.0446963976 , 2.7840326727 , 33.3228 , 7.06941299968
38 , 0.25 , 20.0 , 0.0 , 10.8938507281 , 2.19367232626 , 32.5568 , 6.04334127449
38 , 0.25 , 30.0 , 0.0 , 9.41217288695 , 1.87963531931 , 32.0564 , 5.53057131226
38 , 0.25 , 40.0 , 0.0 , 8.61958867976 , 1.65774408571 , 31.7856 , 5.33175699371
38 , 0.5 , 10.0 , 0.0 , 11.2613024001 , 2.65231751625 , 32.7348 , 5.9382883864
38 , 0.5 , 20.0 , 0.0 , 8.17363088767 , 1.60248552964 , 31.822 , 5.18323412552
38 , 0.5 , 30.0 , 0.0 , 7.65441903646 , 1.12922750807 , 31.4012 , 4.99518153424
38 , 0.5 , 40.0 , 0.0 , 7.48560525471 , 0.975045926073 , 31.1928 , 4.86140187189
38 , 0.75 , 10.0 , 0.0 , 11.0577209621 , 2.37651475642 , 33.0384 , 5.83864071852
38 , 0.75 , 20.0 , 0.0 , 8.14656026853 , 1.68453606832 , 31.4816 , 5.04603422898
38 , 0.75 , 30.0 , 0.0 , 7.53684777086 , 1.13778505986 , 31.0748 , 4.86719682774
38 , 0.75 , 40.0 , 0.0 , 7.37446348563 , 0.904301500594 , 30.9288 , 4.81710811172
38 , 1.0 , 10.0 , 0.0 , 12.3113964752 , 1.92113051085 , 36.2688 , 6.16711817302
38 , 1.0 , 20.0 , 0.0 , 10.410865577 , 1.51977601707 , 36.3912 , 5.58775111829
38 , 1.0 , 30.0 , 0.0 , 9.81012739504 , 1.28167233076 , 36.6784 , 5.3907117749
38 , 1.0 , 40.0 , 0.0 , 9.4811340601 , 1.30390968374 , 37.0784 , 5.37835043856
39 , 0 , 0 , 0 , 19.775021196 , 33.3333333333 , 0 , 10.3948018823
39 , 0.1 , 10.0 , 0.0 , 17.9438457442 , 1.87531332118 , 30.4066666667 , 10.3948018823
39 , 0.1 , 20.0 , 0.0 , 16.6593029914 , 2.15794578543 , 29.5072222222 , 10.0409536553
39 , 0.1 , 30.0 , 0.0 , 15.4416964425 , 2.18329943317 , 28.7844444444 , 9.77172565222
39 , 0.1 , 40.0 , 0.0 , 14.6400480789 , 2.10483528839 , 28.5055555556 , 9.54527709471
39 , 0.25 , 10.0 , 0.0 , 16.2193218316 , 2.19664831171 , 29.7372222222 , 9.99274846644
39 , 0.25 , 20.0 , 0.0 , 14.1198110822 , 2.01417328675 , 28.6955555556 , 9.59473389514
39 , 0.25 , 30.0 , 0.0 , 13.1592075121 , 1.71660917278 , 28.5483333333 , 9.42721027232
39 , 0.25 , 40.0 , 0.0 , 12.6467502049 , 1.66974541544 , 28.3244444444 , 9.29674946512
39 , 0.5 , 10.0 , 0.0 , 14.3004967456 , 2.0390402264 , 29.1366666667 , 9.73312220725
39 , 0.5 , 20.0 , 0.0 , 12.4806543743 , 1.66462306301 , 28.6844444444 , 9.16475697279
39 , 0.5 , 30.0 , 0.0 , 11.6504012613 , 1.60732231895 , 28.8227777778 , 8.99711611889
39 , 0.5 , 40.0 , 0.0 , 11.0296026009 , 1.51528921132 , 28.655 , 8.89750899736
39 , 0.75 , 10.0 , 0.0 , 13.6145627424 , 1.86475822899 , 29.595 , 9.64541980155
39 , 0.75 , 20.0 , 0.0 , 11.7541570242 , 1.74660532217 , 29.3483333333 , 9.22653966876
39 , 0.75 , 30.0 , 0.0 , 10.7170431533 , 1.58807535703 , 29.3061111111 , 8.8558761792
39 , 0.75 , 40.0 , 0.0 , 10.113750336 , 1.54060910559 , 29.1611111111 , 8.48346066993
39 , 1.0 , 10.0 , 0.0 , 13.5704179313 , 1.77777605054 , 31.4083333333 , 9.8354325286
39 , 1.0 , 20.0 , 0.0 , 11.9889729098 , 1.77787461603 , 32.1672222222 , 9.4543118225
39 , 1.0 , 30.0 , 0.0 , 11.1222331663 , 1.67685266393 , 32.3233333333 , 9.22949639491
39 , 1.0 , 40.0 , 0.0 , 10.5875682611 , 1.62878075278 , 32.2783333333 , 8.85834681717
40 , 0 , 0 , 0 , 27.4653072167 , 33.3333333333 , 0 , 8.56268158932
40 , 0.1 , 10.0 , 0.0 , 23.023070364 , 2.8696705276 , 32.822 , 8.56268158932
40 , 0.1 , 20.0 , 0.0 , 19.1561113694 , 3.4756086695 , 32.542 , 7.73867146221
40 , 0.1 , 30.0 , 0.0 , 15.5724719078 , 3.59417907774 , 31.8736 , 6.89556546195
40 , 0.1 , 40.0 , 0.0 , 12.8959634995 , 3.35175826715 , 31.6552 , 6.23585703492
40 , 0.25 , 10.0 , 0.0 , 19.7643913629 , 3.3548186722 , 32.4664 , 7.77915619074
40 , 0.25 , 20.0 , 0.0 , 14.1183140658 , 3.33836696994 , 31.9976 , 6.58361559024
40 , 0.25 , 30.0 , 0.0 , 11.1069957713 , 2.80517346384 , 31.5304 , 5.83783143299
40 , 0.25 , 40.0 , 0.0 , 9.67729268207 , 2.22476869699 , 31.2112 , 5.51291162273
40 , 0.5 , 10.0 , 0.0 , 18.5595558281 , 3.08655485717 , 32.9944 , 7.6461734639
40 , 0.5 , 20.0 , 0.0 , 14.3603135239 , 2.81873141314 , 32.47 , 6.81609125526
40 , 0.5 , 30.0 , 0.0 , 12.2491582981 , 2.55642230162 , 32.0504 , 6.22876069857
40 , 0.5 , 40.0 , 0.0 , 10.9215574216 , 2.31930869656 , 31.5584 , 5.87851932378
40 , 0.75 , 10.0 , 0.0 , 19.6011448219 , 2.6814711406 , 33.3696 , 7.97070861593
40 , 0.75 , 20.0 , 0.0 , 16.4414730634 , 2.64153105383 , 33.1388 , 7.45701914709
40 , 0.75 , 30.0 , 0.0 , 14.6497795802 , 2.50719185254 , 32.8608 , 7.01733734119
40 , 0.75 , 40.0 , 0.0 , 13.3790676497 , 2.4742225712 , 32.5684 , 6.70606601817
40 , 1.0 , 10.0 , 0.0 , 21.2134987909 , 2.14386817277 , 34.2564 , 8.43676828175
40 , 1.0 , 20.0 , 0.0 , 19.6307628334 , 2.20254978096 , 34.3312 , 8.24111076009
40 , 1.0 , 30.0 , 0.0 , 18.4521599791 , 2.36375724955 , 34.586 , 7.91973509658
40 , 1.0 , 40.0 , 0.0 , 17.3829561531 , 2.51935481195 , 34.032 , 7.66804903479
41 , 0 , 0 , 0 , 18.6764089074 , 33.3333333333 , 0 , 10.7412006958
41 , 0.1 , 10.0 , 0.0 , 16.5450149505 , 1.93512727175 , 37.1552941176 , 10.7412006958
41 , 0.1 , 20.0 , 0.0 , 14.8046635559 , 2.29281464615 , 37.3735294118 , 9.94054601203
41 , 0.1 , 30.0 , 0.0 , 13.2253803044 , 2.38823522533 , 38.0841176471 , 9.29958794712
41 , 0.1 , 40.0 , 0.0 , 11.972355019 , 2.31470389483 , 38.6005882353 , 8.82145777641
41 , 0.25 , 10.0 , 0.0 , 14.9868228756 , 2.24790470139 , 37.6347058824 , 9.99822750727
41 , 0.25 , 20.0 , 0.0 , 12.2171597436 , 2.22931756017 , 37.9788235294 , 8.80134277267
41 , 0.25 , 30.0 , 0.0 , 10.6682072097 , 1.98270861819 , 38.0541176471 , 8.18778599173
41 , 0.25 , 40.0 , 0.0 , 9.8119254409 , 1.85558307036 , 38.2535294118 , 7.96617066642
41 , 0.5 , 10.0 , 0.0 , 12.8993924251 , 2.41200941746 , 38.8582352941 , 9.15303415574
41 , 0.5 , 20.0 , 0.0 , 9.39398107162 , 2.41350847297 , 37.65 , 7.47382919509
41 , 0.5 , 30.0 , 0.0 , 7.32114773372 , 2.2509563005 , 37.0123529412 , 6.53756139524
41 , 0.5 , 40.0 , 0.0 , 6.18879487026 , 1.98970669305 , 36.6523529412 , 6.10344842683
41 , 0.75 , 10.0 , 0.0 , 10.8290525458 , 2.43057371046 , 40.8552941176 , 8.36208869456
41 , 0.75 , 20.0 , 0.0 , 7.75547429421 , 2.11125529754 , 39.5417647059 , 6.87876122971
41 , 0.75 , 30.0 , 0.0 , 6.2948613933 , 1.91155345802 , 38.7347058824 , 6.19183520318
41 , 0.75 , 40.0 , 0.0 , 5.4883205778 , 1.65183581818 , 38.1723529412 , 5.81635181561
41 , 1.0 , 10.0 , 0.0 , 8.86646645555 , 2.38687598529 , 44.6335294118 , 7.69286891738
41 , 1.0 , 20.0 , 0.0 , 5.87794245278 , 2.07590368775 , 45.7058823529 , 6.1982808198
41 , 1.0 , 30.0 , 0.0 , 4.55556634667 , 1.70399180404 , 46.34 , 5.28976016751
41 , 1.0 , 40.0 , 0.0 , 3.92534800199 , 1.39976819994 , 46.7629411765 , 4.94107111232
42 , 0 , 0 , 0 , 27.4653072167 , 33.3333333333 , 0 , 7.36739797758
42 , 0.1 , 10.0 , 0.0 , 17.7138160444 , 3.20800519666 , 30.0552 , 7.36739797758
42 , 0.1 , 20.0 , 0.0 , 12.0887907819 , 2.99992374226 , 29.5948 , 5.92396935846
42 , 0.1 , 30.0 , 0.0 , 9.24149588263 , 2.6227724446 , 29.3972 , 5.18133497856
42 , 0.1 , 40.0 , 0.0 , 7.6980886596 , 2.19770947288 , 29.2696 , 4.6500877239
42 , 0.25 , 10.0 , 0.0 , 11.8032879904 , 2.9813899741 , 28.3764 , 5.82744567027
42 , 0.25 , 20.0 , 0.0 , 7.57378784877 , 2.13882726313 , 27.2736 , 4.63831252073
42 , 0.25 , 30.0 , 0.0 , 6.30560756649 , 1.6513702535 , 26.446 , 4.05397138618
42 , 0.25 , 40.0 , 0.0 , 5.73862352482 , 1.36094184478 , 25.892 , 3.81338904388
42 , 0.5 , 10.0 , 0.0 , 8.68230684958 , 2.13867102219 , 26.1664 , 4.91637173533
42 , 0.5 , 20.0 , 0.0 , 6.94114507921 , 1.39176860049 , 25.3476 , 4.28018390259
42 , 0.5 , 30.0 , 0.0 , 6.34817617017 , 1.32797842878 , 25.136 , 3.9798371826
42 , 0.5 , 40.0 , 0.0 , 5.93417495465 , 1.33524587274 , 25.0508 , 3.75081582592
42 , 0.75 , 10.0 , 0.0 , 6.97715166176 , 1.82069092821 , 25.52 , 4.19676065555
42 , 0.75 , 20.0 , 0.0 , 5.51154284173 , 1.32544426428 , 25.0672 , 3.55711739475
42 , 0.75 , 30.0 , 0.0 , 5.03764249252 , 0.988872273842 , 24.9908 , 3.38595855852
42 , 0.75 , 40.0 , 0.0 , 4.91680768463 , 0.770028658559 , 24.9484 , 3.31754991522
42 , 1.0 , 10.0 , 0.0 , 5.63510804921 , 1.65501938944 , 25.3108 , 3.60868443619
42 , 1.0 , 20.0 , 0.0 , 4.90027807742 , 0.673710715045 , 25.0708 , 3.35150523795
42 , 1.0 , 30.0 , 0.0 , 4.86189688807 , 0.530514350401 , 24.954 , 3.26684618554
42 , 1.0 , 40.0 , 0.0 , 4.84716075611 , 0.495895307904 , 25.0144 , 3.32670898036
43 , 0 , 0 , 0 , 25.2680826394 , 33.3333333333 , 0 , 8.19639681775
43 , 0.1 , 10.0 , 0.0 , 18.1380179832 , 3.03696332499 , 28.01 , 8.19639681775
43 , 0.1 , 20.0 , 0.0 , 12.1656951905 , 3.19246187288 , 24.5086956522 , 6.67448800809
43 , 0.1 , 30.0 , 0.0 , 8.50101688253 , 2.88582307395 , 23.3717391304 , 5.7458783617
43 , 0.1 , 40.0 , 0.0 , 6.4953178339 , 2.45486769196 , 23.2413043478 , 5.14979719534
43 , 0.25 , 10.0 , 0.0 , 9.91360499221 , 3.17113813165 , 25.7269565217 , 6.00400647583
43 , 0.25 , 20.0 , 0.0 , 5.01975486811 , 2.13507075129 , 24.9730434783 , 4.62622090359
43 , 0.25 , 30.0 , 0.0 , 3.86516196747 , 1.35720773635 , 24.9260869565 , 4.31708917897
43 , 0.25 , 40.0 , 0.0 , 3.57997588478 , 0.890314694983 , 25.0743478261 , 4.22982834475
43 , 0.5 , 10.0 , 0.0 , 6.29361344485 , 2.31830405776 , 27.3 , 5.08186106749
43 , 0.5 , 20.0 , 0.0 , 4.37467321779 , 1.08660600689 , 26.9991304348 , 4.7400955539
43 , 0.5 , 30.0 , 0.0 , 4.16682537192 , 0.60120189174 , 26.9608695652 , 4.73094426604
43 , 0.5 , 40.0 , 0.0 , 4.15360634744 , 0.587919142302 , 26.8430434783 , 4.64639785678
43 , 0.75 , 10.0 , 0.0 , 6.38232518133 , 2.11908212366 , 29.397826087 , 5.07750468983
43 , 0.75 , 20.0 , 0.0 , 4.18630752949 , 1.52516595763 , 29.3017391304 , 4.39773021022
43 , 0.75 , 30.0 , 0.0 , 3.6503063262 , 1.01712700308 , 29.397826087 , 4.23643782936
43 , 0.75 , 40.0 , 0.0 , 3.50221042717 , 0.666926844346 , 29.4213043478 , 4.23096066708
43 , 1.0 , 10.0 , 0.0 , 8.22618192083 , 1.26057730723 , 31.1173913043 , 5.65008489824
43 , 1.0 , 20.0 , 0.0 , 7.40733602478 , 1.25720133111 , 30.2817391304 , 5.48853584382
43 , 1.0 , 30.0 , 0.0 , 6.81216661399 , 1.34049416676 , 29.9247826087 , 5.36307601196
43 , 1.0 , 40.0 , 0.0 , 6.32480103022 , 1.34181328665 , 29.7043478261 , 5.32529009123
44 , 0 , 0 , 0 , 27.4653072167 , 33.3333333333 , 0 , 5.95543078543
44 , 0.1 , 10.0 , 0.0 , 12.0157700564 , 3.75015744425 , 33.0696 , 5.95543078543
44 , 0.1 , 20.0 , 0.0 , 5.89491769023 , 2.85969681887 , 33.1884 , 4.15929145889
44 , 0.1 , 30.0 , 0.0 , 3.94190806558 , 2.23371547004 , 33.5596 , 3.45595830993
44 , 0.1 , 40.0 , 0.0 , 2.99276991323 , 1.90095055283 , 33.6968 , 3.042247485
44 , 0.25 , 10.0 , 0.0 , 5.66399927128 , 3.01986920468 , 33.3076 , 4.05805153245
44 , 0.25 , 20.0 , 0.0 , 2.53846135359 , 1.86040453335 , 33.8388 , 2.8005025549
44 , 0.25 , 30.0 , 0.0 , 1.6578689644 , 1.44617586835 , 33.9532 , 2.30152335639
44 , 0.25 , 40.0 , 0.0 , 1.30431781981 , 1.1264479852 , 33.9684 , 2.1186319737
44 , 0.5 , 10.0 , 0.0 , 3.20392033029 , 2.40765228279 , 33.6652 , 3.04471820699
44 , 0.5 , 20.0 , 0.0 , 1.32273399017 , 1.16738657814 , 33.9932 , 2.12789890737
44 , 0.5 , 30.0 , 0.0 , 1.06839621882 , 0.55001685573 , 34.0052 , 2.00638305415
44 , 0.5 , 40.0 , 0.0 , 1.04110419867 , 0.443431605921 , 34.04 , 2.001999001
44 , 0.75 , 10.0 , 0.0 , 2.63941040364 , 2.31413100267 , 33.768 , 2.78865128691
44 , 0.75 , 20.0 , 0.0 , 1.10517697199 , 0.731921606015 , 34.0036 , 2.03016921462
44 , 0.75 , 30.0 , 0.0 , 1.04650410836 , 0.422023726309 , 33.996 , 2.0015953637
44 , 0.75 , 40.0 , 0.0 , 1.03725138243 , 0.346564606976 , 34.0144 , 1.99994815933
44 , 1.0 , 10.0 , 0.0 , 2.92518053044 , 2.43556986091 , 33.7888 , 2.94322859459
44 , 1.0 , 20.0 , 0.0 , 1.14509184476 , 0.835267773352 , 33.9792 , 2.04028609759
44 , 1.0 , 30.0 , 0.0 , 1.04031139744 , 0.407036119752 , 34.03 , 2.00297279063
44 , 1.0 , 40.0 , 0.0 , 1.03884472552 , 0.36405538316 , 34.0112 , 2.00076849235
45 , 0 , 0 , 0 , 27.4653072167 , 33.3333333333 , 0 , 8.67245663004
45 , 0.1 , 10.0 , 0.0 , 22.4930115978 , 2.8924077334 , 38.364 , 8.67245663004
45 , 0.1 , 20.0 , 0.0 , 18.8984406685 , 3.07265426459 , 40.104 , 7.75290809955
45 , 0.1 , 30.0 , 0.0 , 16.6815968308 , 2.86034988539 , 41.1656 , 7.22649130907
45 , 0.1 , 40.0 , 0.0 , 15.3507673565 , 2.49305248505 , 41.7524 , 6.9847472567
45 , 0.25 , 10.0 , 0.0 , 19.5088513712 , 2.96062236156 , 40.058 , 8.0590716587
45 , 0.25 , 20.0 , 0.0 , 16.357867319 , 2.39390115213 , 41.94 , 7.23123779169
45 , 0.25 , 30.0 , 0.0 , 15.3546901881 , 1.92315959877 , 42.5652 , 7.04185692556
45 , 0.25 , 40.0 , 0.0 , 14.9514024483 , 1.59932591022 , 42.672 , 6.89762393872
45 , 0.5 , 10.0 , 0.0 , 18.8031850212 , 2.42795453471 , 40.02 , 7.9258311867
45 , 0.5 , 20.0 , 0.0 , 16.8731932142 , 2.12502519451 , 41.3504 , 7.46514700726
45 , 0.5 , 30.0 , 0.0 , 15.9777914801 , 2.03293256857 , 42.1176 , 7.37968632396
45 , 0.5 , 40.0 , 0.0 , 15.3591898683 , 1.87818114613 , 42.7316 , 7.16273421537
45 , 0.75 , 10.0 , 0.0 , 19.5507336268 , 1.98232556071 , 37.4976 , 8.0930831109
45 , 0.75 , 20.0 , 0.0 , 18.4956699697 , 1.77190826286 , 37.1264 , 7.79979634606
45 , 0.75 , 30.0 , 0.0 , 18.0147282616 , 1.62978737635 , 36.7028 , 7.78678830841
45 , 0.75 , 40.0 , 0.0 , 17.7128710048 , 1.60848205793 , 36.6096 , 7.55965527256
45 , 1.0 , 10.0 , 0.0 , 20.3837995396 , 1.48183662752 , 35.4996 , 8.10811937751
45 , 1.0 , 20.0 , 0.0 , 20.2042122629 , 1.35479556576 , 34.9076 , 8.16109442661
45 , 1.0 , 30.0 , 0.0 , 20.0148501129 , 1.42286565214 , 34.144 , 8.02107623701
45 , 1.0 , 40.0 , 0.0 , 19.744206609 , 1.5381598121 , 33.8304 , 7.8774637949
