0 ,  ,  , 48.6477537264 , 0.142857142857 , 25
0 , 0.1 , 10 , 22.5186241632 , 0.246144 , 25
0 , 0.1 , 20 , 15.3526630221 , 0.259824 , 25
0 , 0.1 , 30 , 11.351692547 , 0.265192 , 25
0 , 0.1 , 40 , 8.92412238388 , 0.26924 , 25
0 , 0.25 , 10 , 15.1751266219 , 0.259832 , 25
0 , 0.25 , 20 , 9.12773722127 , 0.268224 , 25
0 , 0.25 , 30 , 6.68875468248 , 0.270856 , 25
0 , 0.25 , 40 , 5.64220966268 , 0.271096 , 25
0 , 0.5 , 10 , 12.4434515254 , 0.269608 , 25
0 , 0.5 , 20 , 8.8622267485 , 0.269552 , 25
0 , 0.5 , 30 , 7.01051168759 , 0.267568 , 25
0 , 0.5 , 40 , 5.97182773483 , 0.26952 , 25
0 , 0.75 , 10 , 13.012079833 , 0.28776 , 25
0 , 0.75 , 20 , 11.9639724524 , 0.292992 , 25
0 , 0.75 , 30 , 11.3423721281 , 0.2966 , 25
0 , 0.75 , 40 , 10.8279419204 , 0.298824 , 25
0 , 1 , 10 , 10.4787528643 , 0.309888 , 25
0 , 1 , 20 , 8.8921042673 , 0.313688 , 25
0 , 1 , 30 , 8.46273702888 , 0.31312 , 25
0 , 1 , 40 , 8.35173814408 , 0.314184 , 25
1 ,  ,  , 48.6477537264 , 0.142857142857 , 25
1 , 0.1 , 10 , 22.4913676305 , 0.214112 , 25
1 , 0.1 , 20 , 15.7592678497 , 0.212688 , 25
1 , 0.1 , 30 , 12.4632892622 , 0.214168 , 25
1 , 0.1 , 40 , 10.9911435686 , 0.216888 , 25
1 , 0.25 , 10 , 15.6641025077 , 0.215368 , 25
1 , 0.25 , 20 , 10.6040924969 , 0.21808 , 25
1 , 0.25 , 30 , 8.99004147309 , 0.215408 , 25
1 , 0.25 , 40 , 8.09194992485 , 0.21336 , 25
1 , 0.5 , 10 , 12.4226502951 , 0.2188 , 25
1 , 0.5 , 20 , 8.35688809072 , 0.213792 , 25
1 , 0.5 , 30 , 7.04588184365 , 0.210504 , 25
1 , 0.5 , 40 , 6.52525891681 , 0.210776 , 25
1 , 0.75 , 10 , 11.625414708 , 0.214232 , 25
1 , 0.75 , 20 , 7.41801618854 , 0.211288 , 25
1 , 0.75 , 30 , 6.50110672966 , 0.210536 , 25
1 , 0.75 , 40 , 6.23802223477 , 0.210648 , 25
1 , 1 , 10 , 11.2286875982 , 0.206984 , 25
1 , 1 , 20 , 7.73071504311 , 0.203856 , 25
1 , 1 , 30 , 7.23643418513 , 0.204176 , 25
1 , 1 , 40 , 7.03106881907 , 0.206104 , 25
2 ,  ,  , 48.6477537264 , 0.142857142857 , 25
2 , 0.1 , 10 , 31.0696879444 , 0.080976 , 25
2 , 0.1 , 20 , 28.0023419214 , 0.076128 , 25
2 , 0.1 , 30 , 25.5086478806 , 0.073008 , 25
2 , 0.1 , 40 , 23.6888654507 , 0.072664 , 25
2 , 0.25 , 10 , 27.5075529793 , 0.0758 , 25
2 , 0.25 , 20 , 23.4730473196 , 0.070248 , 25
2 , 0.25 , 30 , 21.5634573637 , 0.067056 , 25
2 , 0.25 , 40 , 20.6501935539 , 0.064392 , 25
2 , 0.5 , 10 , 25.8906607131 , 0.075464 , 25
2 , 0.5 , 20 , 22.1737070613 , 0.06672 , 25
2 , 0.5 , 30 , 20.461698061 , 0.060848 , 25
2 , 0.5 , 40 , 19.3834278395 , 0.056408 , 25
2 , 0.75 , 10 , 27.2227271153 , 0.077064 , 25
2 , 0.75 , 20 , 24.1907911262 , 0.065048 , 25
2 , 0.75 , 30 , 21.8714353604 , 0.057152 , 25
2 , 0.75 , 40 , 19.6703791698 , 0.05076 , 25
2 , 1 , 10 , 26.4859102213 , 0.08004 , 25
2 , 1 , 20 , 21.3712470782 , 0.064728 , 25
2 , 1 , 30 , 18.435448656 , 0.054944 , 25
2 , 1 , 40 , 16.4822313669 , 0.047248 , 25
3 ,  ,  , 42.8100232792 , 0.142857142857 , 22
3 , 0.1 , 10 , 31.3786487193 , 0.252036363636 , 22
3 , 0.1 , 20 , 32.065221518 , 0.251981818182 , 22
3 , 0.1 , 30 , 32.2013163802 , 0.252190909091 , 22
3 , 0.1 , 40 , 31.9916967868 , 0.255418181818 , 22
3 , 0.25 , 10 , 31.4058357414 , 0.252218181818 , 22
3 , 0.25 , 20 , 30.5826479989 , 0.255854545455 , 22
3 , 0.25 , 30 , 29.0174729822 , 0.261990909091 , 22
3 , 0.25 , 40 , 27.0806961473 , 0.269181818182 , 22
3 , 0.5 , 10 , 28.2293598703 , 0.254118181818 , 22
3 , 0.5 , 20 , 23.6016055676 , 0.2484 , 22
3 , 0.5 , 30 , 19.9833273209 , 0.242727272727 , 22
3 , 0.5 , 40 , 17.4502105623 , 0.240854545455 , 22
3 , 0.75 , 10 , 23.5142202909 , 0.244072727273 , 22
3 , 0.75 , 20 , 17.6277922478 , 0.233963636364 , 22
3 , 0.75 , 30 , 15.2406303129 , 0.233954545455 , 22
3 , 0.75 , 40 , 14.0971924916 , 0.233890909091 , 22
3 , 1 , 10 , 19.720452329 , 0.239618181818 , 22
3 , 1 , 20 , 15.6504442114 , 0.233036363636 , 22
3 , 1 , 30 , 14.5512565708 , 0.232518181818 , 22
3 , 1 , 40 , 13.9600206413 , 0.232454545455 , 22
4 ,  ,  , 36.9722928321 , 0.142857142857 , 19
4 , 0.1 , 10 , 26.0023447518 , 0.204926315789 , 19
4 , 0.1 , 20 , 25.9299406305 , 0.205021052632 , 19
4 , 0.1 , 30 , 25.7601623899 , 0.208589473684 , 19
4 , 0.1 , 40 , 25.6794954577 , 0.206863157895 , 19
4 , 0.25 , 10 , 25.9418763634 , 0.207084210526 , 19
4 , 0.25 , 20 , 25.7255318509 , 0.209210526316 , 19
4 , 0.25 , 30 , 25.4160612636 , 0.210063157895 , 19
4 , 0.25 , 40 , 24.9936785998 , 0.210578947368 , 19
4 , 0.5 , 10 , 25.707241249 , 0.210884210526 , 19
4 , 0.5 , 20 , 25.1085779517 , 0.212431578947 , 19
4 , 0.5 , 30 , 24.5307422216 , 0.213463157895 , 19
4 , 0.5 , 40 , 24.0849350918 , 0.215726315789 , 19
4 , 0.75 , 10 , 25.4108238584 , 0.211357894737 , 19
4 , 0.75 , 20 , 24.7180601018 , 0.2138 , 19
4 , 0.75 , 30 , 24.3302107213 , 0.217063157895 , 19
4 , 0.75 , 40 , 24.1406539961 , 0.215726315789 , 19
4 , 1 , 10 , 25.1120938945 , 0.216273684211 , 19
4 , 1 , 20 , 24.5713639806 , 0.217652631579 , 19
4 , 1 , 30 , 24.476516432 , 0.221926315789 , 19
4 , 1 , 40 , 24.5208441866 , 0.224821052632 , 19
5 ,  ,  , 48.6477537264 , 0.142857142857 , 25
5 , 0.1 , 10 , 25.12840116 , 0.180648 , 25
5 , 0.1 , 20 , 19.4485698877 , 0.17752 , 25
5 , 0.1 , 30 , 15.8834145513 , 0.177296 , 25
5 , 0.1 , 40 , 13.5894981409 , 0.174928 , 25
5 , 0.25 , 10 , 18.8615344885 , 0.179584 , 25
5 , 0.25 , 20 , 13.0618678798 , 0.176168 , 25
5 , 0.25 , 30 , 10.3827214647 , 0.17576 , 25
5 , 0.25 , 40 , 8.6754279624 , 0.17432 , 25
5 , 0.5 , 10 , 15.6107122842 , 0.18188 , 25
5 , 0.5 , 20 , 10.3608150226 , 0.176896 , 25
5 , 0.5 , 30 , 7.03204542121 , 0.17784 , 25
5 , 0.5 , 40 , 4.86721272512 , 0.178464 , 25
5 , 0.75 , 10 , 16.2770940529 , 0.191112 , 25
5 , 0.75 , 20 , 11.8553344546 , 0.188744 , 25
5 , 0.75 , 30 , 8.56589239225 , 0.186744 , 25
5 , 0.75 , 40 , 6.60050882199 , 0.184528 , 25
5 , 1 , 10 , 14.5573062152 , 0.215168 , 25
5 , 1 , 20 , 7.19703926956 , 0.220536 , 25
5 , 1 , 30 , 3.5647572498 , 0.22032 , 25
5 , 1 , 40 , 2.17001215855 , 0.2196 , 25
6 ,  ,  , 48.6477537264 , 0.142857142857 , 25
6 , 0.1 , 10 , 28.9995458441 , 0.163344 , 25
6 , 0.1 , 20 , 24.32376223 , 0.170616 , 25
6 , 0.1 , 30 , 21.0457821472 , 0.173216 , 25
6 , 0.1 , 40 , 18.6237896697 , 0.175136 , 25
6 , 0.25 , 10 , 23.3699676697 , 0.169936 , 25
6 , 0.25 , 20 , 17.1092630239 , 0.174568 , 25
6 , 0.25 , 30 , 13.5023749186 , 0.174384 , 25
6 , 0.25 , 40 , 10.5474537126 , 0.175272 , 25
6 , 0.5 , 10 , 17.9054884884 , 0.173736 , 25
6 , 0.5 , 20 , 11.1465533169 , 0.17492 , 25
6 , 0.5 , 30 , 7.41302062414 , 0.176376 , 25
6 , 0.5 , 40 , 5.48274822845 , 0.176088 , 25
6 , 0.75 , 10 , 14.7966712069 , 0.173656 , 25
6 , 0.75 , 20 , 7.80248182559 , 0.177272 , 25
6 , 0.75 , 30 , 5.19633471105 , 0.178792 , 25
6 , 0.75 , 40 , 4.23305850058 , 0.179248 , 25
6 , 1 , 10 , 12.9267865432 , 0.172936 , 25
6 , 1 , 20 , 5.92985758383 , 0.181512 , 25
6 , 1 , 30 , 3.80565473344 , 0.181848 , 25
6 , 1 , 40 , 2.80308881825 , 0.181672 , 25
7 ,  ,  , 48.6477537264 , 0.142857142857 , 25
7 , 0.1 , 10 , 30.4964282144 , 0.097816 , 25
7 , 0.1 , 20 , 26.9420978627 , 0.089872 , 25
7 , 0.1 , 30 , 23.7769314439 , 0.08432 , 25
7 , 0.1 , 40 , 21.3618016084 , 0.082336 , 25
7 , 0.25 , 10 , 26.063013158 , 0.089648 , 25
7 , 0.25 , 20 , 20.3249644863 , 0.082576 , 25
7 , 0.25 , 30 , 16.9026371611 , 0.080112 , 25
7 , 0.25 , 40 , 15.0114955447 , 0.079152 , 25
7 , 0.5 , 10 , 22.3329765691 , 0.089096 , 25
7 , 0.5 , 20 , 16.8411218379 , 0.082384 , 25
7 , 0.5 , 30 , 14.3762565898 , 0.079992 , 25
7 , 0.5 , 40 , 13.3267082383 , 0.079128 , 25
7 , 0.75 , 10 , 21.9372857762 , 0.093272 , 25
7 , 0.75 , 20 , 17.4961358017 , 0.085992 , 25
7 , 0.75 , 30 , 15.0413624026 , 0.08196 , 25
7 , 0.75 , 40 , 13.7054938114 , 0.080728 , 25
7 , 1 , 10 , 23.3905701479 , 0.107944 , 25
7 , 1 , 20 , 21.8979894615 , 0.104 , 25
7 , 1 , 30 , 20.9052293991 , 0.10192 , 25
7 , 1 , 40 , 20.0111593581 , 0.099544 , 25
8 ,  ,  , 48.6477537264 , 0.142857142857 , 25
8 , 0.1 , 10 , 19.8863688073 , 0.234368 , 25
8 , 0.1 , 20 , 12.1191457321 , 0.250376 , 25
8 , 0.1 , 30 , 8.62075485432 , 0.25764 , 25
8 , 0.1 , 40 , 6.88807051752 , 0.261496 , 25
8 , 0.25 , 10 , 13.2636631565 , 0.247784 , 25
8 , 0.25 , 20 , 8.23327145625 , 0.259192 , 25
8 , 0.25 , 30 , 6.46203131593 , 0.266144 , 25
8 , 0.25 , 40 , 5.58320876411 , 0.268536 , 25
8 , 0.5 , 10 , 10.8633830884 , 0.23584 , 25
8 , 0.5 , 20 , 6.80637623615 , 0.234688 , 25
8 , 0.5 , 30 , 5.37150256234 , 0.23316 , 25
8 , 0.5 , 40 , 4.79787061398 , 0.2326 , 25
8 , 0.75 , 10 , 8.49733572802 , 0.228208 , 25
8 , 0.75 , 20 , 5.16008534246 , 0.2316 , 25
8 , 0.75 , 30 , 4.61343814024 , 0.23216 , 25
8 , 0.75 , 40 , 4.49197750389 , 0.232648 , 25
8 , 1 , 10 , 8.91284734298 , 0.229688 , 25
8 , 1 , 20 , 6.09955691451 , 0.232728 , 25
8 , 1 , 30 , 5.19909774403 , 0.232664 , 25
8 , 1 , 40 , 4.78264893511 , 0.232624 , 25
9 ,  ,  , 35.026382683 , 0.142857142857 , 18
9 , 0.1 , 10 , 17.6561460267 , 0.146311111111 , 18
9 , 0.1 , 20 , 13.6588674926 , 0.148644444444 , 18
9 , 0.1 , 30 , 12.338722753 , 0.152077777778 , 18
9 , 0.1 , 40 , 11.8835073832 , 0.153577777778 , 18
9 , 0.25 , 10 , 13.2510648321 , 0.150744444444 , 18
9 , 0.25 , 20 , 11.6789366075 , 0.155833333333 , 18
9 , 0.25 , 30 , 11.4446118033 , 0.1572 , 18
9 , 0.25 , 40 , 11.3232802351 , 0.156655555556 , 18
9 , 0.5 , 10 , 11.8357591005 , 0.156066666667 , 18
9 , 0.5 , 20 , 11.3975575407 , 0.1568 , 18
9 , 0.5 , 30 , 11.2680792931 , 0.155711111111 , 18
9 , 0.5 , 40 , 11.2018601647 , 0.156666666667 , 18
9 , 0.75 , 10 , 11.8493578464 , 0.158011111111 , 18
9 , 0.75 , 20 , 11.3219680879 , 0.157511111111 , 18
9 , 0.75 , 30 , 11.264413147 , 0.156488888889 , 18
9 , 0.75 , 40 , 11.207752995 , 0.156366666667 , 18
9 , 1 , 10 , 12.4820580318 , 0.169855555556 , 18
9 , 1 , 20 , 11.7943130695 , 0.161833333333 , 18
9 , 1 , 30 , 11.4718065589 , 0.158577777778 , 18
9 , 1 , 40 , 11.3608661638 , 0.158388888889 , 18
10 ,  ,  , 48.6477537264 , 0.142857142857 , 25
10 , 0.1 , 10 , 21.9579715847 , 0.228496 , 25
10 , 0.1 , 20 , 16.2070819786 , 0.240296 , 25
10 , 0.1 , 30 , 13.7199003975 , 0.243336 , 25
10 , 0.1 , 40 , 12.5427133366 , 0.24444 , 25
10 , 0.25 , 10 , 15.463858738 , 0.24172 , 25
10 , 0.25 , 20 , 11.8636976744 , 0.244224 , 25
10 , 0.25 , 30 , 10.4552780888 , 0.240368 , 25
10 , 0.25 , 40 , 9.33248426742 , 0.238448 , 25
10 , 0.5 , 10 , 12.3649321707 , 0.242968 , 25
10 , 0.5 , 20 , 9.3573683002 , 0.2378 , 25
10 , 0.5 , 30 , 7.5171150414 , 0.234824 , 25
10 , 0.5 , 40 , 6.40151486052 , 0.233632 , 25
10 , 0.75 , 10 , 10.9853143165 , 0.239952 , 25
10 , 0.75 , 20 , 7.55153904298 , 0.23452 , 25
10 , 0.75 , 30 , 6.08506421739 , 0.233096 , 25
10 , 0.75 , 40 , 5.47871335455 , 0.232424 , 25
10 , 1 , 10 , 9.82593755647 , 0.23748 , 25
10 , 1 , 20 , 6.46502340673 , 0.233624 , 25
10 , 1 , 30 , 5.44830798517 , 0.232584 , 25
10 , 1 , 40 , 5.25225165409 , 0.232064 , 25
11 ,  ,  , 48.6477537264 , 0.142857142857 , 25
11 , 0.1 , 10 , 17.7315134404 , 0.144792 , 25
11 , 0.1 , 20 , 9.15466034721 , 0.144568 , 25
11 , 0.1 , 30 , 6.1541095412 , 0.145008 , 25
11 , 0.1 , 40 , 4.83361653493 , 0.147032 , 25
11 , 0.25 , 10 , 7.94483041683 , 0.146096 , 25
11 , 0.25 , 20 , 4.3538156638 , 0.147152 , 25
11 , 0.25 , 30 , 3.91925893669 , 0.147616 , 25
11 , 0.25 , 40 , 3.83221059135 , 0.147264 , 25
11 , 0.5 , 10 , 4.59747788776 , 0.147712 , 25
11 , 0.5 , 20 , 3.82541544846 , 0.14792 , 25
11 , 0.5 , 30 , 3.79361580897 , 0.147696 , 25
11 , 0.5 , 40 , 3.81565846868 , 0.147352 , 25
11 , 0.75 , 10 , 4.34556931782 , 0.147328 , 25
11 , 0.75 , 20 , 3.82686366708 , 0.147848 , 25
11 , 0.75 , 30 , 3.80467001166 , 0.147248 , 25
11 , 0.75 , 40 , 3.78151445902 , 0.147552 , 25
11 , 1 , 10 , 4.93790746404 , 0.147256 , 25
11 , 1 , 20 , 4.14132288505 , 0.147872 , 25
11 , 1 , 30 , 3.88330227534 , 0.1476 , 25
11 , 1 , 40 , 3.821957025 , 0.147672 , 25
12 ,  ,  , 48.6477537264 , 0.142857142857 , 25
12 , 0.1 , 10 , 31.3449048109 , 0.146576 , 25
12 , 0.1 , 20 , 28.6885530146 , 0.137816 , 25
12 , 0.1 , 30 , 26.0097914708 , 0.130168 , 25
12 , 0.1 , 40 , 23.8105015411 , 0.124632 , 25
12 , 0.25 , 10 , 27.5150138433 , 0.133384 , 25
12 , 0.25 , 20 , 21.7692597799 , 0.115864 , 25
12 , 0.25 , 30 , 17.3553713113 , 0.104752 , 25
12 , 0.25 , 40 , 14.2028372614 , 0.096232 , 25
12 , 0.5 , 10 , 21.8432785508 , 0.113056 , 25
12 , 0.5 , 20 , 13.9746403789 , 0.094808 , 25
12 , 0.5 , 30 , 10.6324426969 , 0.086376 , 25
12 , 0.5 , 40 , 9.38449303933 , 0.084472 , 25
12 , 0.75 , 10 , 17.1951743398 , 0.10108 , 25
12 , 0.75 , 20 , 10.6882161331 , 0.086 , 25
12 , 0.75 , 30 , 9.22262938127 , 0.081848 , 25
12 , 0.75 , 40 , 8.83951163405 , 0.080296 , 25
12 , 1 , 10 , 13.9966686202 , 0.092224 , 25
12 , 1 , 20 , 9.57896569401 , 0.08364 , 25
12 , 1 , 30 , 8.94343155846 , 0.079632 , 25
12 , 1 , 40 , 8.73267773648 , 0.077112 , 25
13 ,  ,  , 31.1345623849 , 0.142857142857 , 16
13 , 0.1 , 10 , 8.30453567514 , 0.709675 , 16
13 , 0.1 , 20 , 4.49123787461 , 0.755175 , 16
13 , 0.1 , 30 , 2.95274468627 , 0.7685125 , 16
13 , 0.1 , 40 , 2.15663000969 , 0.7755875 , 16
13 , 0.25 , 10 , 4.3363274473 , 0.7474375 , 16
13 , 0.25 , 20 , 2.10545611234 , 0.772125 , 16
13 , 0.25 , 30 , 1.5356987337 , 0.7792 , 16
13 , 0.25 , 40 , 1.43046787003 , 0.7806875 , 16
13 , 0.5 , 10 , 3.06894592568 , 0.7475875 , 16
13 , 0.5 , 20 , 1.97751990211 , 0.7694375 , 16
13 , 0.5 , 30 , 1.63503420307 , 0.7778 , 16
13 , 0.5 , 40 , 1.49498500987 , 0.7796125 , 16
13 , 0.75 , 10 , 3.38576065768 , 0.7327125 , 16
13 , 0.75 , 20 , 2.50327488887 , 0.7530375 , 16
13 , 0.75 , 30 , 2.12388105264 , 0.7658 , 16
13 , 0.75 , 40 , 1.89436497363 , 0.7714 , 16
13 , 1 , 10 , 4.83933743641 , 0.7054375 , 16
13 , 1 , 20 , 4.03338970132 , 0.724875 , 16
13 , 1 , 30 , 3.46351043985 , 0.738275 , 16
13 , 1 , 40 , 2.9424721106 , 0.749875 , 16
14 ,  ,  , 29.1886522358 , 0.142857142857 , 15
14 , 0.1 , 10 , 19.2557626787 , 0.161853333333 , 15
14 , 0.1 , 20 , 17.644631894 , 0.169533333333 , 15
14 , 0.1 , 30 , 16.2774063987 , 0.172293333333 , 15
14 , 0.1 , 40 , 15.1345897962 , 0.178666666667 , 15
14 , 0.25 , 10 , 17.5717030087 , 0.1726 , 15
14 , 0.25 , 20 , 14.8683846218 , 0.18504 , 15
14 , 0.25 , 30 , 13.5183255675 , 0.190013333333 , 15
14 , 0.25 , 40 , 12.8555897936 , 0.194746666667 , 15
14 , 0.5 , 10 , 15.9518962198 , 0.185053333333 , 15
14 , 0.5 , 20 , 13.1195100277 , 0.201173333333 , 15
14 , 0.5 , 30 , 12.173369542 , 0.202653333333 , 15
14 , 0.5 , 40 , 11.8939507984 , 0.205466666667 , 15
14 , 0.75 , 10 , 15.1276588224 , 0.193626666667 , 15
14 , 0.75 , 20 , 12.647885365 , 0.203573333333 , 15
14 , 0.75 , 30 , 12.0596907685 , 0.208653333333 , 15
14 , 0.75 , 40 , 11.849078485 , 0.208613333333 , 15
14 , 1 , 10 , 14.9430651674 , 0.19004 , 15
14 , 1 , 20 , 12.8719509188 , 0.19748 , 15
14 , 1 , 30 , 12.3909280861 , 0.200893333333 , 15
14 , 1 , 40 , 12.2200788651 , 0.20176 , 15
15 ,  ,  , 40.8641131302 , 0.142857142857 , 21
15 , 0.1 , 10 , 28.6827320607 , 0.230314285714 , 21
15 , 0.1 , 20 , 28.1971473199 , 0.2278 , 21
15 , 0.1 , 30 , 27.9397958303 , 0.225704761905 , 21
15 , 0.1 , 40 , 27.5216954678 , 0.22499047619 , 21
15 , 0.25 , 10 , 28.2581110182 , 0.225219047619 , 21
15 , 0.25 , 20 , 27.4675823075 , 0.22480952381 , 21
15 , 0.25 , 30 , 26.5970964668 , 0.220447619048 , 21
15 , 0.25 , 40 , 25.8168170446 , 0.217276190476 , 21
15 , 0.5 , 10 , 27.6296880735 , 0.220857142857 , 21
15 , 0.5 , 20 , 26.2247670458 , 0.2156 , 21
15 , 0.5 , 30 , 24.6548297882 , 0.2114 , 21
15 , 0.5 , 40 , 23.2314944853 , 0.208619047619 , 21
15 , 0.75 , 10 , 27.0088471706 , 0.217295238095 , 21
15 , 0.75 , 20 , 24.9970811907 , 0.206914285714 , 21
15 , 0.75 , 30 , 22.7486841029 , 0.201419047619 , 21
15 , 0.75 , 40 , 21.1113321399 , 0.197504761905 , 21
15 , 1 , 10 , 26.3746955418 , 0.208047619048 , 21
15 , 1 , 20 , 23.4430751508 , 0.198352380952 , 21
15 , 1 , 30 , 20.9548133873 , 0.192380952381 , 21
15 , 1 , 40 , 19.3592607946 , 0.188095238095 , 21
16 ,  ,  , 38.9182029811 , 0.142857142857 , 20
16 , 0.1 , 10 , 24.7176597045 , 0.13312 , 20
16 , 0.1 , 20 , 22.3852820845 , 0.1198 , 20
16 , 0.1 , 30 , 20.7025379531 , 0.10944 , 20
16 , 0.1 , 40 , 19.355239846 , 0.10238 , 20
16 , 0.25 , 10 , 21.3503414671 , 0.11147 , 20
16 , 0.25 , 20 , 18.4238927065 , 0.09548 , 20
16 , 0.25 , 30 , 17.3052288796 , 0.09166 , 20
16 , 0.25 , 40 , 16.7628973932 , 0.0909 , 20
16 , 0.5 , 10 , 18.4508239723 , 0.09248 , 20
16 , 0.5 , 20 , 17.3748383978 , 0.0907 , 20
16 , 0.5 , 30 , 16.8740236892 , 0.09026 , 20
16 , 0.5 , 40 , 16.4192927909 , 0.09091 , 20
16 , 0.75 , 10 , 17.9934643945 , 0.08991 , 20
16 , 0.75 , 20 , 17.6042997808 , 0.0908 , 20
16 , 0.75 , 30 , 17.3176098094 , 0.09072 , 20
16 , 0.75 , 40 , 17.1434457245 , 0.08923 , 20
16 , 1 , 10 , 18.0480349303 , 0.08308 , 20
16 , 1 , 20 , 17.6381428177 , 0.08113 , 20
16 , 1 , 30 , 17.256384374 , 0.07887 , 20
16 , 1 , 40 , 17.0962839433 , 0.07733 , 20
17 ,  ,  , 48.6477537264 , 0.142857142857 , 25
17 , 0.1 , 10 , 10.7600168336 , 0.496288 , 25
17 , 0.1 , 20 , 5.72048826313 , 0.516184 , 25
17 , 0.1 , 30 , 4.23485904883 , 0.522128 , 25
17 , 0.1 , 40 , 3.51723636945 , 0.525184 , 25
17 , 0.25 , 10 , 5.50279205815 , 0.516408 , 25
17 , 0.25 , 20 , 3.22098695472 , 0.526464 , 25
17 , 0.25 , 30 , 2.86904504369 , 0.52908 , 25
17 , 0.25 , 40 , 2.79305433058 , 0.531048 , 25
17 , 0.5 , 10 , 3.72202063561 , 0.5258 , 25
17 , 0.5 , 20 , 2.83520535342 , 0.530008 , 25
17 , 0.5 , 30 , 2.74805969407 , 0.529944 , 25
17 , 0.5 , 40 , 2.74662981017 , 0.529776 , 25
17 , 0.75 , 10 , 3.49482112878 , 0.525752 , 25
17 , 0.75 , 20 , 2.78249837859 , 0.530016 , 25
17 , 0.75 , 30 , 2.76024169629 , 0.531184 , 25
17 , 0.75 , 40 , 2.74792858871 , 0.53012 , 25
17 , 1 , 10 , 4.26778191651 , 0.5214 , 25
17 , 1 , 20 , 2.9323726883 , 0.529096 , 25
17 , 1 , 30 , 2.78535167705 , 0.529312 , 25
17 , 1 , 40 , 2.7475944053 , 0.529752 , 25
18 ,  ,  , 31.1345623849 , 0.142857142857 , 16
18 , 0.1 , 10 , 20.2846142278 , 0.1262625 , 16
18 , 0.1 , 20 , 17.8373850031 , 0.11985 , 16
18 , 0.1 , 30 , 15.4249726947 , 0.1166 , 16
18 , 0.1 , 40 , 13.6813383027 , 0.11335 , 16
18 , 0.25 , 10 , 16.8855128908 , 0.1178125 , 16
18 , 0.25 , 20 , 12.5939684995 , 0.1137125 , 16
18 , 0.25 , 30 , 10.2495781926 , 0.1138 , 16
18 , 0.25 , 40 , 8.98101747047 , 0.1123875 , 16
18 , 0.5 , 10 , 13.4688518605 , 0.116875 , 16
18 , 0.5 , 20 , 9.66894430671 , 0.1140125 , 16
18 , 0.5 , 30 , 8.47309228111 , 0.1116625 , 16
18 , 0.5 , 40 , 8.05976080154 , 0.1110125 , 16
18 , 0.75 , 10 , 12.4360754184 , 0.1194875 , 16
18 , 0.75 , 20 , 9.6948139092 , 0.114425 , 16
18 , 0.75 , 30 , 8.66756122423 , 0.1124375 , 16
18 , 0.75 , 40 , 8.15713693021 , 0.1122 , 16
18 , 1 , 10 , 12.8763801992 , 0.1283 , 16
18 , 1 , 20 , 11.8460246957 , 0.125125 , 16
18 , 1 , 30 , 11.3192903427 , 0.1238875 , 16
18 , 1 , 40 , 10.6745418123 , 0.1206125 , 16
19 ,  ,  , 48.6477537264 , 0.142857142857 , 25
19 , 0.1 , 10 , 16.4957332329 , 0.215128 , 25
19 , 0.1 , 20 , 10.1649618811 , 0.223832 , 25
19 , 0.1 , 30 , 7.90465173017 , 0.2298 , 25
19 , 0.1 , 40 , 6.89809873408 , 0.232272 , 25
19 , 0.25 , 10 , 9.57040598651 , 0.225368 , 25
19 , 0.25 , 20 , 6.41590566614 , 0.233752 , 25
19 , 0.25 , 30 , 5.74324101668 , 0.23496 , 25
19 , 0.25 , 40 , 5.58613391847 , 0.234424 , 25
19 , 0.5 , 10 , 6.94080316312 , 0.233072 , 25
19 , 0.5 , 20 , 5.55032189093 , 0.234936 , 25
19 , 0.5 , 30 , 5.53705014182 , 0.234568 , 25
19 , 0.5 , 40 , 5.51788209712 , 0.234688 , 25
19 , 0.75 , 10 , 6.79335882586 , 0.236576 , 25
19 , 0.75 , 20 , 5.59298378568 , 0.23504 , 25
19 , 0.75 , 30 , 5.53093897838 , 0.234712 , 25
19 , 0.75 , 40 , 5.52996834148 , 0.234896 , 25
19 , 1 , 10 , 8.02486541892 , 0.249368 , 25
19 , 1 , 20 , 7.26876608199 , 0.245568 , 25
19 , 1 , 30 , 6.88865149813 , 0.241304 , 25
19 , 1 , 40 , 6.53754046301 , 0.240064 , 25
20 ,  ,  , 48.6477537264 , 0.142857142857 , 25
20 , 0.1 , 10 , 27.5616011475 , 0.218928 , 25
20 , 0.1 , 20 , 22.4677017153 , 0.225264 , 25
20 , 0.1 , 30 , 19.1501377472 , 0.232144 , 25
20 , 0.1 , 40 , 16.8848161222 , 0.2328 , 25
20 , 0.25 , 10 , 22.1469199376 , 0.227288 , 25
20 , 0.25 , 20 , 16.4707283051 , 0.233496 , 25
20 , 0.25 , 30 , 13.2434330786 , 0.2362 , 25
20 , 0.25 , 40 , 10.8752573248 , 0.234704 , 25
20 , 0.5 , 10 , 19.4220214947 , 0.234616 , 25
20 , 0.5 , 20 , 13.9370702441 , 0.24136 , 25
20 , 0.5 , 30 , 10.6981260583 , 0.236984 , 25
20 , 0.5 , 40 , 8.66247661283 , 0.235704 , 25
20 , 0.75 , 10 , 19.8831563393 , 0.240144 , 25
20 , 0.75 , 20 , 15.9833341791 , 0.245296 , 25
20 , 0.75 , 30 , 13.4746048063 , 0.241352 , 25
20 , 0.75 , 40 , 11.4757928369 , 0.239768 , 25
20 , 1 , 10 , 18.4696482057 , 0.242816 , 25
20 , 1 , 20 , 15.268310251 , 0.250152 , 25
20 , 1 , 30 , 13.9184391904 , 0.250928 , 25
20 , 1 , 40 , 13.2974138787 , 0.252504 , 25
21 ,  ,  , 48.6477537264 , 0.142857142857 , 25
21 , 0.1 , 10 , 28.323952653 , 0.16392 , 25
21 , 0.1 , 20 , 24.7423920965 , 0.168064 , 25
21 , 0.1 , 30 , 23.2331318754 , 0.172384 , 25
21 , 0.1 , 40 , 22.5117322183 , 0.173312 , 25
21 , 0.25 , 10 , 24.3868470498 , 0.1704 , 25
21 , 0.25 , 20 , 22.0923955839 , 0.175448 , 25
21 , 0.25 , 30 , 21.2899414069 , 0.17616 , 25
21 , 0.25 , 40 , 20.7261496319 , 0.177816 , 25
21 , 0.5 , 10 , 23.2092074714 , 0.16952 , 25
21 , 0.5 , 20 , 21.030574739 , 0.174672 , 25
21 , 0.5 , 30 , 20.2764310755 , 0.175296 , 25
21 , 0.5 , 40 , 19.7772040048 , 0.177432 , 25
21 , 0.75 , 10 , 24.3306233589 , 0.16544 , 25
21 , 0.75 , 20 , 23.3202210891 , 0.164744 , 25
21 , 0.75 , 30 , 22.8033401265 , 0.167904 , 25
21 , 0.75 , 40 , 22.4267745516 , 0.167368 , 25
21 , 1 , 10 , 22.0713912068 , 0.159432 , 25
21 , 1 , 20 , 20.2726085205 , 0.15156 , 25
21 , 1 , 30 , 19.6730830664 , 0.149344 , 25
21 , 1 , 40 , 19.388709387 , 0.145896 , 25
22 ,  ,  , 48.6477537264 , 0.142857142857 , 25
22 , 0.1 , 10 , 32.7676754682 , 0.141136 , 25
22 , 0.1 , 20 , 31.4016129462 , 0.138776 , 25
22 , 0.1 , 30 , 30.3514511352 , 0.138784 , 25
22 , 0.1 , 40 , 29.6053318132 , 0.137968 , 25
22 , 0.25 , 10 , 31.0912557079 , 0.139392 , 25
22 , 0.25 , 20 , 29.1185633545 , 0.139432 , 25
22 , 0.25 , 30 , 27.5498604208 , 0.14192 , 25
22 , 0.25 , 40 , 26.4296379555 , 0.141704 , 25
22 , 0.5 , 10 , 29.5203023763 , 0.140056 , 25
22 , 0.5 , 20 , 26.8922923318 , 0.142624 , 25
22 , 0.5 , 30 , 25.0751473785 , 0.144128 , 25
22 , 0.5 , 40 , 23.9520815553 , 0.148176 , 25
22 , 0.75 , 10 , 28.6191881411 , 0.14084 , 25
22 , 0.75 , 20 , 25.5062601331 , 0.145776 , 25
22 , 0.75 , 30 , 23.8469645237 , 0.149088 , 25
22 , 0.75 , 40 , 23.008662209 , 0.151696 , 25
22 , 1 , 10 , 28.0030538858 , 0.143632 , 25
22 , 1 , 20 , 24.8625587388 , 0.149424 , 25
22 , 1 , 30 , 23.203254243 , 0.150744 , 25
22 , 1 , 40 , 22.5354533246 , 0.153848 , 25
23 ,  ,  , 31.1345623849 , 0.142857142857 , 16
23 , 0.1 , 10 , 19.7862352292 , 0.149875 , 16
23 , 0.1 , 20 , 17.6810326687 , 0.138725 , 16
23 , 0.1 , 30 , 16.1527879817 , 0.128 , 16
23 , 0.1 , 40 , 14.9587043262 , 0.123425 , 16
23 , 0.25 , 10 , 17.8137514328 , 0.1393125 , 16
23 , 0.25 , 20 , 15.3727570381 , 0.1224625 , 16
23 , 0.25 , 30 , 14.4615397576 , 0.119 , 16
23 , 0.25 , 40 , 13.924800817 , 0.1179375 , 16
23 , 0.5 , 10 , 17.1908012037 , 0.1367125 , 16
23 , 0.5 , 20 , 15.4640563176 , 0.123875 , 16
23 , 0.5 , 30 , 14.851996181 , 0.1185625 , 16
23 , 0.5 , 40 , 14.5014719814 , 0.117775 , 16
23 , 0.75 , 10 , 17.5687616386 , 0.1441875 , 16
23 , 0.75 , 20 , 15.9384687408 , 0.1346125 , 16
23 , 0.75 , 30 , 15.3254802323 , 0.1313 , 16
23 , 0.75 , 40 , 15.0382333515 , 0.1315375 , 16
23 , 1 , 10 , 18.3639261172 , 0.1593 , 16
23 , 1 , 20 , 16.5939968455 , 0.1492125 , 16
23 , 1 , 30 , 15.4646832915 , 0.1460625 , 16
23 , 1 , 40 , 14.9121905326 , 0.1477375 , 16
24 ,  ,  , 40.8641131302 , 0.142857142857 , 21
24 , 0.1 , 10 , 27.3993508504 , 0.125657142857 , 21
24 , 0.1 , 20 , 26.3512290422 , 0.128152380952 , 21
24 , 0.1 , 30 , 25.5654308665 , 0.132247619048 , 21
24 , 0.1 , 40 , 25.0912981748 , 0.137742857143 , 21
24 , 0.25 , 10 , 26.0738137918 , 0.13139047619 , 21
24 , 0.25 , 20 , 24.9209312453 , 0.13959047619 , 21
24 , 0.25 , 30 , 24.1229780714 , 0.143266666667 , 21
24 , 0.25 , 40 , 23.4575307113 , 0.1472 , 21
24 , 0.5 , 10 , 25.2241711581 , 0.135980952381 , 21
24 , 0.5 , 20 , 24.0367324449 , 0.147571428571 , 21
24 , 0.5 , 30 , 23.0106628973 , 0.153247619048 , 21
24 , 0.5 , 40 , 22.2114274097 , 0.155333333333 , 21
24 , 0.75 , 10 , 24.7548261849 , 0.138619047619 , 21
24 , 0.75 , 20 , 23.425318766 , 0.148971428571 , 21
24 , 0.75 , 30 , 22.4479074952 , 0.155628571429 , 21
24 , 0.75 , 40 , 21.6158289052 , 0.159371428571 , 21
24 , 1 , 10 , 24.6858373593 , 0.139628571429 , 21
24 , 1 , 20 , 23.1656889113 , 0.152161904762 , 21
24 , 1 , 30 , 22.1664121924 , 0.156019047619 , 21
24 , 1 , 40 , 21.2561214396 , 0.159228571429 , 21
25 ,  ,  , 48.6477537264 , 0.142857142857 , 25
25 , 0.1 , 10 , 32.7877718295 , 0.186344 , 25
25 , 0.1 , 20 , 31.2637734041 , 0.186456 , 25
25 , 0.1 , 30 , 29.8186700238 , 0.190616 , 25
25 , 0.1 , 40 , 28.6601125955 , 0.191184 , 25
25 , 0.25 , 10 , 31.1581496798 , 0.187536 , 25
25 , 0.25 , 20 , 28.2212137723 , 0.18896 , 25
25 , 0.25 , 30 , 25.9039867785 , 0.193648 , 25
25 , 0.25 , 40 , 24.1814964422 , 0.194656 , 25
25 , 0.5 , 10 , 29.4030882478 , 0.187816 , 25
25 , 0.5 , 20 , 25.6385358262 , 0.188312 , 25
25 , 0.5 , 30 , 22.9840726843 , 0.189848 , 25
25 , 0.5 , 40 , 20.9209643749 , 0.189672 , 25
25 , 0.75 , 10 , 28.7389977826 , 0.187768 , 25
25 , 0.75 , 20 , 24.9735385974 , 0.184576 , 25
25 , 0.75 , 30 , 22.0110218494 , 0.18284 , 25
25 , 0.75 , 40 , 19.7544267681 , 0.180656 , 25
25 , 1 , 10 , 28.4950945338 , 0.184256 , 25
25 , 1 , 20 , 24.8206463336 , 0.1788 , 25
25 , 1 , 30 , 22.1800137405 , 0.17524 , 25
25 , 1 , 40 , 20.3419115143 , 0.171136 , 25
26 ,  ,  , 36.9722928321 , 0.142857142857 , 19
26 , 0.1 , 10 , 24.438884347 , 0.240736842105 , 19
26 , 0.1 , 20 , 22.821864303 , 0.249715789474 , 19
26 , 0.1 , 30 , 21.319582216 , 0.256726315789 , 19
26 , 0.1 , 40 , 20.042634139 , 0.261947368421 , 19
26 , 0.25 , 10 , 22.5556062823 , 0.251831578947 , 19
26 , 0.25 , 20 , 19.7468215585 , 0.262831578947 , 19
26 , 0.25 , 30 , 17.9490804532 , 0.270484210526 , 19
26 , 0.25 , 40 , 16.4899183275 , 0.274494736842 , 19
26 , 0.5 , 10 , 20.936881644 , 0.256357894737 , 19
26 , 0.5 , 20 , 18.2471633188 , 0.266526315789 , 19
26 , 0.5 , 30 , 16.6885128234 , 0.271747368421 , 19
26 , 0.5 , 40 , 15.7544425651 , 0.270347368421 , 19
26 , 0.75 , 10 , 20.8075522788 , 0.254842105263 , 19
26 , 0.75 , 20 , 18.6241024078 , 0.260705263158 , 19
26 , 0.75 , 30 , 17.272247748 , 0.267778947368 , 19
26 , 0.75 , 40 , 16.1570531055 , 0.272284210526 , 19
26 , 1 , 10 , 21.0119842916 , 0.242073684211 , 19
26 , 1 , 20 , 19.5783772837 , 0.239936842105 , 19
26 , 1 , 30 , 18.3171957897 , 0.238947368421 , 19
26 , 1 , 40 , 17.0166610824 , 0.241231578947 , 19
27 ,  ,  , 48.6477537264 , 0.142857142857 , 25
27 , 0.1 , 10 , 30.4809263322 , 0.25204 , 25
27 , 0.1 , 20 , 28.0212994351 , 0.237952 , 25
27 , 0.1 , 30 , 26.598379655 , 0.22792 , 25
27 , 0.1 , 40 , 25.7686665731 , 0.221936 , 25
27 , 0.25 , 10 , 26.8138531574 , 0.23488 , 25
27 , 0.25 , 20 , 24.7339773901 , 0.223368 , 25
27 , 0.25 , 30 , 24.0620753983 , 0.215064 , 25
27 , 0.25 , 40 , 23.421854005 , 0.211312 , 25
27 , 0.5 , 10 , 24.210392153 , 0.226464 , 25
27 , 0.5 , 20 , 23.0914124421 , 0.215888 , 25
27 , 0.5 , 30 , 22.2585579702 , 0.205784 , 25
27 , 0.5 , 40 , 21.1957949547 , 0.197808 , 25
27 , 0.75 , 10 , 23.3597126654 , 0.22172 , 25
27 , 0.75 , 20 , 22.2179505799 , 0.208664 , 25
27 , 0.75 , 30 , 20.7720721757 , 0.19944 , 25
27 , 0.75 , 40 , 19.5727042023 , 0.192168 , 25
27 , 1 , 10 , 22.6895016533 , 0.216816 , 25
27 , 1 , 20 , 21.2215885975 , 0.204272 , 25
27 , 1 , 30 , 19.7804135497 , 0.195064 , 25
27 , 1 , 40 , 18.397931883 , 0.18816 , 25
28 ,  ,  , 48.6477537264 , 0.142857142857 , 25
28 , 0.1 , 10 , 28.393793582 , 0.164768 , 25
28 , 0.1 , 20 , 22.9318582372 , 0.169488 , 25
28 , 0.1 , 30 , 19.6312847059 , 0.173552 , 25
28 , 0.1 , 40 , 17.6219349864 , 0.177048 , 25
28 , 0.25 , 10 , 22.0686376792 , 0.171784 , 25
28 , 0.25 , 20 , 16.888654927 , 0.179712 , 25
28 , 0.25 , 30 , 15.136730287 , 0.184824 , 25
28 , 0.25 , 40 , 13.9649410509 , 0.188216 , 25
28 , 0.5 , 10 , 18.292117702 , 0.180176 , 25
28 , 0.5 , 20 , 14.5984463647 , 0.186192 , 25
28 , 0.5 , 30 , 12.6123170444 , 0.189632 , 25
28 , 0.5 , 40 , 10.5754416559 , 0.190312 , 25
28 , 0.75 , 10 , 17.686936026 , 0.185144 , 25
28 , 0.75 , 20 , 13.8636498738 , 0.187744 , 25
28 , 0.75 , 30 , 11.408718069 , 0.18936 , 25
28 , 0.75 , 40 , 9.16845912061 , 0.188552 , 25
28 , 1 , 10 , 18.5473602939 , 0.185592 , 25
28 , 1 , 20 , 14.3406728226 , 0.18472 , 25
28 , 1 , 30 , 11.594504949 , 0.185616 , 25
28 , 1 , 40 , 9.32747598626 , 0.185992 , 25
29 ,  ,  , 29.1886522358 , 0.142857142857 , 15
29 , 0.1 , 10 , 19.3368235275 , 0.259706666667 , 15
29 , 0.1 , 20 , 18.0590647085 , 0.277746666667 , 15
29 , 0.1 , 30 , 16.7459464176 , 0.290466666667 , 15
29 , 0.1 , 40 , 15.5048293274 , 0.301346666667 , 15
29 , 0.25 , 10 , 17.8591501369 , 0.27752 , 15
29 , 0.25 , 20 , 15.2777675977 , 0.303293333333 , 15
29 , 0.25 , 30 , 13.0536049827 , 0.322746666667 , 15
29 , 0.25 , 40 , 11.3200576903 , 0.337013333333 , 15
29 , 0.5 , 10 , 16.4636282752 , 0.29368 , 15
29 , 0.5 , 20 , 12.8563362714 , 0.325466666667 , 15
29 , 0.5 , 30 , 10.3157499436 , 0.34428 , 15
29 , 0.5 , 40 , 8.72860442971 , 0.353386666667 , 15
29 , 0.75 , 10 , 15.6346348581 , 0.299066666667 , 15
29 , 0.75 , 20 , 11.8120032678 , 0.332626666667 , 15
29 , 0.75 , 30 , 9.47071733497 , 0.346453333333 , 15
29 , 0.75 , 40 , 8.06590249535 , 0.356906666667 , 15
29 , 1 , 10 , 15.1145609335 , 0.305293333333 , 15
29 , 1 , 20 , 11.2842050736 , 0.331493333333 , 15
29 , 1 , 30 , 9.40118420149 , 0.344626666667 , 15
29 , 1 , 40 , 8.11561959087 , 0.351826666667 , 15
30 ,  ,  , 33.0804725339 , 0.142857142857 , 17
30 , 0.1 , 10 , 22.6325600444 , 0.164435294118 , 17
30 , 0.1 , 20 , 22.1698965476 , 0.164847058824 , 17
30 , 0.1 , 30 , 21.7120773966 , 0.165905882353 , 17
30 , 0.1 , 40 , 21.3675714985 , 0.165929411765 , 17
30 , 0.25 , 10 , 22.1018262729 , 0.165388235294 , 17
30 , 0.25 , 20 , 21.0802554489 , 0.164741176471 , 17
30 , 0.25 , 30 , 20.2013805824 , 0.1662 , 17
30 , 0.25 , 40 , 19.4549518741 , 0.167176470588 , 17
30 , 0.5 , 10 , 21.3132543968 , 0.164682352941 , 17
30 , 0.5 , 20 , 19.8635579297 , 0.166941176471 , 17
30 , 0.5 , 30 , 18.7556676694 , 0.170447058824 , 17
30 , 0.5 , 40 , 17.7591961457 , 0.170223529412 , 17
30 , 0.75 , 10 , 20.8287582269 , 0.164258823529 , 17
30 , 0.75 , 20 , 19.2311457334 , 0.169223529412 , 17
30 , 0.75 , 30 , 17.9656379112 , 0.172694117647 , 17
30 , 0.75 , 40 , 16.9922939638 , 0.177811764706 , 17
30 , 1 , 10 , 20.4578673503 , 0.166964705882 , 17
30 , 1 , 20 , 18.8050905446 , 0.172129411765 , 17
30 , 1 , 30 , 17.631219537 , 0.177941176471 , 17
30 , 1 , 40 , 16.7843262033 , 0.179623529412 , 17
31 ,  ,  , 42.8100232792 , 0.142857142857 , 22
31 , 0.1 , 10 , 29.3791827133 , 0.153027272727 , 22
31 , 0.1 , 20 , 26.6069483167 , 0.1681 , 22
31 , 0.1 , 30 , 23.8976356519 , 0.1753 , 22
31 , 0.1 , 40 , 21.6416459466 , 0.180736363636 , 22
31 , 0.25 , 10 , 26.1049104635 , 0.172081818182 , 22
31 , 0.25 , 20 , 19.7368435132 , 0.186509090909 , 22
31 , 0.25 , 30 , 15.8264113031 , 0.191263636364 , 22
31 , 0.25 , 40 , 13.7432993624 , 0.191590909091 , 22
31 , 0.5 , 10 , 18.8756109611 , 0.189845454545 , 22
31 , 0.5 , 20 , 13.4923285112 , 0.201254545455 , 22
31 , 0.5 , 30 , 12.4464816193 , 0.202245454545 , 22
31 , 0.5 , 40 , 12.2290914205 , 0.202127272727 , 22
31 , 0.75 , 10 , 14.5916125318 , 0.205918181818 , 22
31 , 0.75 , 20 , 11.3944372201 , 0.221345454545 , 22
31 , 0.75 , 30 , 10.6975386699 , 0.225063636364 , 22
31 , 0.75 , 40 , 10.4782365051 , 0.225918181818 , 22
31 , 1 , 10 , 12.7181320516 , 0.196409090909 , 22
31 , 1 , 20 , 11.2811889816 , 0.189663636364 , 22
31 , 1 , 30 , 11.0574833671 , 0.186972727273 , 22
31 , 1 , 40 , 10.8584242902 , 0.1843 , 22
32 ,  ,  , 36.9722928321 , 0.142857142857 , 19
32 , 0.1 , 10 , 21.2129905054 , 0.203273684211 , 19
32 , 0.1 , 20 , 17.6135555715 , 0.197147368421 , 19
32 , 0.1 , 30 , 15.1971028616 , 0.190515789474 , 19
32 , 0.1 , 40 , 13.8634741806 , 0.190368421053 , 19
32 , 0.25 , 10 , 16.5760120012 , 0.191894736842 , 19
32 , 0.25 , 20 , 13.2416165968 , 0.189042105263 , 19
32 , 0.25 , 30 , 12.1448729036 , 0.187852631579 , 19
32 , 0.25 , 40 , 11.4345095829 , 0.187178947368 , 19
32 , 0.5 , 10 , 13.7407834523 , 0.190368421053 , 19
32 , 0.5 , 20 , 11.7149585698 , 0.185747368421 , 19
32 , 0.5 , 30 , 10.5568181402 , 0.180484210526 , 19
32 , 0.5 , 40 , 9.56364328423 , 0.175336842105 , 19
32 , 0.75 , 10 , 12.9177303996 , 0.187294736842 , 19
32 , 0.75 , 20 , 10.8996137863 , 0.182073684211 , 19
32 , 0.75 , 30 , 9.25110691556 , 0.174105263158 , 19
32 , 0.75 , 40 , 7.88853796532 , 0.168926315789 , 19
32 , 1 , 10 , 12.4981318815 , 0.186842105263 , 19
32 , 1 , 20 , 10.3980172291 , 0.177368421053 , 19
32 , 1 , 30 , 8.57860718794 , 0.168736842105 , 19
32 , 1 , 40 , 7.14692922333 , 0.165136842105 , 19
33 ,  ,  , 48.6477537264 , 0.142857142857 , 25
33 , 0.1 , 10 , 29.1492959521 , 0.184776 , 25
33 , 0.1 , 20 , 25.4807029116 , 0.186752 , 25
33 , 0.1 , 30 , 23.4173418579 , 0.187408 , 25
33 , 0.1 , 40 , 22.1195849229 , 0.186968 , 25
33 , 0.25 , 10 , 24.5088094687 , 0.18632 , 25
33 , 0.25 , 20 , 21.5659834675 , 0.185728 , 25
33 , 0.25 , 30 , 20.2532381271 , 0.187104 , 25
33 , 0.25 , 40 , 19.3900572678 , 0.187584 , 25
33 , 0.5 , 10 , 21.8022105804 , 0.185448 , 25
33 , 0.5 , 20 , 19.3425638551 , 0.187208 , 25
33 , 0.5 , 30 , 17.8474836726 , 0.189632 , 25
33 , 0.5 , 40 , 16.7372705867 , 0.190248 , 25
33 , 0.75 , 10 , 20.7981887328 , 0.182608 , 25
33 , 0.75 , 20 , 17.9461598291 , 0.187448 , 25
33 , 0.75 , 30 , 16.3149974488 , 0.189456 , 25
33 , 0.75 , 40 , 15.4573670481 , 0.190904 , 25
33 , 1 , 10 , 20.3051439194 , 0.182904 , 25
33 , 1 , 20 , 16.8799864347 , 0.188616 , 25
33 , 1 , 30 , 15.6524676851 , 0.191864 , 25
33 , 1 , 40 , 15.1450155395 , 0.192776 , 25
34 ,  ,  , 38.9182029811 , 0.142857142857 , 20
34 , 0.1 , 10 , 25.0240440287 , 0.10153 , 20
34 , 0.1 , 20 , 22.8119126897 , 0.09503 , 20
34 , 0.1 , 30 , 21.2726013504 , 0.09082 , 20
34 , 0.1 , 40 , 19.8587964665 , 0.08443 , 20
34 , 0.25 , 10 , 22.3022243455 , 0.09341 , 20
34 , 0.25 , 20 , 18.7368978498 , 0.08103 , 20
34 , 0.25 , 30 , 16.2024736042 , 0.07224 , 20
34 , 0.25 , 40 , 14.2954284368 , 0.06679 , 20
34 , 0.5 , 10 , 18.9189122524 , 0.08113 , 20
34 , 0.5 , 20 , 14.4068523513 , 0.06787 , 20
34 , 0.5 , 30 , 12.3391556428 , 0.06361 , 20
34 , 0.5 , 40 , 11.6102266059 , 0.06267 , 20
34 , 0.75 , 10 , 16.3473106142 , 0.07001 , 20
34 , 0.75 , 20 , 12.3974989641 , 0.06184 , 20
34 , 0.75 , 30 , 11.399107796 , 0.06093 , 20
34 , 0.75 , 40 , 11.2053638447 , 0.06126 , 20
34 , 1 , 10 , 14.4535886684 , 0.065 , 20
34 , 1 , 20 , 11.6448275477 , 0.06162 , 20
34 , 1 , 30 , 11.098322214 , 0.06105 , 20
34 , 1 , 40 , 11.0522907539 , 0.05954 , 20
35 ,  ,  , 48.6477537264 , 0.142857142857 , 25
35 , 0.1 , 10 , 33.1849450203 , 0.272088 , 25
35 , 0.1 , 20 , 30.0175190378 , 0.25756 , 25
35 , 0.1 , 30 , 26.0509238119 , 0.243392 , 25
35 , 0.1 , 40 , 22.3141705066 , 0.232912 , 25
35 , 0.25 , 10 , 27.4213070433 , 0.269 , 25
35 , 0.25 , 20 , 19.1064988424 , 0.259112 , 25
35 , 0.25 , 30 , 14.3367840791 , 0.258736 , 25
35 , 0.25 , 40 , 11.7540675342 , 0.25812 , 25
35 , 0.5 , 10 , 20.7096557258 , 0.27416 , 25
35 , 0.5 , 20 , 13.5998710194 , 0.288128 , 25
35 , 0.5 , 30 , 10.4144333287 , 0.303832 , 25
35 , 0.5 , 40 , 8.29555564258 , 0.316344 , 25
35 , 0.75 , 10 , 18.5551177888 , 0.272656 , 25
35 , 0.75 , 20 , 14.5021103886 , 0.283328 , 25
35 , 0.75 , 30 , 12.1762711735 , 0.293144 , 25
35 , 0.75 , 40 , 10.6342034387 , 0.299024 , 25
35 , 1 , 10 , 17.2561099988 , 0.277232 , 25
35 , 1 , 20 , 13.8912756975 , 0.295992 , 25
35 , 1 , 30 , 11.7997321097 , 0.307424 , 25
35 , 1 , 40 , 10.4473223911 , 0.313552 , 25
36 ,  ,  , 48.6477537264 , 0.142857142857 , 25
36 , 0.1 , 10 , 19.0756640892 , 0.20572 , 25
36 , 0.1 , 20 , 11.464513737 , 0.219456 , 25
36 , 0.1 , 30 , 8.15922896026 , 0.226136 , 25
36 , 0.1 , 40 , 6.66444736186 , 0.22836 , 25
36 , 0.25 , 10 , 10.9325717684 , 0.218576 , 25
36 , 0.25 , 20 , 6.43708421569 , 0.228192 , 25
36 , 0.25 , 30 , 5.68059191438 , 0.228936 , 25
36 , 0.25 , 40 , 5.4854347002 , 0.229704 , 25
36 , 0.5 , 10 , 8.44727428205 , 0.218768 , 25
36 , 0.5 , 20 , 6.48576825348 , 0.226256 , 25
36 , 0.5 , 30 , 5.86307213111 , 0.229192 , 25
36 , 0.5 , 40 , 5.70293049862 , 0.229208 , 25
36 , 0.75 , 10 , 9.00933309942 , 0.202456 , 25
36 , 0.75 , 20 , 7.57695462336 , 0.201728 , 25
36 , 0.75 , 30 , 6.98039474762 , 0.197816 , 25
36 , 0.75 , 40 , 6.63220271902 , 0.19568 , 25
36 , 1 , 10 , 9.58177530392 , 0.178872 , 25
36 , 1 , 20 , 8.68993396493 , 0.178328 , 25
36 , 1 , 30 , 8.42983682725 , 0.1782 , 25
36 , 1 , 40 , 8.16281527538 , 0.17896 , 25
37 ,  ,  , 29.1886522358 , 0.142857142857 , 15
37 , 0.1 , 10 , 21.5284167951 , 0.159666666667 , 15
37 , 0.1 , 20 , 22.2032173488 , 0.15364 , 15
37 , 0.1 , 30 , 22.8411758553 , 0.151533333333 , 15
37 , 0.1 , 40 , 23.1728677463 , 0.148186666667 , 15
37 , 0.25 , 10 , 22.5117106935 , 0.15168 , 15
37 , 0.25 , 20 , 23.3652631465 , 0.146173333333 , 15
37 , 0.25 , 30 , 23.2540104862 , 0.143173333333 , 15
37 , 0.25 , 40 , 22.8041267104 , 0.13552 , 15
37 , 0.5 , 10 , 23.2301009361 , 0.15088 , 15
37 , 0.5 , 20 , 22.7123056658 , 0.140653333333 , 15
37 , 0.5 , 30 , 21.5700090386 , 0.132946666667 , 15
37 , 0.5 , 40 , 20.6718535652 , 0.12684 , 15
37 , 0.75 , 10 , 22.9813312923 , 0.152026666667 , 15
37 , 0.75 , 20 , 21.5977013657 , 0.137333333333 , 15
37 , 0.75 , 30 , 20.7015166775 , 0.12916 , 15
37 , 0.75 , 40 , 20.1870756812 , 0.124346666667 , 15
37 , 1 , 10 , 22.4065817566 , 0.154066666667 , 15
37 , 1 , 20 , 20.9206764442 , 0.139546666667 , 15
37 , 1 , 30 , 20.5226389185 , 0.13176 , 15
37 , 1 , 40 , 20.2710401625 , 0.12476 , 15
38 ,  ,  , 48.6477537264 , 0.142857142857 , 25
38 , 0.1 , 10 , 27.3010506109 , 0.253896 , 25
38 , 0.1 , 20 , 22.5638761997 , 0.267856 , 25
38 , 0.1 , 30 , 19.5091273876 , 0.272984 , 25
38 , 0.1 , 40 , 17.1954626475 , 0.274048 , 25
38 , 0.25 , 10 , 21.3143247128 , 0.270936 , 25
38 , 0.25 , 20 , 15.5587510443 , 0.277 , 25
38 , 0.25 , 30 , 12.7837363496 , 0.275392 , 25
38 , 0.25 , 40 , 11.7230533751 , 0.273248 , 25
38 , 0.5 , 10 , 16.7561992072 , 0.276088 , 25
38 , 0.5 , 20 , 12.2285608521 , 0.27236 , 25
38 , 0.5 , 30 , 11.2170460756 , 0.26964 , 25
38 , 0.5 , 40 , 10.8738886801 , 0.267904 , 25
38 , 0.75 , 10 , 16.0256813549 , 0.274464 , 25
38 , 0.75 , 20 , 11.9501525101 , 0.27036 , 25
38 , 0.75 , 30 , 11.0073912974 , 0.266376 , 25
38 , 0.75 , 40 , 10.8365086058 , 0.26428 , 25
38 , 1 , 10 , 16.8107740159 , 0.271192 , 25
38 , 1 , 20 , 14.2043108393 , 0.26636 , 25
38 , 1 , 30 , 13.366448877 , 0.266648 , 25
38 , 1 , 40 , 12.9505981359 , 0.265512 , 25
39 ,  ,  , 35.026382683 , 0.142857142857 , 18
39 , 0.1 , 10 , 23.5485749605 , 0.142977777778 , 18
39 , 0.1 , 20 , 22.5359923136 , 0.140922222222 , 18
39 , 0.1 , 30 , 21.6935226401 , 0.139833333333 , 18
39 , 0.1 , 40 , 20.9612884454 , 0.136333333333 , 18
39 , 0.25 , 10 , 22.0710334594 , 0.139088888889 , 18
39 , 0.25 , 20 , 20.6791436609 , 0.134911111111 , 18
39 , 0.25 , 30 , 20.042372904 , 0.129422222222 , 18
39 , 0.25 , 40 , 19.5123517104 , 0.126711111111 , 18
39 , 0.5 , 10 , 20.617312357 , 0.136133333333 , 18
39 , 0.5 , 20 , 19.4471860629 , 0.128066666667 , 18
39 , 0.5 , 30 , 18.3541884865 , 0.1216 , 18
39 , 0.5 , 40 , 17.4088923112 , 0.120966666667 , 18
39 , 0.75 , 10 , 19.9485760549 , 0.132188888889 , 18
39 , 0.75 , 20 , 18.2695408733 , 0.124766666667 , 18
39 , 0.75 , 30 , 16.6836438059 , 0.120288888889 , 18
39 , 0.75 , 40 , 15.1934844256 , 0.117955555556 , 18
39 , 1 , 10 , 19.3954497368 , 0.1312 , 18
39 , 1 , 20 , 17.1367700778 , 0.124077777778 , 18
39 , 1 , 30 , 15.0080098002 , 0.119411111111 , 18
39 , 1 , 40 , 13.3312309741 , 0.118933333333 , 18
40 ,  ,  , 48.6477537264 , 0.142857142857 , 25
40 , 0.1 , 10 , 28.8706392179 , 0.164296 , 25
40 , 0.1 , 20 , 23.1730672953 , 0.168208 , 25
40 , 0.1 , 30 , 18.7031966847 , 0.169904 , 25
40 , 0.1 , 40 , 15.4434520953 , 0.173072 , 25
40 , 0.25 , 10 , 22.5677457349 , 0.16836 , 25
40 , 0.25 , 20 , 14.9353478216 , 0.172016 , 25
40 , 0.25 , 30 , 12.2506752538 , 0.173008 , 25
40 , 0.25 , 40 , 11.3785075654 , 0.172688 , 25
40 , 0.5 , 10 , 18.7881377453 , 0.172064 , 25
40 , 0.5 , 20 , 13.6356098424 , 0.17352 , 25
40 , 0.5 , 30 , 11.807942923 , 0.173056 , 25
40 , 0.5 , 40 , 11.2279005858 , 0.171888 , 25
40 , 0.75 , 10 , 19.8615951416 , 0.169648 , 25
40 , 0.75 , 20 , 16.076375251 , 0.173608 , 25
40 , 0.75 , 30 , 13.6447147378 , 0.173472 , 25
40 , 0.75 , 40 , 12.3649225929 , 0.171528 , 25
40 , 1 , 10 , 22.0295516955 , 0.161672 , 25
40 , 1 , 20 , 19.6748249405 , 0.162728 , 25
40 , 1 , 30 , 17.8097758379 , 0.162448 , 25
40 , 1 , 40 , 16.2947837513 , 0.163632 , 25
41 ,  ,  , 33.0804725339 , 0.142857142857 , 17
41 , 0.1 , 10 , 22.6235171206 , 0.249717647059 , 17
41 , 0.1 , 20 , 21.4606648261 , 0.266847058824 , 17
41 , 0.1 , 30 , 19.9846734916 , 0.277917647059 , 17
41 , 0.1 , 40 , 18.6095460432 , 0.289635294118 , 17
41 , 0.25 , 10 , 21.900846442 , 0.267035294118 , 17
41 , 0.25 , 20 , 19.1943346802 , 0.284176470588 , 17
41 , 0.25 , 30 , 17.2266965521 , 0.294 , 17
41 , 0.25 , 40 , 15.9653816091 , 0.302564705882 , 17
41 , 0.5 , 10 , 20.3263951947 , 0.274082352941 , 17
41 , 0.5 , 20 , 16.1616941013 , 0.286929411765 , 17
41 , 0.5 , 30 , 13.5967009967 , 0.289164705882 , 17
41 , 0.5 , 40 , 12.0938568675 , 0.288847058824 , 17
41 , 0.75 , 10 , 18.1840773541 , 0.285435294118 , 17
41 , 0.75 , 20 , 14.1653752811 , 0.300058823529 , 17
41 , 0.75 , 30 , 12.2954799636 , 0.299776470588 , 17
41 , 0.75 , 40 , 11.4652118868 , 0.298270588235 , 17
41 , 1 , 10 , 16.1002016631 , 0.310247058824 , 17
41 , 1 , 20 , 11.9530118311 , 0.338752941176 , 17
41 , 1 , 30 , 10.0159924567 , 0.351 , 17
41 , 1 , 40 , 9.16624104393 , 0.355647058824 , 17
42 ,  ,  , 48.6477537264 , 0.142857142857 , 25
42 , 0.1 , 10 , 23.9459509363 , 0.119336 , 25
42 , 0.1 , 20 , 18.1738079885 , 0.117368 , 25
42 , 0.1 , 30 , 15.3938361932 , 0.114088 , 25
42 , 0.1 , 40 , 14.2273745533 , 0.112736 , 25
42 , 0.25 , 10 , 17.3666201313 , 0.112496 , 25
42 , 0.25 , 20 , 14.0156737655 , 0.113416 , 25
42 , 0.25 , 30 , 13.5020381076 , 0.110712 , 25
42 , 0.25 , 40 , 13.3462667083 , 0.111712 , 25
42 , 0.5 , 10 , 14.6309264314 , 0.107832 , 25
42 , 0.5 , 20 , 13.5797792954 , 0.108608 , 25
42 , 0.5 , 30 , 13.2962581469 , 0.110992 , 25
42 , 0.5 , 40 , 13.1885502761 , 0.11172 , 25
42 , 0.75 , 10 , 13.9552018513 , 0.094464 , 25
42 , 0.75 , 20 , 13.4617550545 , 0.092536 , 25
42 , 0.75 , 30 , 13.2045215 , 0.091992 , 25
42 , 0.75 , 40 , 13.1331077414 , 0.091432 , 25
42 , 1 , 10 , 13.3020341183 , 0.09044 , 25
42 , 1 , 20 , 13.1157763973 , 0.092392 , 25
42 , 1 , 30 , 13.1035322483 , 0.091488 , 25
42 , 1 , 40 , 13.0884358297 , 0.09184 , 25
43 ,  ,  , 44.7559334283 , 0.142857142857 , 23
43 , 0.1 , 10 , 22.8511188055 , 0.186765217391 , 23
43 , 0.1 , 20 , 13.7427901271 , 0.186008695652 , 23
43 , 0.1 , 30 , 9.49636562706 , 0.188052173913 , 23
43 , 0.1 , 40 , 7.56852159704 , 0.189234782609 , 23
43 , 0.25 , 10 , 13.8694328296 , 0.188713043478 , 23
43 , 0.25 , 20 , 7.6677816267 , 0.189608695652 , 23
43 , 0.25 , 30 , 6.48037470053 , 0.190130434783 , 23
43 , 0.25 , 40 , 6.24627952844 , 0.190460869565 , 23
43 , 0.5 , 10 , 11.2794957722 , 0.19307826087 , 23
43 , 0.5 , 20 , 7.08277219943 , 0.190704347826 , 23
43 , 0.5 , 30 , 6.38564006362 , 0.190452173913 , 23
43 , 0.5 , 40 , 6.25050416653 , 0.189965217391 , 23
43 , 0.75 , 10 , 13.2952480232 , 0.198147826087 , 23
43 , 0.75 , 20 , 8.97209541047 , 0.192843478261 , 23
43 , 0.75 , 30 , 7.36937520462 , 0.190234782609 , 23
43 , 0.75 , 40 , 6.7939155055 , 0.191643478261 , 23
43 , 1 , 10 , 15.8929243362 , 0.219356521739 , 23
43 , 1 , 20 , 14.710907711 , 0.224626086957 , 23
43 , 1 , 30 , 13.7712610168 , 0.229913043478 , 23
43 , 1 , 40 , 13.1944101339 , 0.231530434783 , 23
44 ,  ,  , 48.6477537264 , 0.142857142857 , 25
44 , 0.1 , 10 , 20.9944092422 , 0.170448 , 25
44 , 0.1 , 20 , 14.1819910573 , 0.174432 , 25
44 , 0.1 , 30 , 10.9656916786 , 0.18004 , 25
44 , 0.1 , 40 , 9.26670838152 , 0.183952 , 25
44 , 0.25 , 10 , 13.5636389071 , 0.178128 , 25
44 , 0.25 , 20 , 8.59513108237 , 0.185752 , 25
44 , 0.25 , 30 , 6.65168254905 , 0.188488 , 25
44 , 0.25 , 40 , 5.46118122547 , 0.190656 , 25
44 , 0.5 , 10 , 9.61916587034 , 0.184768 , 25
44 , 0.5 , 20 , 5.53980547444 , 0.189648 , 25
44 , 0.5 , 30 , 4.18274130829 , 0.189872 , 25
44 , 0.5 , 40 , 3.71550985673 , 0.19028 , 25
44 , 0.75 , 10 , 7.95499454542 , 0.187696 , 25
44 , 0.75 , 20 , 4.2434542799 , 0.190256 , 25
44 , 0.75 , 30 , 3.57183742199 , 0.189488 , 25
44 , 0.75 , 40 , 3.50297047889 , 0.19036 , 25
44 , 1 , 10 , 7.20483596129 , 0.189056 , 25
44 , 1 , 20 , 3.80744810717 , 0.190424 , 25
44 , 1 , 30 , 3.46474307309 , 0.18988 , 25
44 , 1 , 40 , 3.43165886345 , 0.190032 , 25
45 ,  ,  , 48.6477537264 , 0.142857142857 , 25
45 , 0.1 , 10 , 20.984235771 , 0.246056 , 25
45 , 0.1 , 20 , 11.7466541831 , 0.274416 , 25
45 , 0.1 , 30 , 7.15010918877 , 0.288912 , 25
45 , 0.1 , 40 , 4.89134588984 , 0.295696 , 25
45 , 0.25 , 10 , 12.9097293754 , 0.268816 , 25
45 , 0.25 , 20 , 5.54667766052 , 0.292168 , 25
45 , 0.25 , 30 , 3.65978716474 , 0.29768 , 25
45 , 0.25 , 40 , 3.00416102797 , 0.300232 , 25
45 , 0.5 , 10 , 11.1502063346 , 0.265928 , 25
45 , 0.5 , 20 , 6.31890776645 , 0.284704 , 25
45 , 0.5 , 30 , 4.37728285056 , 0.292856 , 25
45 , 0.5 , 40 , 3.49173624937 , 0.29696 , 25
45 , 0.75 , 10 , 14.4367562392 , 0.243768 , 25
45 , 0.75 , 20 , 11.1831717734 , 0.25592 , 25
45 , 0.75 , 30 , 9.47825275513 , 0.262928 , 25
45 , 0.75 , 40 , 8.3397360644 , 0.267864 , 25
45 , 1 , 10 , 19.5119265683 , 0.214568 , 25
45 , 1 , 20 , 19.8853056069 , 0.210584 , 25
45 , 1 , 30 , 20.1870156437 , 0.203504 , 25
45 , 1 , 40 , 20.2126608234 , 0.200384 , 25
