0 ,  ,  ,  , 27.4653072167 , 0.333333333333 , 7.91144588555
0 , 0.1 , 10 , 0 , 17.3469658023 , 39.968 , 7.91144588555 , 25
0 , 0.1 , 20 , 0 , 11.6625326055 , 40.896 , 6.38977182691 , 25
0 , 0.1 , 30 , 0 , 8.79157484919 , 41.72 , 5.44514462618 , 25
0 , 0.1 , 40 , 0 , 7.09773985799 , 42.088 , 4.92100152408 , 25
0 , 0.25 , 10 , 0 , 12.1251779836 , 39.792 , 6.66368786784 , 25
0 , 0.25 , 20 , 0 , 8.28226048426 , 41.124 , 5.60005571401 , 25
0 , 0.25 , 30 , 0 , 7.09108082403 , 41.68 , 4.98252947809 , 25
0 , 0.25 , 40 , 0 , 6.5843212052 , 42.096 , 5.09654628155 , 25
0 , 0.5 , 10 , 0 , 6.90787560759 , 40.144 , 5.17022862164 , 25
0 , 0.5 , 20 , 0 , 3.59271988638 , 40.928 , 3.61369838254 , 25
0 , 0.5 , 30 , 0 , 2.94095325227 , 41.016 , 3.33102746912 , 25
0 , 0.5 , 40 , 0 , 2.81509453208 , 40.952 , 3.25295189021 , 25
0 , 0.75 , 10 , 0 , 5.17168640366 , 39.304 , 4.6367643891 , 25
0 , 0.75 , 20 , 0 , 3.7593249595 , 40.176 , 3.93560973675 , 25
0 , 0.75 , 30 , 0 , 3.30841953101 , 40.196 , 3.56561130804 , 25
0 , 0.75 , 40 , 0 , 3.09278462328 , 40.568 , 3.36056185779 , 25
0 , 1 , 10 , 0 , 4.39636203497 , 37.416 , 4.45902949082 , 25
0 , 1 , 20 , 0 , 3.52562485552 , 37.48 , 3.72902131933 , 25
0 , 1 , 30 , 0 , 3.18567020698 , 37.276 , 3.42050054817 , 25
0 , 1 , 40 , 0 , 2.98429794714 , 37.268 , 3.25579114809 , 25
1 ,  ,  ,  , 27.4653072167 , 0.333333333333 , 6.741446729
1 , 0.1 , 10 , 0 , 14.3769247027 , 55.336 , 6.741446729 , 25
1 , 0.1 , 20 , 0 , 7.51962955961 , 59.864 , 4.884004914 , 25
1 , 0.1 , 30 , 0 , 4.96097620315 , 61.452 , 3.87655723549 , 25
1 , 0.1 , 40 , 0 , 3.59233925284 , 62.228 , 3.34365309205 , 25
1 , 0.25 , 10 , 0 , 10.8541756458 , 59.824 , 5.94920364419 , 25
1 , 0.25 , 20 , 0 , 4.40148438017 , 62.668 , 3.59134737947 , 25
1 , 0.25 , 30 , 0 , 2.70832397404 , 62.796 , 2.95675227234 , 25
1 , 0.25 , 40 , 0 , 2.29171885611 , 62.852 , 2.73826514421 , 25
1 , 0.5 , 10 , 0 , 11.4022778269 , 62.216 , 5.73980348096 , 25
1 , 0.5 , 20 , 0 , 6.50964764471 , 64.576 , 4.43849343809 , 25
1 , 0.5 , 30 , 0 , 5.49115866957 , 65.256 , 3.96263346778 , 25
1 , 0.5 , 40 , 0 , 4.91725660502 , 65.276 , 3.80996377936 , 25
1 , 0.75 , 10 , 0 , 12.9735827023 , 61.628 , 6.53525944397 , 25
1 , 0.75 , 20 , 0 , 8.36311052905 , 64.852 , 5.4341601007 , 25
1 , 0.75 , 30 , 0 , 6.88551888754 , 65.988 , 4.78328924486 , 25
1 , 0.75 , 40 , 0 , 5.99322550227 , 67.136 , 4.81554815156 , 25
1 , 1 , 10 , 0 , 15.0992379106 , 57.844 , 7.20941495546 , 25
1 , 1 , 20 , 0 , 11.5392880367 , 60.084 , 6.1871596068 , 25
1 , 1 , 30 , 0 , 10.1741690577 , 60.836 , 5.95895158564 , 25
1 , 1 , 40 , 0 , 9.3086687199 , 61.792 , 5.90226532782 , 25
2 ,  ,  ,  , 27.4653072167 , 0.333333333333 , 8.21695807462
2 , 0.1 , 10 , 0 , 22.8430362463 , 26.44 , 8.21695807462 , 25
2 , 0.1 , 20 , 0 , 18.7838031024 , 23.832 , 7.23572912705 , 25
2 , 0.1 , 30 , 0 , 14.8735171594 , 21.98 , 6.20963767059 , 25
2 , 0.1 , 40 , 0 , 11.5894723732 , 20.024 , 5.54251062245 , 25
2 , 0.25 , 10 , 0 , 19.7002264809 , 25.108 , 7.75450423947 , 25
2 , 0.25 , 20 , 0 , 13.3834596427 , 21.396 , 6.09156662937 , 25
2 , 0.25 , 30 , 0 , 9.71008372827 , 19.232 , 4.80189296007 , 25
2 , 0.25 , 40 , 0 , 7.55788969874 , 17.944 , 4.33368942127 , 25
2 , 0.5 , 10 , 0 , 19.9927158039 , 28.22 , 7.96991844375 , 25
2 , 0.5 , 20 , 0 , 17.1595431615 , 26.296 , 6.88014418454 , 25
2 , 0.5 , 30 , 0 , 15.147691428 , 24.36 , 6.11346055847 , 25
2 , 0.5 , 40 , 0 , 13.5807843522 , 22.332 , 6.23424221538 , 25
2 , 0.75 , 10 , 0 , 20.7388358395 , 34.516 , 7.91086240558 , 25
2 , 0.75 , 20 , 0 , 16.1857243303 , 38.964 , 6.64760889343 , 25
2 , 0.75 , 30 , 0 , 11.9513708783 , 41.264 , 5.55430499703 , 25
2 , 0.75 , 40 , 0 , 9.13644207052 , 42.488 , 4.4741318711 , 25
2 , 1 , 10 , 0 , 19.1081695479 , 37.736 , 7.61224697445 , 25
2 , 1 , 20 , 0 , 11.7430762931 , 41.328 , 5.92185916753 , 25
2 , 1 , 30 , 0 , 7.97328247698 , 42.128 , 4.69719235288 , 25
2 , 1 , 40 , 0 , 6.24921802547 , 42.664 , 4.11522830472 , 25
3 ,  ,  ,  , 24.1694703507 , 0.333333333333 , 10.4273549573
3 , 0.1 , 10 , 0 , 22.9180833134 , 37.2318181818 , 10.4273549573 , 22
3 , 0.1 , 20 , 0 , 22.1290715832 , 35.6 , 10.2063179266 , 22
3 , 0.1 , 30 , 0 , 20.9236523714 , 34.6772727273 , 9.64167842286 , 22
3 , 0.1 , 40 , 0 , 19.8977699918 , 32.8045454545 , 9.71059636779 , 22
3 , 0.25 , 10 , 0 , 21.1286960545 , 34.9136363636 , 9.17375771309 , 22
3 , 0.25 , 20 , 0 , 18.5024553089 , 32.5181818182 , 8.74369194107 , 22
3 , 0.25 , 30 , 0 , 16.7671074343 , 30.5136363636 , 8.49481003441 , 22
3 , 0.25 , 40 , 0 , 15.4697993848 , 29.2409090909 , 8.16350349153 , 22
3 , 0.5 , 10 , 0 , 17.6370891568 , 33.5409090909 , 8.89952988822 , 22
3 , 0.5 , 20 , 0 , 14.4593161639 , 29.9227272727 , 7.65623901585 , 22
3 , 0.5 , 30 , 0 , 12.6783059232 , 27.8136363636 , 7.15362561951 , 22
3 , 0.5 , 40 , 0 , 11.3687362887 , 27.2772727273 , 6.93982250231 , 22
3 , 0.75 , 10 , 0 , 15.0003323738 , 32.6181818182 , 7.93962757001 , 22
3 , 0.75 , 20 , 0 , 11.1940442258 , 29.2954545455 , 6.87397625736 , 22
3 , 0.75 , 30 , 0 , 9.49193521819 , 27.7681818182 , 6.09348486921 , 22
3 , 0.75 , 40 , 0 , 8.4861987679 , 27.5136363636 , 5.85321660526 , 22
3 , 1 , 10 , 0 , 12.8374182984 , 32.4636363636 , 7.27533475984 , 22
3 , 1 , 20 , 0 , 9.53451618122 , 29.75 , 6.0677561989 , 22
3 , 1 , 30 , 0 , 8.11722845455 , 29.2863636364 , 5.59063377001 , 22
3 , 1 , 40 , 0 , 7.38248222069 , 28.6318181818 , 5.47646919794 , 22
4 ,  ,  ,  , 20.8736334847 , 0.333333333333 , 10.7399376343
4 , 0.1 , 10 , 0 , 19.5800328039 , 35.2631578947 , 10.7399376343 , 19
4 , 0.1 , 20 , 0 , 19.3208811439 , 36.4684210526 , 10.701126096 , 19
4 , 0.1 , 30 , 0 , 18.868813474 , 36.2052631579 , 10.3783802023 , 19
4 , 0.1 , 40 , 0 , 18.6252672318 , 36.7315789474 , 10.6083109112 , 19
4 , 0.25 , 10 , 0 , 18.9929295264 , 37.0052631579 , 10.9848031515 , 19
4 , 0.25 , 20 , 0 , 18.3416254289 , 37.2894736842 , 10.6463875501 , 19
4 , 0.25 , 30 , 0 , 17.7526913498 , 38.3368421053 , 11.3559190516 , 19
4 , 0.25 , 40 , 0 , 17.2310648506 , 38.6894736842 , 11.2190466756 , 19
4 , 0.5 , 10 , 0 , 18.3517846542 , 37.9526315789 , 10.5506022461 , 19
4 , 0.5 , 20 , 0 , 17.295026723 , 39.4842105263 , 10.8706777318 , 19
4 , 0.5 , 30 , 0 , 16.2962593412 , 39.8894736842 , 10.9592028644 , 19
4 , 0.5 , 40 , 0 , 15.5328433685 , 40.5210526316 , 10.4608477276 , 19
4 , 0.75 , 10 , 0 , 17.8750210993 , 38.6157894737 , 10.7623934872 , 19
4 , 0.75 , 20 , 0 , 16.5895222994 , 39.9684210526 , 10.5120482255 , 19
4 , 0.75 , 30 , 0 , 15.9510864268 , 40.6684210526 , 10.9423963912 , 19
4 , 0.75 , 40 , 0 , 15.5179673465 , 41.0842105263 , 11.1801714069 , 19
4 , 1 , 10 , 0 , 17.3450688691 , 38.7157894737 , 10.7312472523 , 19
4 , 1 , 20 , 0 , 16.3362431505 , 40.7421052632 , 10.7912950966 , 19
4 , 1 , 30 , 0 , 16.0542188798 , 40.1052631579 , 10.7574621398 , 19
4 , 1 , 40 , 0 , 15.9047489475 , 40.6 , 10.518686709 , 19
5 ,  ,  ,  , 27.4653072167 , 0.333333333333 , 7.26336120539
5 , 0.1 , 10 , 0 , 16.2430291029 , 38.328 , 7.26336120539 , 25
5 , 0.1 , 20 , 0 , 9.95573094518 , 39.124 , 6.03064043034 , 25
5 , 0.1 , 30 , 0 , 6.81141042592 , 40.032 , 4.85623063703 , 25
5 , 0.1 , 40 , 0 , 5.47777575136 , 40.064 , 4.19855975306 , 25
5 , 0.25 , 10 , 0 , 11.2147127926 , 39.384 , 6.14268215033 , 25
5 , 0.25 , 20 , 0 , 6.39681468152 , 40.612 , 4.86224803974 , 25
5 , 0.25 , 30 , 0 , 4.59065318877 , 41.1 , 4.01073559338 , 25
5 , 0.25 , 40 , 0 , 3.47927766793 , 41.212 , 3.38748520292 , 25
5 , 0.5 , 10 , 0 , 11.7201902914 , 41.212 , 6.37393567586 , 25
5 , 0.5 , 20 , 0 , 8.02767564022 , 43.392 , 5.30191814346 , 25
5 , 0.5 , 30 , 0 , 6.28859939274 , 44.488 , 4.87461342057 , 25
5 , 0.5 , 40 , 0 , 5.38268694337 , 45.096 , 4.57632865953 , 25
5 , 0.75 , 10 , 0 , 12.6087790669 , 40.76 , 6.3117667891 , 25
5 , 0.75 , 20 , 0 , 8.59322537095 , 42.752 , 4.93583792278 , 25
5 , 0.75 , 30 , 0 , 6.71732929931 , 43.536 , 4.4335881631 , 25
5 , 0.75 , 40 , 0 , 5.35747874352 , 44.028 , 4.06536788003 , 25
5 , 1 , 10 , 0 , 11.4809229577 , 36.556 , 5.82364696732 , 25
5 , 1 , 20 , 0 , 5.40070738895 , 37.392 , 3.76700623838 , 25
5 , 1 , 30 , 0 , 2.83414978141 , 37.96 , 2.78251684631 , 25
5 , 1 , 40 , 0 , 1.74713396007 , 38.044 , 2.37277558989 , 25
6 ,  ,  ,  , 27.4653072167 , 0.333333333333 , 8.21942187748
6 , 0.1 , 10 , 0 , 22.7781915771 , 32.652 , 8.21942187748 , 25
6 , 0.1 , 20 , 0 , 19.2377275792 , 32.492 , 7.89923641879 , 25
6 , 0.1 , 30 , 0 , 17.1233919439 , 32.36 , 6.96264317627 , 25
6 , 0.1 , 40 , 0 , 15.8247185378 , 31.992 , 6.73616626873 , 25
6 , 0.25 , 10 , 0 , 19.3134712361 , 32.58 , 7.37343881781 , 25
6 , 0.25 , 20 , 0 , 15.495636111 , 31.724 , 7.02252262367 , 25
6 , 0.25 , 30 , 0 , 13.6919583273 , 31.652 , 6.44910040238 , 25
6 , 0.25 , 40 , 0 , 12.4936884946 , 31.252 , 6.06634123669 , 25
6 , 0.5 , 10 , 0 , 16.4000125277 , 31.892 , 6.84019999708 , 25
6 , 0.5 , 20 , 0 , 12.7432572582 , 31.204 , 6.15714089493 , 25
6 , 0.5 , 30 , 0 , 10.6375867964 , 30.856 , 5.45263826051 , 25
6 , 0.5 , 40 , 0 , 9.03053021151 , 30.256 , 5.11922494134 , 25
6 , 0.75 , 10 , 0 , 15.1144692085 , 31.096 , 6.68242351247 , 25
6 , 0.75 , 20 , 0 , 10.2017497347 , 30.372 , 5.55316270246 , 25
6 , 0.75 , 30 , 0 , 7.62315429469 , 30.232 , 4.76426027836 , 25
6 , 0.75 , 40 , 0 , 6.35404611892 , 29.94 , 4.33363588687 , 25
6 , 1 , 10 , 0 , 13.8535152706 , 31.012 , 6.19934319102 , 25
6 , 1 , 20 , 0 , 7.93743545501 , 30.12 , 4.61146397579 , 25
6 , 1 , 30 , 0 , 5.80669020256 , 30.024 , 4.13369374773 , 25
6 , 1 , 40 , 0 , 4.78041675578 , 29.46 , 3.83619603253 , 25
7 ,  ,  ,  , 27.4653072167 , 0.333333333333 , 8.5436395055
7 , 0.1 , 10 , 0 , 24.9376126676 , 26.668 , 8.5436395055 , 25
7 , 0.1 , 20 , 0 , 23.3085019351 , 24.332 , 7.75433917236 , 25
7 , 0.1 , 30 , 0 , 21.7915516016 , 23.092 , 7.68736209632 , 25
7 , 0.1 , 40 , 0 , 20.155910193 , 22.064 , 7.50652409574 , 25
7 , 0.25 , 10 , 0 , 22.9444392047 , 24.468 , 8.11054720719 , 25
7 , 0.25 , 20 , 0 , 19.8296483991 , 22.548 , 7.39646510165 , 25
7 , 0.25 , 30 , 0 , 17.821969746 , 22.196 , 7.00582500495 , 25
7 , 0.25 , 40 , 0 , 16.8306735801 , 22.424 , 7.01856281585 , 25
7 , 0.5 , 10 , 0 , 20.5941309738 , 23.696 , 7.7047767002 , 25
7 , 0.5 , 20 , 0 , 17.8204037783 , 23.308 , 7.26093217156 , 25
7 , 0.5 , 30 , 0 , 16.7168082742 , 23.416 , 7.2627091364 , 25
7 , 0.5 , 40 , 0 , 15.959747372 , 23.94 , 6.8850853299 , 25
7 , 0.75 , 10 , 0 , 19.4579252292 , 23.892 , 7.76069172175 , 25
7 , 0.75 , 20 , 0 , 17.7301477928 , 24.108 , 7.45361227862 , 25
7 , 0.75 , 30 , 0 , 16.9183805558 , 24.568 , 7.18869779585 , 25
7 , 0.75 , 40 , 0 , 16.0244693436 , 24.412 , 7.07264137363 , 25
7 , 1 , 10 , 0 , 18.6990377824 , 24.14 , 7.673095855 , 25
7 , 1 , 20 , 0 , 17.348572333 , 24.72 , 7.21287737314 , 25
7 , 1 , 30 , 0 , 16.2115602385 , 24.512 , 7.22397785157 , 25
7 , 1 , 40 , 0 , 15.5537824433 , 24.308 , 6.80125988329 , 25
8 ,  ,  ,  , 27.4653072167 , 0.333333333333 , 5.78587383202
8 , 0.1 , 10 , 0 , 11.4776747676 , 45.108 , 5.78587383202 , 25
8 , 0.1 , 20 , 0 , 5.17020194253 , 47.248 , 3.95708175301 , 25
8 , 0.1 , 30 , 0 , 3.59981780066 , 48.204 , 3.54716562906 , 25
8 , 0.1 , 40 , 0 , 3.00978943457 , 48.436 , 3.28175318999 , 25
8 , 0.25 , 10 , 0 , 6.50492479289 , 47.656 , 4.30925329959 , 25
8 , 0.25 , 20 , 0 , 3.15573471347 , 48.6 , 3.43045186528 , 25
8 , 0.25 , 30 , 0 , 2.69847713036 , 48.768 , 3.36840852629 , 25
8 , 0.25 , 40 , 0 , 2.56826632176 , 48.892 , 3.2625658614 , 25
8 , 0.5 , 10 , 0 , 6.45645279375 , 50.788 , 4.82856666103 , 25
8 , 0.5 , 20 , 0 , 4.40018208753 , 51.756 , 4.6463387737 , 25
8 , 0.5 , 30 , 0 , 3.89386881534 , 52.516 , 4.28646054455 , 25
8 , 0.5 , 40 , 0 , 3.55651047794 , 52.608 , 3.95352197414 , 25
8 , 0.75 , 10 , 0 , 4.90050001678 , 52.708 , 3.8234455665 , 25
8 , 0.75 , 20 , 0 , 2.69166647765 , 53.048 , 3.36893098772 , 25
8 , 0.75 , 30 , 0 , 2.46563927685 , 53.076 , 3.48399540757 , 25
8 , 0.75 , 40 , 0 , 2.43386659365 , 52.84 , 3.21968942602 , 25
8 , 1 , 10 , 0 , 6.26204235964 , 52.612 , 4.44268567423 , 25
8 , 1 , 20 , 0 , 3.56556902906 , 52.968 , 3.99486870873 , 25
8 , 1 , 30 , 0 , 2.88449030209 , 53.016 , 3.46752707271 , 25
8 , 1 , 40 , 0 , 2.59313562058 , 53.204 , 3.31396801433 , 25
9 ,  ,  ,  , 19.775021196 , 0.333333333333 , 9.10528099376
9 , 0.1 , 10 , 0 , 13.7111209762 , 38.7277777778 , 9.10528099376 , 18
9 , 0.1 , 20 , 0 , 9.97331825106 , 41.1222222222 , 7.73080258718 , 18
9 , 0.1 , 30 , 0 , 8.59466022892 , 41.8777777778 , 7.09406811844 , 18
9 , 0.1 , 40 , 0 , 8.08393076114 , 42.4111111111 , 6.99215609906 , 18
9 , 0.25 , 10 , 0 , 9.97354647198 , 41.5444444444 , 7.51031389589 , 18
9 , 0.25 , 20 , 0 , 7.86837951639 , 42.0888888889 , 7.03216595543 , 18
9 , 0.25 , 30 , 0 , 7.50318893644 , 42.0611111111 , 7.01620478818 , 18
9 , 0.25 , 40 , 0 , 7.36714590429 , 42.25 , 6.68279299561 , 18
9 , 0.5 , 10 , 0 , 8.78685168353 , 41.9222222222 , 7.00062607429 , 18
9 , 0.5 , 20 , 0 , 7.38043518466 , 41.6833333333 , 6.7540362875 , 18
9 , 0.5 , 30 , 0 , 7.10847684169 , 41.8611111111 , 6.94949816112 , 18
9 , 0.5 , 40 , 0 , 6.98523501357 , 41.5 , 6.52890061265 , 18
9 , 0.75 , 10 , 0 , 9.1276460285 , 41.3277777778 , 7.20142089889 , 18
9 , 0.75 , 20 , 0 , 7.33196639566 , 41.5833333333 , 6.49257648262 , 18
9 , 0.75 , 30 , 0 , 7.02239069088 , 41.4833333333 , 6.19366213296 , 18
9 , 0.75 , 40 , 0 , 6.92938061162 , 41.8111111111 , 6.6232940967 , 18
9 , 1 , 10 , 0 , 10.3867061066 , 41.8333333333 , 8.18968788504 , 18
9 , 1 , 20 , 0 , 8.27246585726 , 41.5111111111 , 7.31398119957 , 18
9 , 1 , 30 , 0 , 7.42018652173 , 41.4833333333 , 6.68264520333 , 18
9 , 1 , 40 , 0 , 7.14968701637 , 42.0833333333 , 6.69525121925 , 18
10 ,  ,  ,  , 27.4653072167 , 0.333333333333 , 6.28643110198
10 , 0.1 , 10 , 0 , 14.4621380497 , 42.028 , 6.28643110198 , 25
10 , 0.1 , 20 , 0 , 8.91082518681 , 42.84 , 5.03094424537 , 25
10 , 0.1 , 30 , 0 , 6.04880569241 , 43.128 , 3.96075952312 , 25
10 , 0.1 , 40 , 0 , 4.42481748584 , 43.144 , 3.45995144475 , 25
10 , 0.25 , 10 , 0 , 9.09612543745 , 42.996 , 4.91202442991 , 25
10 , 0.25 , 20 , 0 , 4.28420292212 , 43.3 , 3.27016819139 , 25
10 , 0.25 , 30 , 0 , 3.06187407745 , 43.244 , 2.86573969509 , 25
10 , 0.25 , 40 , 0 , 2.70728920171 , 43.204 , 2.70525118982 , 25
10 , 0.5 , 10 , 0 , 6.31771834369 , 43.444 , 4.0073512449 , 25
10 , 0.5 , 20 , 0 , 3.18626598667 , 43.244 , 2.96453436479 , 25
10 , 0.5 , 30 , 0 , 2.61704722242 , 43.068 , 2.612924798 , 25
10 , 0.5 , 40 , 0 , 2.48241677224 , 43.012 , 2.80568280459 , 25
10 , 0.75 , 10 , 0 , 5.87768706763 , 43.24 , 4.06329915217 , 25
10 , 0.75 , 20 , 0 , 3.25428110427 , 43.004 , 3.17237828766 , 25
10 , 0.75 , 30 , 0 , 2.71681272706 , 42.884 , 2.74564090879 , 25
10 , 0.75 , 40 , 0 , 2.53111115922 , 43.044 , 2.61649842347 , 25
10 , 1 , 10 , 0 , 5.7184546824 , 42.612 , 4.22675478352 , 25
10 , 1 , 20 , 0 , 3.7488870887 , 42.96 , 3.538135102 , 25
10 , 1 , 30 , 0 , 3.1395839355 , 42.976 , 3.12528782674 , 25
10 , 1 , 40 , 0 , 2.83398205802 , 43.012 , 2.91750852612 , 25
11 ,  ,  ,  , 27.4653072167 , 0.333333333333 , 6.47817134692
11 , 0.1 , 10 , 0 , 13.792614025 , 40.964 , 6.47817134692 , 25
11 , 0.1 , 20 , 0 , 7.33217088063 , 40.896 , 4.35582185127 , 25
11 , 0.1 , 30 , 0 , 4.90865147757 , 40.244 , 3.57161924062 , 25
11 , 0.1 , 40 , 0 , 3.9092422775 , 40.32 , 3.36475853517 , 25
11 , 0.25 , 10 , 0 , 7.14055036807 , 40.312 , 4.39984727008 , 25
11 , 0.25 , 20 , 0 , 3.55079019803 , 39.888 , 3.18299481621 , 25
11 , 0.25 , 30 , 0 , 3.15003411108 , 40.144 , 3.29533973969 , 25
11 , 0.25 , 40 , 0 , 3.10040098129 , 39.956 , 3.20718942378 , 25
11 , 0.5 , 10 , 0 , 5.26717043767 , 39.792 , 3.99458833924 , 25
11 , 0.5 , 20 , 0 , 3.3331639388 , 40.208 , 3.21321272249 , 25
11 , 0.5 , 30 , 0 , 3.12196625317 , 40.152 , 3.38598523328 , 25
11 , 0.5 , 40 , 0 , 3.08499979171 , 40.212 , 3.17538281157 , 25
11 , 0.75 , 10 , 0 , 6.09236244964 , 39.628 , 4.35311566582 , 25
11 , 0.75 , 20 , 0 , 3.65830478278 , 39.816 , 3.33678647804 , 25
11 , 0.75 , 30 , 0 , 3.16068335876 , 39.736 , 3.16390644615 , 25
11 , 0.75 , 40 , 0 , 3.05049826383 , 40.036 , 3.06964232444 , 25
11 , 1 , 10 , 0 , 8.41472181918 , 39.84 , 5.58340397965 , 25
11 , 1 , 20 , 0 , 5.55027347343 , 40.02 , 4.40177237031 , 25
11 , 1 , 30 , 0 , 4.30500233705 , 39.752 , 3.79084370556 , 25
11 , 1 , 40 , 0 , 3.63806178179 , 40.024 , 3.53714913454 , 25
12 ,  ,  ,  , 27.4653072167 , 0.333333333333 , 8.93718434408
12 , 0.1 , 10 , 0 , 22.9625388561 , 34.356 , 8.93718434408 , 25
12 , 0.1 , 20 , 0 , 19.8144137888 , 34.616 , 7.79567469819 , 25
12 , 0.1 , 30 , 0 , 16.7737097047 , 34.676 , 7.22599640188 , 25
12 , 0.1 , 40 , 0 , 14.28677085 , 35.244 , 6.70436156543 , 25
12 , 0.25 , 10 , 0 , 20.1171359284 , 34.032 , 7.76652921195 , 25
12 , 0.25 , 20 , 0 , 15.2868562299 , 34.708 , 6.65572956181 , 25
12 , 0.25 , 30 , 0 , 12.0015935916 , 35.452 , 5.95211693434 , 25
12 , 0.25 , 40 , 0 , 9.52743063898 , 36.856 , 5.33996853923 , 25
12 , 0.5 , 10 , 0 , 17.7548053797 , 34.392 , 7.85712008308 , 25
12 , 0.5 , 20 , 0 , 13.1868349479 , 34.928 , 6.41270738456 , 25
12 , 0.5 , 30 , 0 , 10.6670405157 , 36.176 , 5.95458008595 , 25
12 , 0.5 , 40 , 0 , 9.35305318973 , 36.748 , 5.28549865197 , 25
12 , 0.75 , 10 , 0 , 16.3373505441 , 33.216 , 7.28789022969 , 25
12 , 0.75 , 20 , 0 , 12.3371489064 , 34.224 , 6.40607711474 , 25
12 , 0.75 , 30 , 0 , 10.7459256633 , 34.68 , 6.21881017559 , 25
12 , 0.75 , 40 , 0 , 9.92936328927 , 35.316 , 5.99967865806 , 25
12 , 1 , 10 , 0 , 14.8344641583 , 33.008 , 7.07502197876 , 25
12 , 1 , 20 , 0 , 11.3644343207 , 32.612 , 6.34424589687 , 25
12 , 1 , 30 , 0 , 9.66751754961 , 32.856 , 5.90078503252 , 25
12 , 1 , 40 , 0 , 8.57257613287 , 32.928 , 5.58308301926 , 25
13 ,  ,  ,  , 17.5777966187 , 0.333333333333 , 7.20880267017
13 , 0.1 , 10 , 0 , 5.71041801591 , 88.48125 , 7.20880267017 , 16
13 , 0.1 , 20 , 0 , 2.60920370539 , 94.875 , 4.625 , 16
13 , 0.1 , 30 , 0 , 1.61454969647 , 96.2625 , 3.814016092 , 16
13 , 0.1 , 40 , 0 , 1.21948795646 , 96.7125 , 3.25554814893 , 16
13 , 0.25 , 10 , 0 , 3.23641567335 , 93.46875 , 5.24022527545 , 16
13 , 0.25 , 20 , 0 , 1.35936561166 , 96.6 , 3.44637490706 , 16
13 , 0.25 , 30 , 0 , 1.09125416319 , 96.9875 , 3.23358837053 , 16
13 , 0.25 , 40 , 0 , 1.0515065623 , 96.84375 , 3.13731946692 , 16
13 , 0.5 , 10 , 0 , 3.2980506119 , 92.475 , 5.42845512093 , 16
13 , 0.5 , 20 , 0 , 2.00330087424 , 95.25 , 4.39459895781 , 16
13 , 0.5 , 30 , 0 , 1.52130731535 , 96.08125 , 3.65435848508 , 16
13 , 0.5 , 40 , 0 , 1.26908920586 , 96.725 , 3.37398132775 , 16
13 , 0.75 , 10 , 0 , 4.02875014137 , 90.09375 , 6.27736198076 , 16
13 , 0.75 , 20 , 0 , 3.13877863131 , 92.35625 , 5.62941146458 , 16
13 , 0.75 , 30 , 0 , 2.48313101834 , 94.2125 , 4.90744014227 , 16
13 , 0.75 , 40 , 0 , 2.04760882351 , 95.34375 , 4.3659504621 , 16
13 , 1 , 10 , 0 , 4.96650131861 , 86.75 , 6.58952767655 , 16
13 , 1 , 20 , 0 , 4.28929721209 , 89.4625 , 6.77023587108 , 16
13 , 1 , 30 , 0 , 3.72322746942 , 91.3875 , 5.81994147307 , 16
13 , 1 , 40 , 0 , 3.107684827 , 93.1 , 5.34433110875 , 16
14 ,  ,  ,  , 16.47918433 , 0.333333333333 , 11.0574982101
14 , 0.1 , 10 , 0 , 13.9910297544 , 35.6133333333 , 11.0574982101 , 15
14 , 0.1 , 20 , 0 , 11.5756530018 , 36.12 , 10.6984443314 , 15
14 , 0.1 , 30 , 0 , 9.54092930934 , 36.3 , 8.91683800458 , 15
14 , 0.1 , 40 , 0 , 7.52640106167 , 36.5 , 8.23913425873 , 15
14 , 0.25 , 10 , 0 , 11.5759695506 , 34.8866666667 , 9.9302254646 , 15
14 , 0.25 , 20 , 0 , 7.22980199807 , 35.9933333333 , 8.0271732952 , 15
14 , 0.25 , 30 , 0 , 4.80547742819 , 36.54 , 6.79097113003 , 15
14 , 0.25 , 40 , 0 , 3.50421410777 , 36.7266666667 , 5.85726140027 , 15
14 , 0.5 , 10 , 0 , 9.00700964069 , 35.82 , 8.84400864365 , 15
14 , 0.5 , 20 , 0 , 3.93709098163 , 36.16 , 5.65773413617 , 15
14 , 0.5 , 30 , 0 , 1.93679398729 , 36.6866666667 , 4.07698690484 , 15
14 , 0.5 , 40 , 0 , 1.33133705556 , 36.5 , 3.46008991534 , 15
14 , 0.75 , 10 , 0 , 7.21030442482 , 34.9933333333 , 7.59239092776 , 15
14 , 0.75 , 20 , 0 , 3.22603953079 , 35.44 , 5.12138870056 , 15
14 , 0.75 , 30 , 0 , 2.01279580935 , 35.7333333333 , 4.16546649382 , 15
14 , 0.75 , 40 , 0 , 1.51249119353 , 36.1866666667 , 3.72866374635 , 15
14 , 1 , 10 , 0 , 6.25708666303 , 33.9333333333 , 7.03609740315 , 15
14 , 1 , 20 , 0 , 3.13994838558 , 33.0466666667 , 5.26266092391 , 15
14 , 1 , 30 , 0 , 2.36082273672 , 32.6466666667 , 4.78140379201 , 15
14 , 1 , 40 , 0 , 2.16545068622 , 32.6666666667 , 4.53137212479 , 15
15 ,  ,  ,  , 23.070858062 , 0.333333333333 , 10.4947443925
15 , 0.1 , 10 , 0 , 21.7631823051 , 40.3380952381 , 10.4947443925 , 21
15 , 0.1 , 20 , 0 , 21.3494125964 , 41.1238095238 , 10.4061555131 , 21
15 , 0.1 , 30 , 0 , 20.9146426028 , 41.1619047619 , 10.0894682523 , 21
15 , 0.1 , 40 , 0 , 20.5674079036 , 41.2857142857 , 10.4600525053 , 21
15 , 0.25 , 10 , 0 , 21.3105248433 , 40.2333333333 , 9.89445319771 , 21
15 , 0.25 , 20 , 0 , 20.5981628321 , 40.7666666667 , 10.0816159217 , 21
15 , 0.25 , 30 , 0 , 20.0756417893 , 41.8952380952 , 10.0353072843 , 21
15 , 0.25 , 40 , 0 , 19.7041261168 , 41.8714285714 , 9.47146448316 , 21
15 , 0.5 , 10 , 0 , 20.6565930283 , 40.8333333333 , 9.9799970008 , 21
15 , 0.5 , 20 , 0 , 20.0780448832 , 40.8142857143 , 9.74616501124 , 21
15 , 0.5 , 30 , 0 , 19.4630349764 , 42.2380952381 , 9.68798961896 , 21
15 , 0.5 , 40 , 0 , 19.0520946305 , 42.2571428571 , 9.5809287134 , 21
15 , 0.75 , 10 , 0 , 20.4527110003 , 40.6619047619 , 10.0344971865 , 21
15 , 0.75 , 20 , 0 , 19.6708450363 , 41.6952380952 , 10.0027932607 , 21
15 , 0.75 , 30 , 0 , 19.1071922722 , 42.1047619048 , 9.31075500323 , 21
15 , 0.75 , 40 , 0 , 18.7246043466 , 41.7285714286 , 9.32024227688 , 21
15 , 1 , 10 , 0 , 20.1186642257 , 41.6 , 9.75005552633 , 21
15 , 1 , 20 , 0 , 19.4368597319 , 41.6952380952 , 9.52674240555 , 21
15 , 1 , 30 , 0 , 18.8741309401 , 41.580952381 , 9.39457072908 , 21
15 , 1 , 40 , 0 , 18.4023846204 , 41.2857142857 , 9.11391749269 , 21
16 ,  ,  ,  , 21.9722457734 , 0.333333333333 , 9.47785708903
16 , 0.1 , 10 , 0 , 18.4341072261 , 32.235 , 9.47785708903 , 20
16 , 0.1 , 20 , 0 , 15.3746317379 , 31.125 , 8.90558111523 , 20
16 , 0.1 , 30 , 0 , 13.3661415973 , 30.275 , 8.09007880061 , 20
16 , 0.1 , 40 , 0 , 12.130001539 , 29.74 , 7.86017811503 , 20
16 , 0.25 , 10 , 0 , 14.5467417405 , 29.91 , 8.64823103299 , 20
16 , 0.25 , 20 , 0 , 11.4741728689 , 29.25 , 7.79663388906 , 20
16 , 0.25 , 30 , 0 , 10.3513118635 , 29.225 , 7.39759251378 , 20
16 , 0.25 , 40 , 0 , 9.47478081662 , 29.625 , 6.82893659364 , 20
16 , 0.5 , 10 , 0 , 11.7523072278 , 28.91 , 7.8715881498 , 20
16 , 0.5 , 20 , 0 , 9.7656938589 , 27.295 , 7.03263641887 , 20
16 , 0.5 , 30 , 0 , 8.37519574204 , 26.44 , 6.4981843618 , 20
16 , 0.5 , 40 , 0 , 7.27181530959 , 25.39 , 6.07847842803 , 20
16 , 0.75 , 10 , 0 , 10.9441206996 , 26.55 , 7.5761137795 , 20
16 , 0.75 , 20 , 0 , 8.70258740433 , 25.63 , 6.41116994003 , 20
16 , 0.75 , 30 , 0 , 7.14643997366 , 24.95 , 5.89470101023 , 20
16 , 0.75 , 40 , 0 , 6.33444916706 , 24.35 , 5.71204866926 , 20
16 , 1 , 10 , 0 , 10.4870497374 , 25.84 , 6.8734561903 , 20
16 , 1 , 20 , 0 , 8.14389876811 , 25.095 , 6.4316385937 , 20
16 , 1 , 30 , 0 , 7.12023157623 , 24.34 , 6.09215889484 , 20
16 , 1 , 40 , 0 , 6.29165901196 , 24.02 , 5.6911861681 , 20
17 ,  ,  ,  , 27.4653072167 , 0.333333333333 , 4.47767796966
17 , 0.1 , 10 , 0 , 5.71095864257 , 74.28 , 4.47767796966 , 25
17 , 0.1 , 20 , 0 , 2.04667891976 , 77.26 , 2.694512943 , 25
17 , 0.1 , 30 , 0 , 1.41831442684 , 77.796 , 2.2321254445 , 25
17 , 0.1 , 40 , 0 , 1.19158835318 , 77.876 , 2.10537977572 , 25
17 , 0.25 , 10 , 0 , 2.33148650057 , 77.176 , 2.82152866369 , 25
17 , 0.25 , 20 , 0 , 1.1346884788 , 77.948 , 2.07009564996 , 25
17 , 0.25 , 30 , 0 , 1.03208170423 , 78.048 , 1.99942391703 , 25
17 , 0.25 , 40 , 0 , 1.05987233737 , 77.884 , 1.99663316611 , 25
17 , 0.5 , 10 , 0 , 1.6601880114 , 77.644 , 2.35992881249 , 25
17 , 0.5 , 20 , 0 , 1.07367369959 , 77.996 , 2.01593253855 , 25
17 , 0.5 , 30 , 0 , 1.01212305946 , 78.16 , 1.9935897271 , 25
17 , 0.5 , 40 , 0 , 1.05220337991 , 77.928 , 1.99870357982 , 25
17 , 0.75 , 10 , 0 , 2.15343794025 , 77.112 , 2.63731985167 , 25
17 , 0.75 , 20 , 0 , 1.2354379052 , 77.864 , 2.08170699187 , 25
17 , 0.75 , 30 , 0 , 1.04682394978 , 78.056 , 2.01515855456 , 25
17 , 0.75 , 40 , 0 , 1.03296354929 , 78.04 , 1.99959995999 , 25
17 , 1 , 10 , 0 , 3.17860746359 , 76.36 , 3.34161637535 , 25
17 , 1 , 20 , 0 , 1.43932563207 , 77.752 , 2.27738797749 , 25
17 , 1 , 30 , 0 , 1.05605149593 , 78.012 , 1.99996399968 , 25
17 , 1 , 40 , 0 , 1.06296095457 , 78.012 , 2.0079482065 , 25
18 ,  ,  ,  , 17.5777966187 , 0.333333333333 , 11.1626819694
18 , 0.1 , 10 , 0 , 16.5045808651 , 32.5625 , 11.1626819694 , 16
18 , 0.1 , 20 , 0 , 15.0958499633 , 30.2125 , 10.7500799416 , 16
18 , 0.1 , 30 , 0 , 12.9077980751 , 28.89375 , 9.55426728941 , 16
18 , 0.1 , 40 , 0 , 11.4252588958 , 28.81875 , 9.13372656354 , 16
18 , 0.25 , 10 , 0 , 14.1226469618 , 29.75625 , 10.2238213716 , 16
18 , 0.25 , 20 , 0 , 10.3732465507 , 28.5625 , 8.77474180532 , 16
18 , 0.25 , 30 , 0 , 8.56008741381 , 28.18125 , 7.97437056685 , 16
18 , 0.25 , 40 , 0 , 7.7468845769 , 28.25625 , 7.97348878707 , 16
18 , 0.5 , 10 , 0 , 11.0221198355 , 28.475 , 9.09769888488 , 16
18 , 0.5 , 20 , 0 , 9.11483913071 , 28.20625 , 8.79415421957 , 16
18 , 0.5 , 30 , 0 , 8.11942076133 , 28.45 , 7.94339348138 , 16
18 , 0.5 , 40 , 0 , 7.6241866063 , 28.34375 , 8.10761360929 , 16
18 , 0.75 , 10 , 0 , 10.6267729701 , 29.56875 , 9.41375116186 , 16
18 , 0.75 , 20 , 0 , 9.90795639081 , 28.39375 , 8.95333169482 , 16
18 , 0.75 , 30 , 0 , 9.69860881393 , 28.4 , 8.90501965186 , 16
18 , 0.75 , 40 , 0 , 9.61098428918 , 28.0625 , 8.5465179313 , 16
18 , 1 , 10 , 0 , 10.7353016206 , 30.38125 , 9.37849726435 , 16
18 , 1 , 20 , 0 , 10.3124346983 , 30.54375 , 9.25808557087 , 16
18 , 1 , 30 , 0 , 10.0425457743 , 30.83125 , 8.78233089433 , 16
18 , 1 , 40 , 0 , 9.73089786308 , 31.025 , 9.03271830625 , 16
19 ,  ,  ,  , 27.4653072167 , 0.333333333333 , 5.17435986379
19 , 0.1 , 10 , 0 , 8.55361737036 , 46.1 , 5.17435986379 , 25
19 , 0.1 , 20 , 0 , 3.94518835531 , 46.944 , 3.43698472502 , 25
19 , 0.1 , 30 , 0 , 2.54030556973 , 47.02 , 2.91472125597 , 25
19 , 0.1 , 40 , 0 , 2.08924648287 , 47.036 , 2.773932948 , 25
19 , 0.25 , 10 , 0 , 3.95661920587 , 46.932 , 3.43560416812 , 25
19 , 0.25 , 20 , 0 , 1.93713534788 , 47.004 , 2.74517467568 , 25
19 , 0.25 , 30 , 0 , 1.77956993578 , 46.956 , 2.69185140749 , 25
19 , 0.25 , 40 , 0 , 1.72679682205 , 46.824 , 2.76424022111 , 25
19 , 0.5 , 10 , 0 , 3.67130955663 , 46.744 , 3.68218196183 , 25
19 , 0.5 , 20 , 0 , 2.37659814269 , 47.008 , 2.96242063185 , 25
19 , 0.5 , 30 , 0 , 1.97364613019 , 46.94 , 2.64355820817 , 25
19 , 0.5 , 40 , 0 , 1.81331185342 , 46.984 , 2.66978351182 , 25
19 , 0.75 , 10 , 0 , 3.89099172509 , 46.604 , 3.76340058989 , 25
19 , 0.75 , 20 , 0 , 2.39458141284 , 47.084 , 2.88599099098 , 25
19 , 0.75 , 30 , 0 , 2.02545211567 , 47.04 , 2.84084494473 , 25
19 , 0.75 , 40 , 0 , 1.80892378147 , 47.024 , 2.70839878895 , 25
19 , 1 , 10 , 0 , 2.87320877613 , 45.392 , 3.44301263431 , 25
19 , 1 , 20 , 0 , 2.31285080263 , 46.148 , 3.18654923075 , 25
19 , 1 , 30 , 0 , 2.18254766374 , 46.508 , 3.04597045291 , 25
19 , 1 , 40 , 0 , 2.11691935182 , 46.652 , 2.8381148673 , 25
20 ,  ,  ,  , 27.4653072167 , 0.333333333333 , 8.6221704924
20 , 0.1 , 10 , 0 , 21.1412570571 , 40.776 , 8.6221704924 , 25
20 , 0.1 , 20 , 0 , 16.6549983955 , 41.36 , 8.12541691238 , 25
20 , 0.1 , 30 , 0 , 13.8096601585 , 42.448 , 7.32716152408 , 25
20 , 0.1 , 40 , 0 , 11.9460481345 , 43.048 , 7.0146771843 , 25
20 , 0.25 , 10 , 0 , 16.5431907165 , 43.272 , 7.8535352549 , 25
20 , 0.25 , 20 , 0 , 11.705822771 , 44.312 , 6.79754779314 , 25
20 , 0.25 , 30 , 0 , 9.69428045746 , 44.492 , 5.89219280065 , 25
20 , 0.25 , 40 , 0 , 8.87920810372 , 44.376 , 5.85035246801 , 25
20 , 0.5 , 10 , 0 , 14.6130650881 , 44.988 , 7.23545824395 , 25
20 , 0.5 , 20 , 0 , 10.4055500482 , 45.3 , 6.1153904209 , 25
20 , 0.5 , 30 , 0 , 8.92617674222 , 44.936 , 5.67837159756 , 25
20 , 0.5 , 40 , 0 , 8.20392554413 , 44.756 , 5.26919955971 , 25
20 , 0.75 , 10 , 0 , 14.736816973 , 48.108 , 7.89964151085 , 25
20 , 0.75 , 20 , 0 , 12.4798802188 , 49.96 , 7.04942550851 , 25
20 , 0.75 , 30 , 0 , 11.4311194047 , 50.236 , 6.70106737766 , 25
20 , 0.75 , 40 , 0 , 10.7911950939 , 50.536 , 6.4597758475 , 25
20 , 1 , 10 , 0 , 12.424958066 , 52.388 , 6.66644252957 , 25
20 , 1 , 20 , 0 , 9.24743583056 , 53.112 , 5.80029792338 , 25
20 , 1 , 30 , 0 , 8.23638240477 , 52.444 , 5.19180739242 , 25
20 , 1 , 40 , 0 , 7.5038687221 , 52.344 , 5.29543803665 , 25
21 ,  ,  ,  , 27.4653072167 , 0.333333333333 , 7.4976593681
21 , 0.1 , 10 , 0 , 18.4826748241 , 36.348 , 7.4976593681 , 25
21 , 0.1 , 20 , 0 , 12.2180042212 , 37.66 , 6.48786559664 , 25
21 , 0.1 , 30 , 0 , 9.36390270668 , 37.804 , 5.80978347273 , 25
21 , 0.1 , 40 , 0 , 7.72416257522 , 37.9 , 5.47777327023 , 25
21 , 0.25 , 10 , 0 , 12.4018828822 , 36.512 , 6.52333166411 , 25
21 , 0.25 , 20 , 0 , 7.56103914975 , 37.872 , 5.49177712585 , 25
21 , 0.25 , 30 , 0 , 6.24243983164 , 38.384 , 5.19196918327 , 25
21 , 0.25 , 40 , 0 , 5.65491920131 , 38.984 , 5.04298958952 , 25
21 , 0.5 , 10 , 0 , 10.617462136 , 34.792 , 6.4854248897 , 25
21 , 0.5 , 20 , 0 , 7.0100905764 , 35.904 , 5.63904105323 , 25
21 , 0.5 , 30 , 0 , 6.09916726526 , 37.072 , 5.02183392796 , 25
21 , 0.5 , 40 , 0 , 5.57959615738 , 37.636 , 5.11893582691 , 25
21 , 0.75 , 10 , 0 , 11.5112773161 , 32.408 , 6.49380751178 , 25
21 , 0.75 , 20 , 0 , 9.4570263277 , 32.548 , 5.80238709498 , 25
21 , 0.75 , 30 , 0 , 8.35630096959 , 32.26 , 5.56097113821 , 25
21 , 0.75 , 40 , 0 , 7.58274344321 , 32.0 , 5.16604297311 , 25
21 , 1 , 10 , 0 , 8.56943362877 , 32.688 , 5.63477204508 , 25
21 , 1 , 20 , 0 , 5.76012753672 , 31.396 , 5.02505562158 , 25
21 , 1 , 30 , 0 , 4.62753213439 , 31.0 , 4.34787304322 , 25
21 , 1 , 40 , 0 , 3.93900365078 , 30.38 , 4.20090466447 , 25
22 ,  ,  ,  , 27.4653072167 , 0.333333333333 , 8.68298934699
22 , 0.1 , 10 , 0 , 24.5972537662 , 32.736 , 8.68298934699 , 25
22 , 0.1 , 20 , 0 , 22.3939964004 , 33.136 , 8.48466286897 , 25
22 , 0.1 , 30 , 0 , 20.9279886167 , 33.292 , 8.59457596394 , 25
22 , 0.1 , 40 , 0 , 19.7240440708 , 33.88 , 8.15166240714 , 25
22 , 0.25 , 10 , 0 , 22.5431283171 , 33.376 , 8.57686562796 , 25
22 , 0.25 , 20 , 0 , 20.0040754065 , 33.608 , 7.86119176716 , 25
22 , 0.25 , 30 , 0 , 17.8990123001 , 34.268 , 7.92314180108 , 25
22 , 0.25 , 40 , 0 , 16.4883236991 , 34.88 , 7.44859718336 , 25
22 , 0.5 , 10 , 0 , 21.5499041561 , 34.292 , 8.18063176044 , 25
22 , 0.5 , 20 , 0 , 18.53644926 , 35.08 , 7.92272680332 , 25
22 , 0.5 , 30 , 0 , 16.2526561151 , 35.528 , 7.23555222495 , 25
22 , 0.5 , 40 , 0 , 14.4629430668 , 35.492 , 6.84324016822 , 25
22 , 0.75 , 10 , 0 , 21.2390752778 , 34.912 , 8.36374652892 , 25
22 , 0.75 , 20 , 0 , 18.3161283202 , 36.056 , 7.91939795692 , 25
22 , 0.75 , 30 , 0 , 16.5626954638 , 36.548 , 7.04071700894 , 25
22 , 0.75 , 40 , 0 , 15.1879797606 , 36.996 , 6.90391077578 , 25
22 , 1 , 10 , 0 , 21.296465295 , 35.216 , 8.18152455231 , 25
22 , 1 , 20 , 0 , 18.6986388202 , 37.208 , 7.9203999899 , 25
22 , 1 , 30 , 0 , 17.4195639841 , 37.144 , 7.81813686245 , 25
22 , 1 , 40 , 0 , 16.462428843 , 38.068 , 7.64378021662 , 25
23 ,  ,  ,  , 17.5777966187 , 0.333333333333 , 12.6657202223
23 , 0.1 , 10 , 0 , 13.8138656198 , 46.2125 , 12.6657202223 , 16
23 , 0.1 , 20 , 0 , 10.8946416661 , 49.23125 , 10.7708210429 , 16
23 , 0.1 , 30 , 0 , 9.08459293584 , 50.075 , 10.5805245617 , 16
23 , 0.1 , 40 , 0 , 7.6141614043 , 50.4375 , 9.55473540973 , 16
23 , 0.25 , 10 , 0 , 11.1144895689 , 48.39375 , 11.5497412715 , 16
23 , 0.25 , 20 , 0 , 8.015129856 , 49.78125 , 9.71020524693 , 16
23 , 0.25 , 30 , 0 , 6.58290647463 , 50.75 , 8.95649205884 , 16
23 , 0.25 , 40 , 0 , 5.51571887303 , 51.2625 , 7.90864835165 , 16
23 , 0.5 , 10 , 0 , 9.84088500782 , 47.7625 , 11.3465234213 , 16
23 , 0.5 , 20 , 0 , 7.84576535514 , 49.25 , 9.78199877326 , 16
23 , 0.5 , 30 , 0 , 6.6675813817 , 49.56875 , 8.84819676191 , 16
23 , 0.5 , 40 , 0 , 5.78697470349 , 50.225 , 8.07364539722 , 16
23 , 0.75 , 10 , 0 , 10.04870389 , 47.9375 , 10.787543453 , 16
23 , 0.75 , 20 , 0 , 7.88624375573 , 49.00625 , 9.98772488796 , 16
23 , 0.75 , 30 , 0 , 6.99922256746 , 49.4375 , 9.47426613253 , 16
23 , 0.75 , 40 , 0 , 6.43413406553 , 49.00625 , 9.0045973501 , 16
23 , 1 , 10 , 0 , 11.1307661401 , 47.325 , 11.2096777385 , 16
23 , 1 , 20 , 0 , 8.56021177853 , 50.05 , 9.55644416088 , 16
23 , 1 , 30 , 0 , 6.89678007238 , 51.775 , 8.78418322896 , 16
23 , 1 , 40 , 0 , 5.87371837728 , 52.8625 , 8.22590230613 , 16
24 ,  ,  ,  , 23.070858062 , 0.333333333333 , 9.47381999545
24 , 0.1 , 10 , 0 , 20.4101373502 , 35.1952380952 , 9.47381999545 , 21
24 , 0.1 , 20 , 0 , 18.71525243 , 35.8428571429 , 9.03416418098 , 21
24 , 0.1 , 30 , 0 , 17.838425656 , 37.0142857143 , 8.86209666894 , 21
24 , 0.1 , 40 , 0 , 17.0523337246 , 37.0476190476 , 8.77483517944 , 21
24 , 0.25 , 10 , 0 , 18.640458463 , 36.0761904762 , 9.49546257556 , 21
24 , 0.25 , 20 , 0 , 17.0867047497 , 37.4619047619 , 8.92817268951 , 21
24 , 0.25 , 30 , 0 , 15.8673054708 , 38.4904761905 , 8.52914305069 , 21
24 , 0.25 , 40 , 0 , 14.8408422043 , 40.1 , 8.36220712112 , 21
24 , 0.5 , 10 , 0 , 17.634578966 , 36.919047619 , 9.09510221788 , 21
24 , 0.5 , 20 , 0 , 15.9752079783 , 39.5857142857 , 8.68056316553 , 21
24 , 0.5 , 30 , 0 , 14.4886711534 , 40.6380952381 , 8.35282618132 , 21
24 , 0.5 , 40 , 0 , 13.5399361778 , 42.6142857143 , 8.00849747119 , 21
24 , 0.75 , 10 , 0 , 17.2553310424 , 38.080952381 , 9.43649378562 , 21
24 , 0.75 , 20 , 0 , 15.4387896902 , 40.9238095238 , 8.78718402986 , 21
24 , 0.75 , 30 , 0 , 13.7137396158 , 42.419047619 , 8.06371453261 , 21
24 , 0.75 , 40 , 0 , 12.5498820254 , 43.0904761905 , 7.39644916953 , 21
24 , 1 , 10 , 0 , 17.0774740015 , 38.8761904762 , 8.9101129835 , 21
24 , 1 , 20 , 0 , 15.2138566237 , 40.9142857143 , 8.30476190476 , 21
24 , 1 , 30 , 0 , 13.4677306125 , 42.0571428571 , 7.8155841758 , 21
24 , 1 , 40 , 0 , 12.0353727927 , 43.6666666667 , 7.5609391251 , 21
25 ,  ,  ,  , 27.4653072167 , 0.333333333333 , 8.66418467024
25 , 0.1 , 10 , 0 , 24.8566746818 , 34.648 , 8.66418467024 , 25
25 , 0.1 , 20 , 0 , 23.6077036244 , 35.616 , 9.05165973731 , 25
25 , 0.1 , 30 , 0 , 21.902376112 , 37.204 , 8.71081993844 , 25
25 , 0.1 , 40 , 0 , 20.2905163932 , 37.308 , 8.32352905924 , 25
25 , 0.25 , 10 , 0 , 24.1950270328 , 36.588 , 9.09275843735 , 25
25 , 0.25 , 20 , 0 , 21.5535203531 , 38.284 , 8.3799369926 , 25
25 , 0.25 , 30 , 0 , 18.9300078601 , 40.164 , 7.78646928974 , 25
25 , 0.25 , 40 , 0 , 16.8571006395 , 40.832 , 7.67409773198 , 25
25 , 0.5 , 10 , 0 , 23.9248151219 , 38.216 , 8.93987382461 , 25
25 , 0.5 , 20 , 0 , 21.2264122151 , 40.352 , 8.22508942201 , 25
25 , 0.5 , 30 , 0 , 18.586672213 , 42.292 , 8.01266098122 , 25
25 , 0.5 , 40 , 0 , 16.6861980556 , 44.388 , 7.54675135406 , 25
25 , 0.75 , 10 , 0 , 23.8844090806 , 38.444 , 8.58247423532 , 25
25 , 0.75 , 20 , 0 , 21.2239653963 , 40.436 , 8.37244910406 , 25
25 , 0.75 , 30 , 0 , 18.832257652 , 43.948 , 8.11401848655 , 25
25 , 0.75 , 40 , 0 , 16.9290503291 , 44.992 , 7.86943047495 , 25
25 , 1 , 10 , 0 , 23.3677562792 , 38.052 , 8.52275166833 , 25
25 , 1 , 20 , 0 , 20.4575641759 , 39.7 , 8.5110516389 , 25
25 , 1 , 30 , 0 , 18.033920081 , 41.544 , 8.17704494301 , 25
25 , 1 , 40 , 0 , 16.1343555024 , 42.192 , 7.41209390119 , 25
26 ,  ,  ,  , 20.8736334847 , 0.333333333333 , 10.1006993532
26 , 0.1 , 10 , 0 , 19.1585213463 , 37.7526315789 , 10.1006993532 , 19
26 , 0.1 , 20 , 0 , 18.3298692397 , 38.6947368421 , 10.425963755 , 19
26 , 0.1 , 30 , 0 , 17.5913979208 , 39.0947368421 , 9.98172290959 , 19
26 , 0.1 , 40 , 0 , 16.5286528167 , 39.9315789474 , 9.81608014244 , 19
26 , 0.25 , 10 , 0 , 18.3305179341 , 38.5157894737 , 10.3977357433 , 19
26 , 0.25 , 20 , 0 , 16.6298096966 , 40.0210526316 , 9.77472573313 , 19
26 , 0.25 , 30 , 0 , 15.3375924592 , 40.7263157895 , 9.34615331125 , 19
26 , 0.25 , 40 , 0 , 14.3040735632 , 41.3631578947 , 8.87762134047 , 19
26 , 0.5 , 10 , 0 , 17.6085717597 , 39.6210526316 , 10.1909959715 , 19
26 , 0.5 , 20 , 0 , 15.8065566751 , 40.4210526316 , 9.51977094163 , 19
26 , 0.5 , 30 , 0 , 14.6591719465 , 40.8947368421 , 8.90874014491 , 19
26 , 0.5 , 40 , 0 , 13.685039052 , 40.4947368421 , 8.36885798264 , 19
26 , 0.75 , 10 , 0 , 17.3851442643 , 38.6736842105 , 10.0509725829 , 19
26 , 0.75 , 20 , 0 , 16.1672566701 , 38.3473684211 , 9.81011406407 , 19
26 , 0.75 , 30 , 0 , 14.6795966204 , 38.5473684211 , 9.09022792714 , 19
26 , 0.75 , 40 , 0 , 13.4365042629 , 38.8473684211 , 8.62232976852 , 19
26 , 1 , 10 , 0 , 16.8719429216 , 37.1684210526 , 9.55832945916 , 19
26 , 1 , 20 , 0 , 14.8715698874 , 35.0684210526 , 8.92168294622 , 19
26 , 1 , 30 , 0 , 13.2140888906 , 33.5789473684 , 8.74318095983 , 19
26 , 1 , 40 , 0 , 11.5523821825 , 32.3 , 8.0135463565 , 19
27 ,  ,  ,  , 27.4653072167 , 0.333333333333 , 8.91910309392
27 , 0.1 , 10 , 0 , 23.2066200136 , 43.16 , 8.91910309392 , 25
27 , 0.1 , 20 , 0 , 20.8703904024 , 44.664 , 8.20189636609 , 25
27 , 0.1 , 30 , 0 , 19.6687871594 , 44.972 , 7.9477805707 , 25
27 , 0.1 , 40 , 0 , 18.8345193468 , 45.192 , 7.68291194795 , 25
27 , 0.25 , 10 , 0 , 20.5061833599 , 45.272 , 8.08047127338 , 25
27 , 0.25 , 20 , 0 , 18.1620109232 , 45.16 , 7.55131776579 , 25
27 , 0.25 , 30 , 0 , 17.1560932962 , 45.412 , 7.39988216122 , 25
27 , 0.25 , 40 , 0 , 16.4558673133 , 44.952 , 7.10307651655 , 25
27 , 0.5 , 10 , 0 , 18.9394104263 , 46.02 , 7.64614935768 , 25
27 , 0.5 , 20 , 0 , 16.9958063942 , 45.808 , 7.29459635621 , 25
27 , 0.5 , 30 , 0 , 16.006439918 , 44.524 , 6.67393616991 , 25
27 , 0.5 , 40 , 0 , 15.1763908132 , 44.24 , 6.81222430635 , 25
27 , 0.75 , 10 , 0 , 18.5335241422 , 45.716 , 7.82709039171 , 25
27 , 0.75 , 20 , 0 , 16.5233539097 , 45.18 , 7.24869643453 , 25
27 , 0.75 , 30 , 0 , 15.2660863231 , 44.816 , 6.71045035746 , 25
27 , 0.75 , 40 , 0 , 14.2345513375 , 44.508 , 6.47811207066 , 25
27 , 1 , 10 , 0 , 18.7799791654 , 45.084 , 7.86033994176 , 25
27 , 1 , 20 , 0 , 17.2307051526 , 45.468 , 7.43646259992 , 25
27 , 1 , 30 , 0 , 15.4048046149 , 44.632 , 6.81297115802 , 25
27 , 1 , 40 , 0 , 13.9628729233 , 45.008 , 6.81233704392 , 25
28 ,  ,  ,  , 27.4653072167 , 0.333333333333 , 7.99663529242
28 , 0.1 , 10 , 0 , 18.8968722333 , 40.232 , 7.99663529242 , 25
28 , 0.1 , 20 , 0 , 11.8766803851 , 41.412 , 6.36288110843 , 25
28 , 0.1 , 30 , 0 , 7.07195849556 , 41.696 , 5.02191039347 , 25
28 , 0.1 , 40 , 0 , 4.52884684799 , 41.924 , 4.02718561777 , 25
28 , 0.25 , 10 , 0 , 14.377377638 , 42.056 , 6.93259431959 , 25
28 , 0.25 , 20 , 0 , 6.19292018475 , 42.224 , 4.32456055571 , 25
28 , 0.25 , 30 , 0 , 2.82276195806 , 41.892 , 2.87686217953 , 25
28 , 0.25 , 40 , 0 , 1.74817904801 , 41.84 , 2.37453153274 , 25
28 , 0.5 , 10 , 0 , 13.1396504995 , 41.992 , 6.399995 , 25
28 , 0.5 , 20 , 0 , 6.21621029207 , 41.572 , 3.93659954783 , 25
28 , 0.5 , 30 , 0 , 3.43996101851 , 41.468 , 3.05237219225 , 25
28 , 0.5 , 40 , 0 , 2.36999122113 , 41.528 , 2.62929952649 , 25
28 , 0.75 , 10 , 0 , 13.6016999137 , 41.876 , 6.90163922558 , 25
28 , 0.75 , 20 , 0 , 8.32339591404 , 40.172 , 5.01063029967 , 25
28 , 0.75 , 30 , 0 , 6.24644208707 , 39.788 , 4.34914428365 , 25
28 , 0.75 , 40 , 0 , 4.84649115813 , 39.328 , 3.87768178168 , 25
28 , 1 , 10 , 0 , 13.2657253017 , 41.852 , 7.08421456479 , 25
28 , 1 , 20 , 0 , 8.88658392896 , 40.612 , 5.61083380613 , 25
28 , 1 , 30 , 0 , 6.70044107559 , 39.524 , 4.99734169334 , 25
28 , 1 , 40 , 0 , 5.32677530198 , 39.308 , 4.46689332758 , 25
29 ,  ,  ,  , 16.47918433 , 0.333333333333 , 11.7886499086
29 , 0.1 , 10 , 0 , 14.9800800683 , 35.4533333333 , 11.7886499086 , 15
29 , 0.1 , 20 , 0 , 14.0192821107 , 36.8933333333 , 11.7470450185 , 15
29 , 0.1 , 30 , 0 , 12.9972812645 , 37.36 , 11.4681859459 , 15
29 , 0.1 , 40 , 0 , 12.0819601271 , 37.88 , 10.7638819928 , 15
29 , 0.25 , 10 , 0 , 14.0357291178 , 37.04 , 11.2996833781 , 15
29 , 0.25 , 20 , 0 , 11.8417635521 , 38.2866666667 , 10.4199616122 , 15
29 , 0.25 , 30 , 0 , 10.2150077417 , 39.5333333333 , 10.117311896 , 15
29 , 0.25 , 40 , 0 , 8.97299082275 , 40.3333333333 , 9.36542103224 , 15
29 , 0.5 , 10 , 0 , 12.9665531124 , 37.54 , 11.0047242381 , 15
29 , 0.5 , 20 , 0 , 10.1021087201 , 39.1333333333 , 9.66344773992 , 15
29 , 0.5 , 30 , 0 , 8.15794281116 , 40.32 , 8.68637758537 , 15
29 , 0.5 , 40 , 0 , 6.96238111617 , 40.88 , 8.28003220606 , 15
29 , 0.75 , 10 , 0 , 12.1902583936 , 38.6066666667 , 10.2790380008 , 15
29 , 0.75 , 20 , 0 , 9.20200906616 , 39.52 , 9.68117531891 , 15
29 , 0.75 , 30 , 0 , 7.31538355628 , 40.4333333333 , 8.49254575103 , 15
29 , 0.75 , 40 , 0 , 6.19875023444 , 41.0866666667 , 8.06206755946 , 15
29 , 1 , 10 , 0 , 11.9017712765 , 38.84 , 10.8560766394 , 15
29 , 1 , 20 , 0 , 8.80917576954 , 39.26 , 9.69462393976 , 15
29 , 1 , 30 , 0 , 7.07615919507 , 39.84 , 8.4732887489 , 15
29 , 1 , 40 , 0 , 6.12174816804 , 40.0066666667 , 7.72585558009 , 15
30 ,  ,  ,  , 18.6764089074 , 0.333333333333 , 10.5801210739
30 , 0.1 , 10 , 0 , 17.254603269 , 34.3647058824 , 10.5801210739 , 17
30 , 0.1 , 20 , 0 , 16.6868835422 , 33.7470588235 , 10.6498712568 , 17
30 , 0.1 , 30 , 0 , 16.037201077 , 33.3941176471 , 10.4974391341 , 17
30 , 0.1 , 40 , 0 , 15.3136738443 , 33.1176470588 , 9.7318725105 , 17
30 , 0.25 , 10 , 0 , 16.6551094373 , 34.0529411765 , 10.699544019 , 17
30 , 0.25 , 20 , 0 , 15.0423891182 , 33.0411764706 , 9.69127421177 , 17
30 , 0.25 , 30 , 0 , 13.740175112 , 33.5352941176 , 9.30750896768 , 17
30 , 0.25 , 40 , 0 , 12.6843392027 , 34.4823529412 , 8.85280633081 , 17
30 , 0.5 , 10 , 0 , 15.6423498295 , 32.4294117647 , 9.49928243511 , 17
30 , 0.5 , 20 , 0 , 13.6915945619 , 32.3411764706 , 9.32681515679 , 17
30 , 0.5 , 30 , 0 , 12.2865744332 , 33.4647058824 , 8.98341224156 , 17
30 , 0.5 , 40 , 0 , 10.9280892038 , 34.8352941176 , 8.35608060307 , 17
30 , 0.75 , 10 , 0 , 15.1351448398 , 31.5235294118 , 10.4137900988 , 17
30 , 0.75 , 20 , 0 , 13.0165593476 , 31.9941176471 , 9.12481501922 , 17
30 , 0.75 , 30 , 0 , 11.5640858066 , 33.2294117647 , 8.63684671088 , 17
30 , 0.75 , 40 , 0 , 10.2741128664 , 34.4882352941 , 8.06597149721 , 17
30 , 1 , 10 , 0 , 14.6570814831 , 30.5588235294 , 9.69602886642 , 17
30 , 1 , 20 , 0 , 12.6243542361 , 31.5588235294 , 9.17302914352 , 17
30 , 1 , 30 , 0 , 11.1153023196 , 33.0941176471 , 8.44301886022 , 17
30 , 1 , 40 , 0 , 10.0062656892 , 34.2647058824 , 8.20662024934 , 17
31 ,  ,  ,  , 24.1694703507 , 0.333333333333 , 8.93756003274
31 , 0.1 , 10 , 0 , 19.4509768243 , 32.0590909091 , 8.93756003274 , 22
31 , 0.1 , 20 , 0 , 15.9918078509 , 33.2363636364 , 8.46316276382 , 22
31 , 0.1 , 30 , 0 , 13.5587741555 , 33.5772727273 , 7.55042415753 , 22
31 , 0.1 , 40 , 0 , 11.6294223665 , 34.5818181818 , 6.90301167954 , 22
31 , 0.25 , 10 , 0 , 14.4853921498 , 34.4045454545 , 7.83249086965 , 22
31 , 0.25 , 20 , 0 , 9.30853297837 , 36.1227272727 , 6.29867984332 , 22
31 , 0.25 , 30 , 0 , 7.05874705641 , 37.3909090909 , 5.66438051437 , 22
31 , 0.25 , 40 , 0 , 6.10339399577 , 37.2045454545 , 5.32570369385 , 22
31 , 0.5 , 10 , 0 , 8.77071467565 , 36.9181818182 , 6.02185413911 , 22
31 , 0.5 , 20 , 0 , 5.88271446222 , 37.1954545455 , 5.44224180534 , 22
31 , 0.5 , 30 , 0 , 5.56423258717 , 37.5136363636 , 5.12043184839 , 22
31 , 0.5 , 40 , 0 , 5.52476889137 , 37.6727272727 , 5.06375877117 , 22
31 , 0.75 , 10 , 0 , 6.82160252055 , 37.3454545455 , 5.62855764446 , 22
31 , 0.75 , 20 , 0 , 5.61169481337 , 37.4954545455 , 5.31059871179 , 22
31 , 0.75 , 30 , 0 , 5.56550583785 , 37.2227272727 , 5.2681778963 , 22
31 , 0.75 , 40 , 0 , 5.57915019552 , 37.65 , 5.23992737001 , 22
31 , 1 , 10 , 0 , 6.6057537432 , 37.3545454545 , 5.51571009492 , 22
31 , 1 , 20 , 0 , 5.56906931562 , 37.5363636364 , 5.22912220246 , 22
31 , 1 , 30 , 0 , 5.5341494696 , 37.5727272727 , 5.29549161126 , 22
31 , 1 , 40 , 0 , 5.58884690989 , 37.5818181818 , 5.43210535566 , 22
32 ,  ,  ,  , 20.8736334847 , 0.333333333333 , 9.97569900494
32 , 0.1 , 10 , 0 , 16.1686536202 , 45.8842105263 , 9.97569900494 , 19
32 , 0.1 , 20 , 0 , 12.623803517 , 49.4368421053 , 8.7699925931 , 19
32 , 0.1 , 30 , 0 , 10.4765198913 , 51.6052631579 , 7.57780510398 , 19
32 , 0.1 , 40 , 0 , 9.20534258006 , 52.2368421053 , 7.39726497334 , 19
32 , 0.25 , 10 , 0 , 13.0773097994 , 49.8263157895 , 8.82409035749 , 19
32 , 0.25 , 20 , 0 , 9.35982390989 , 52.2842105263 , 7.44256679876 , 19
32 , 0.25 , 30 , 0 , 7.49404024628 , 54.0368421053 , 6.57728610605 , 19
32 , 0.25 , 40 , 0 , 6.47157230477 , 54.6052631579 , 6.08885044347 , 19
32 , 0.5 , 10 , 0 , 11.8026301764 , 51.4105263158 , 8.37185629591 , 19
32 , 0.5 , 20 , 0 , 8.24166622129 , 53.6473684211 , 7.09209501025 , 19
32 , 0.5 , 30 , 0 , 6.5086780136 , 54.4263157895 , 6.24237817811 , 19
32 , 0.5 , 40 , 0 , 5.7041825239 , 54.7736842105 , 5.83558431704 , 19
32 , 0.75 , 10 , 0 , 11.8669125894 , 51.5368421053 , 8.17525487332 , 19
32 , 0.75 , 20 , 0 , 8.48932323776 , 53.2421052632 , 7.12092620575 , 19
32 , 0.75 , 30 , 0 , 6.90044756154 , 54.2 , 6.70137869802 , 19
32 , 0.75 , 40 , 0 , 6.15736252531 , 54.6210526316 , 6.43552295301 , 19
32 , 1 , 10 , 0 , 12.4625814998 , 49.2631578947 , 8.83583737745 , 19
32 , 1 , 20 , 0 , 9.34156044344 , 50.5578947368 , 7.44092896235 , 19
32 , 1 , 30 , 0 , 7.68471042488 , 49.8210526316 , 6.7541799923 , 19
32 , 1 , 40 , 0 , 6.48185005233 , 50.6842105263 , 6.52100802839 , 19
33 ,  ,  ,  , 27.4653072167 , 0.333333333333 , 7.79843574058
33 , 0.1 , 10 , 0 , 20.5662232707 , 33.42 , 7.79843574058 , 25
33 , 0.1 , 20 , 0 , 15.4969507137 , 33.772 , 7.00714035823 , 25
33 , 0.1 , 30 , 0 , 12.7804271792 , 33.872 , 6.45349641667 , 25
33 , 0.1 , 40 , 0 , 11.3971103985 , 34.672 , 6.15243171437 , 25
33 , 0.25 , 10 , 0 , 15.4179341894 , 32.52 , 7.04851757464 , 25
33 , 0.25 , 20 , 0 , 11.7127592965 , 33.516 , 6.32121380749 , 25
33 , 0.25 , 30 , 0 , 11.0465234438 , 34.364 , 6.15235759689 , 25
33 , 0.25 , 40 , 0 , 10.6676781159 , 35.308 , 6.4213032945 , 25
33 , 0.5 , 10 , 0 , 12.8401884647 , 29.112 , 6.25167625521 , 25
33 , 0.5 , 20 , 0 , 11.2620878823 , 28.704 , 6.3762358802 , 25
33 , 0.5 , 30 , 0 , 10.7149817865 , 28.52 , 6.48086413991 , 25
33 , 0.5 , 40 , 0 , 10.3467911447 , 28.812 , 6.27093740999 , 25
33 , 0.75 , 10 , 0 , 12.0932689377 , 27.632 , 6.41939062529 , 25
33 , 0.75 , 20 , 0 , 10.3201030889 , 27.196 , 5.95798489424 , 25
33 , 0.75 , 30 , 0 , 9.9088885834 , 27.136 , 5.91045717352 , 25
33 , 0.75 , 40 , 0 , 9.66022690557 , 27.936 , 6.20934006155 , 25
33 , 1 , 10 , 0 , 13.8759461856 , 28.14 , 6.59427024014 , 25
33 , 1 , 20 , 0 , 11.2430054619 , 27.656 , 6.27197448974 , 25
33 , 1 , 30 , 0 , 10.0348731519 , 26.924 , 6.24389493826 , 25
33 , 1 , 40 , 0 , 9.57454343772 , 27.164 , 5.89958507016 , 25
34 ,  ,  ,  , 21.9722457734 , 0.333333333333 , 8.85067087853
34 , 0.1 , 10 , 0 , 16.7339845669 , 28.375 , 8.85067087853 , 20
34 , 0.1 , 20 , 0 , 12.3060836005 , 28.28 , 7.12331383557 , 20
34 , 0.1 , 30 , 0 , 10.0704633519 , 27.87 , 7.0578396128 , 20
34 , 0.1 , 40 , 0 , 8.79144741437 , 28.46 , 6.62030210791 , 20
34 , 0.25 , 10 , 0 , 12.0060017065 , 28.015 , 7.33721847842 , 20
34 , 0.25 , 20 , 0 , 8.53980342309 , 28.435 , 6.48272897783 , 20
34 , 0.25 , 30 , 0 , 7.86372247912 , 28.05 , 6.24879988478 , 20
34 , 0.25 , 40 , 0 , 7.5629805073 , 28.545 , 6.44266831367 , 20
34 , 0.5 , 10 , 0 , 9.70409742188 , 27.835 , 6.80351196074 , 20
34 , 0.5 , 20 , 0 , 7.75780755602 , 28.23 , 6.73551037413 , 20
34 , 0.5 , 30 , 0 , 7.29675485598 , 28.175 , 6.48801780207 , 20
34 , 0.5 , 40 , 0 , 6.98362052231 , 28.765 , 6.42259877308 , 20
34 , 0.75 , 10 , 0 , 9.23174014755 , 28.115 , 6.77656070584 , 20
34 , 0.75 , 20 , 0 , 7.49453784471 , 27.985 , 6.53947819019 , 20
34 , 0.75 , 30 , 0 , 6.98678830238 , 28.565 , 6.03040421531 , 20
34 , 0.75 , 40 , 0 , 6.68242549438 , 28.52 , 6.39996874992 , 20
34 , 1 , 10 , 0 , 10.5912329645 , 28.365 , 7.17298926529 , 20
34 , 1 , 20 , 0 , 7.41349790712 , 27.88 , 6.12418157797 , 20
34 , 1 , 30 , 0 , 6.88122808008 , 27.95 , 6.04131608178 , 20
34 , 1 , 40 , 0 , 6.65937395275 , 27.675 , 6.04312626047 , 20
35 ,  ,  ,  , 27.4653072167 , 0.333333333333 , 9.19267882611
35 , 0.1 , 10 , 0 , 24.5982969023 , 46.784 , 9.19267882611 , 25
35 , 0.1 , 20 , 0 , 20.7335045837 , 50.364 , 8.60485351415 , 25
35 , 0.1 , 30 , 0 , 17.0948387195 , 53.152 , 7.8455653716 , 25
35 , 0.1 , 40 , 0 , 14.0711297231 , 55.02 , 6.39371566462 , 25
35 , 0.25 , 10 , 0 , 21.3305532198 , 47.8 , 8.37090198246 , 25
35 , 0.25 , 20 , 0 , 14.8320473256 , 51.78 , 7.20663583095 , 25
35 , 0.25 , 30 , 0 , 11.0277690253 , 54.304 , 6.27913879445 , 25
35 , 0.25 , 40 , 0 , 9.29439660702 , 55.36 , 5.44411608987 , 25
35 , 0.5 , 10 , 0 , 17.7351963262 , 47.356 , 8.05091696641 , 25
35 , 0.5 , 20 , 0 , 12.2165481557 , 49.76 , 6.89625985589 , 25
35 , 0.5 , 30 , 0 , 10.1368502742 , 51.448 , 6.04907397872 , 25
35 , 0.5 , 40 , 0 , 9.24575253002 , 52.076 , 5.89594979626 , 25
35 , 0.75 , 10 , 0 , 15.7386847283 , 46.628 , 7.70802283339 , 25
35 , 0.75 , 20 , 0 , 11.9089396384 , 48.564 , 6.92949521971 , 25
35 , 0.75 , 30 , 0 , 10.5562237545 , 49.42 , 6.49796891344 , 25
35 , 0.75 , 40 , 0 , 9.97398011222 , 49.46 , 6.19906444554 , 25
35 , 1 , 10 , 0 , 14.802972717 , 47.116 , 7.66515127052 , 25
35 , 1 , 20 , 0 , 12.4782242956 , 48.512 , 7.14155837335 , 25
35 , 1 , 30 , 0 , 11.2028656261 , 49.668 , 6.64182023244 , 25
35 , 1 , 40 , 0 , 10.4814446039 , 50.12 , 6.23935894143 , 25
36 ,  ,  ,  , 27.4653072167 , 0.333333333333 , 7.83963672628
36 , 0.1 , 10 , 0 , 17.4459788266 , 35.064 , 7.83963672628 , 25
36 , 0.1 , 20 , 0 , 11.7966526882 , 35.932 , 6.35573567732 , 25
36 , 0.1 , 30 , 0 , 9.22115379149 , 36.472 , 5.68798874823 , 25
36 , 0.1 , 40 , 0 , 7.84994958881 , 37.268 , 5.19462953443 , 25
36 , 0.25 , 10 , 0 , 11.6425712244 , 35.064 , 6.43645119612 , 25
36 , 0.25 , 20 , 0 , 7.46697535768 , 35.696 , 5.21570551316 , 25
36 , 0.25 , 30 , 0 , 6.00387086831 , 35.456 , 4.58083660481 , 25
36 , 0.25 , 40 , 0 , 5.41044230223 , 34.984 , 4.39178141533 , 25
36 , 0.5 , 10 , 0 , 8.01546132242 , 34.08 , 5.1156231292 , 25
36 , 0.5 , 20 , 0 , 5.27455934721 , 34.116 , 4.11272950727 , 25
36 , 0.5 , 30 , 0 , 4.48907341637 , 33.968 , 3.80722681226 , 25
36 , 0.5 , 40 , 0 , 4.27657815507 , 34.064 , 3.88173981611 , 25
36 , 0.75 , 10 , 0 , 8.02079151579 , 33.76 , 4.99663887028 , 25
36 , 0.75 , 20 , 0 , 6.34745955115 , 33.844 , 4.61732216766 , 25
36 , 0.75 , 30 , 0 , 5.63455889196 , 34.032 , 4.27071141615 , 25
36 , 0.75 , 40 , 0 , 5.04408721431 , 34.08 , 4.16 , 25
36 , 1 , 10 , 0 , 9.16628634008 , 33.896 , 5.61900204663 , 25
36 , 1 , 20 , 0 , 8.28866584733 , 34.02 , 5.37843843509 , 25
36 , 1 , 30 , 0 , 8.0426264268 , 33.8 , 5.20538183038 , 25
36 , 1 , 40 , 0 , 7.83099712114 , 34.164 , 5.46453145292 , 25
37 ,  ,  ,  , 16.47918433 , 0.333333333333 , 11.9252766099
37 , 0.1 , 10 , 0 , 16.0133006894 , 33.9 , 11.9252766099 , 15
37 , 0.1 , 20 , 0 , 16.1649665579 , 32.4666666667 , 11.5529697962 , 15
37 , 0.1 , 30 , 0 , 16.1319646589 , 31.8733333333 , 11.9611203489 , 15
37 , 0.1 , 40 , 0 , 15.8350468406 , 31.5 , 11.3399490495 , 15
37 , 0.25 , 10 , 0 , 16.2276609935 , 32.9933333333 , 11.8778954365 , 15
37 , 0.25 , 20 , 0 , 15.8025312489 , 30.94 , 11.5894952435 , 15
37 , 0.25 , 30 , 0 , 14.8444513996 , 29.5066666667 , 11.0161981746 , 15
37 , 0.25 , 40 , 0 , 13.7181762519 , 28.9266666667 , 10.5999559748 , 15
37 , 0.5 , 10 , 0 , 16.1090570848 , 32.1333333333 , 11.8501758074 , 15
37 , 0.5 , 20 , 0 , 14.9034514868 , 29.7133333333 , 11.3766837582 , 15
37 , 0.5 , 30 , 0 , 13.3348576431 , 29.24 , 10.5092636384 , 15
37 , 0.5 , 40 , 0 , 11.9731633006 , 28.3933333333 , 9.7249255924 , 15
37 , 0.75 , 10 , 0 , 15.6870652115 , 31.5733333333 , 11.6815219709 , 15
37 , 0.75 , 20 , 0 , 14.4359932986 , 28.7466666667 , 11.020498073 , 15
37 , 0.75 , 30 , 0 , 13.3646241385 , 27.9333333333 , 10.8687114641 , 15
37 , 0.75 , 40 , 0 , 12.3617923824 , 27.0333333333 , 9.97769735182 , 15
37 , 1 , 10 , 0 , 15.098914512 , 31.5466666667 , 11.8512559109 , 15
37 , 1 , 20 , 0 , 13.8638551563 , 28.62 , 10.9486701374 , 15
37 , 1 , 30 , 0 , 13.2185035116 , 27.36 , 11.0054208865 , 15
37 , 1 , 40 , 0 , 12.7640764218 , 25.8533333333 , 10.6689914133 , 15
38 ,  ,  ,  , 27.4653072167 , 0.333333333333 , 8.49221667175
38 , 0.1 , 10 , 0 , 21.0642583627 , 33.516 , 8.49221667175 , 25
38 , 0.1 , 20 , 0 , 15.8439167363 , 32.74 , 7.4926897707 , 25
38 , 0.1 , 30 , 0 , 13.0892000272 , 32.812 , 6.51618415946 , 25
38 , 0.1 , 40 , 0 , 11.7716437124 , 32.512 , 6.33923149916 , 25
38 , 0.25 , 10 , 0 , 15.0431446598 , 33.696 , 7.20024888459 , 25
38 , 0.25 , 20 , 0 , 10.9887970223 , 32.568 , 5.98108485143 , 25
38 , 0.25 , 30 , 0 , 9.44192735143 , 31.94 , 5.83612885396 , 25
38 , 0.25 , 40 , 0 , 8.5480980322 , 32.132 , 5.34851156865 , 25
38 , 0.5 , 10 , 0 , 11.3161625991 , 32.436 , 6.04399735275 , 25
38 , 0.5 , 20 , 0 , 8.13917539388 , 31.68 , 5.10309709882 , 25
38 , 0.5 , 30 , 0 , 7.55869547227 , 31.636 , 4.7239288733 , 25
38 , 0.5 , 40 , 0 , 7.48177048795 , 31.116 , 5.05673254187 , 25
38 , 0.75 , 10 , 0 , 11.0487587966 , 32.548 , 5.66283462587 , 25
38 , 0.75 , 20 , 0 , 8.21431958765 , 31.78 , 4.94121442562 , 25
38 , 0.75 , 30 , 0 , 7.53884182725 , 31.088 , 4.83655414526 , 25
38 , 0.75 , 40 , 0 , 7.34776165252 , 30.884 , 4.87796514953 , 25
38 , 1 , 10 , 0 , 12.354437388 , 36.032 , 6.28895667023 , 25
38 , 1 , 20 , 0 , 10.4110846709 , 35.992 , 5.46405856484 , 25
38 , 1 , 30 , 0 , 9.75473193783 , 36.784 , 5.48683369531 , 25
38 , 1 , 40 , 0 , 9.50918183003 , 37.18 , 5.29750884851 , 25
39 ,  ,  ,  , 19.775021196 , 0.333333333333 , 10.300124355
39 , 0.1 , 10 , 0 , 17.9685762493 , 30.2722222222 , 10.300124355 , 18
39 , 0.1 , 20 , 0 , 16.6664123873 , 29.5444444444 , 10.4834908426 , 18
39 , 0.1 , 30 , 0 , 15.4482483991 , 28.6944444444 , 9.48321291338 , 18
39 , 0.1 , 40 , 0 , 14.6749659822 , 27.85 , 9.42617677757 , 18
39 , 0.25 , 10 , 0 , 16.3678588362 , 29.6666666667 , 10.2656084111 , 18
39 , 0.25 , 20 , 0 , 14.1868506002 , 28.5666666667 , 9.2926294967 , 18
39 , 0.25 , 30 , 0 , 13.2424529091 , 28.6666666667 , 9.558784984 , 18
39 , 0.25 , 40 , 0 , 12.6380288591 , 28.8944444444 , 9.06185704403 , 18
39 , 0.5 , 10 , 0 , 14.2749322664 , 29.3333333333 , 9.69535971483 , 18
39 , 0.5 , 20 , 0 , 12.4858225796 , 28.5277777778 , 9.11310106995 , 18
39 , 0.5 , 30 , 0 , 11.660453958 , 29.0833333333 , 9.31243526782 , 18
39 , 0.5 , 40 , 0 , 10.9895776103 , 28.8 , 8.66051063416 , 18
39 , 0.75 , 10 , 0 , 13.6343540369 , 30.0055555556 , 9.77872312349 , 18
39 , 0.75 , 20 , 0 , 11.7354579921 , 29.1444444444 , 9.11768732861 , 18
39 , 0.75 , 30 , 0 , 10.6223224467 , 28.6222222222 , 8.69030963093 , 18
39 , 0.75 , 40 , 0 , 10.1554890258 , 29.45 , 8.506350206 , 18
39 , 1 , 10 , 0 , 13.5072310604 , 31.6944444444 , 9.99069783398 , 18
39 , 1 , 20 , 0 , 12.0825641831 , 32.2666666667 , 9.36096439054 , 18
39 , 1 , 30 , 0 , 11.0954150492 , 31.7555555556 , 9.39421939411 , 18
39 , 1 , 40 , 0 , 10.5378747136 , 32.3833333333 , 9.03654958461 , 18
40 ,  ,  ,  , 27.4653072167 , 0.333333333333 , 8.2536498593
40 , 0.1 , 10 , 0 , 23.1658141569 , 32.292 , 8.2536498593 , 25
40 , 0.1 , 20 , 0 , 19.3707926844 , 32.1 , 7.7236001968 , 25
40 , 0.1 , 30 , 0 , 15.433175166 , 32.156 , 6.81818626909 , 25
40 , 0.1 , 40 , 0 , 12.8771024475 , 31.296 , 6.21356451644 , 25
40 , 0.25 , 10 , 0 , 19.8945844532 , 32.94 , 7.92542743327 , 25
40 , 0.25 , 20 , 0 , 14.2534455446 , 31.936 , 6.39217521662 , 25
40 , 0.25 , 30 , 0 , 11.1600402982 , 31.372 , 5.98712084394 , 25
40 , 0.25 , 40 , 0 , 9.61679976562 , 31.044 , 5.48726379902 , 25
40 , 0.5 , 10 , 0 , 18.5645395368 , 33.268 , 7.81026094314 , 25
40 , 0.5 , 20 , 0 , 14.5572637589 , 32.332 , 6.62855761082 , 25
40 , 0.5 , 30 , 0 , 12.4397621706 , 32.092 , 6.39058182015 , 25
40 , 0.5 , 40 , 0 , 11.0851708168 , 31.704 , 5.89850692972 , 25
40 , 0.75 , 10 , 0 , 19.4314010039 , 32.816 , 7.93209581384 , 25
40 , 0.75 , 20 , 0 , 16.5118483191 , 33.196 , 7.29010178255 , 25
40 , 0.75 , 30 , 0 , 14.5836347278 , 32.844 , 6.80526737168 , 25
40 , 0.75 , 40 , 0 , 13.4145362141 , 32.652 , 6.5585742353 , 25
40 , 1 , 10 , 0 , 21.232749351 , 34.472 , 8.14083632067 , 25
40 , 1 , 20 , 0 , 19.7101320154 , 34.976 , 8.31429034855 , 25
40 , 1 , 30 , 0 , 18.3899568884 , 34.356 , 8.03002266497 , 25
40 , 1 , 40 , 0 , 17.3137345932 , 34.512 , 7.84001632651 , 25
41 ,  ,  ,  , 18.6764089074 , 0.333333333333 , 10.9081078382
41 , 0.1 , 10 , 0 , 16.5356325564 , 37.3 , 10.9081078382 , 17
41 , 0.1 , 20 , 0 , 14.8249993128 , 37.7117647059 , 9.97935411991 , 17
41 , 0.1 , 30 , 0 , 13.20224218 , 38.2764705882 , 9.08619051812 , 17
41 , 0.1 , 40 , 0 , 11.9507125855 , 38.2941176471 , 8.67701892584 , 17
41 , 0.25 , 10 , 0 , 14.8566809977 , 38.1647058824 , 9.45917470814 , 17
41 , 0.25 , 20 , 0 , 12.3015258285 , 38.3117647059 , 9.00178951836 , 17
41 , 0.25 , 30 , 0 , 10.6292692577 , 38.0823529412 , 7.99507633952 , 17
41 , 0.25 , 40 , 0 , 9.77480564904 , 38.9764705882 , 7.63375313009 , 17
41 , 0.5 , 10 , 0 , 12.891254911 , 38.3588235294 , 8.9511534893 , 17
41 , 0.5 , 20 , 0 , 9.36235737249 , 37.9294117647 , 7.69059102484 , 17
41 , 0.5 , 30 , 0 , 7.43532444445 , 36.8352941176 , 6.50088096239 , 17
41 , 0.5 , 40 , 0 , 6.28111679065 , 36.2176470588 , 6.22071269518 , 17
41 , 0.75 , 10 , 0 , 10.7913140471 , 41.0764705882 , 8.53389537329 , 17
41 , 0.75 , 20 , 0 , 7.83855163448 , 39.7294117647 , 6.72619215453 , 17
41 , 0.75 , 30 , 0 , 6.33011504728 , 38.6705882353 , 6.36959690294 , 17
41 , 0.75 , 40 , 0 , 5.4920696373 , 38.1941176471 , 5.59272575001 , 17
41 , 1 , 10 , 0 , 8.8268678155 , 44.4411764706 , 7.59023001598 , 17
41 , 1 , 20 , 0 , 5.91099854677 , 45.6705882353 , 6.15346977822 , 17
41 , 1 , 30 , 0 , 4.55368914978 , 46.1 , 5.35401088213 , 17
41 , 1 , 40 , 0 , 3.97009729414 , 46.5588235294 , 5.10707156116 , 17
42 ,  ,  ,  , 27.4653072167 , 0.333333333333 , 7.07432993293
42 , 0.1 , 10 , 0 , 17.7981461145 , 30.184 , 7.07432993293 , 25
42 , 0.1 , 20 , 0 , 12.069764485 , 29.48 , 5.89386121316 , 25
42 , 0.1 , 30 , 0 , 9.13520920283 , 29.556 , 5.26676978802 , 25
42 , 0.1 , 40 , 0 , 7.8228266414 , 29.448 , 4.90054037837 , 25
42 , 0.25 , 10 , 0 , 11.8872157674 , 28.36 , 5.99186114659 , 25
42 , 0.25 , 20 , 0 , 7.57397987687 , 27.228 , 4.52150594382 , 25
42 , 0.25 , 30 , 0 , 6.28589523979 , 26.616 , 4.07192141378 , 25
42 , 0.25 , 40 , 0 , 5.68620225289 , 25.756 , 3.63599559956 , 25
42 , 0.5 , 10 , 0 , 8.66624712539 , 26.468 , 4.91578844134 , 25
42 , 0.5 , 20 , 0 , 6.96461251069 , 25.196 , 4.36274959171 , 25
42 , 0.5 , 30 , 0 , 6.28756710207 , 25.124 , 4.01604581647 , 25
42 , 0.5 , 40 , 0 , 5.90428150501 , 25.156 , 3.68668740199 , 25
42 , 0.75 , 10 , 0 , 6.98404838796 , 25.472 , 4.43003566577 , 25
42 , 0.75 , 20 , 0 , 5.52988278877 , 25.14 , 3.66556953283 , 25
42 , 0.75 , 30 , 0 , 5.03081235545 , 25.156 , 3.28263065239 , 25
42 , 0.75 , 40 , 0 , 4.88934164754 , 24.916 , 3.36228255803 , 25
42 , 1 , 10 , 0 , 5.65035127768 , 25.112 , 3.6632575667 , 25
42 , 1 , 20 , 0 , 4.95056717892 , 24.916 , 3.33840440929 , 25
42 , 1 , 30 , 0 , 4.85165493999 , 25.0 , 3.30696235237 , 25
42 , 1 , 40 , 0 , 4.85769877695 , 25.048 , 3.32109861341 , 25
43 ,  ,  ,  , 25.2680826394 , 0.333333333333 , 7.89747153909
43 , 0.1 , 10 , 0 , 18.0946539966 , 27.9652173913 , 7.89747153909 , 23
43 , 0.1 , 20 , 0 , 12.1799780669 , 24.3434782609 , 6.56535991783 , 23
43 , 0.1 , 30 , 0 , 8.50154832391 , 23.7260869565 , 5.85610534009 , 23
43 , 0.1 , 40 , 0 , 6.46495889835 , 23.2043478261 , 5.2740241574 , 23
43 , 0.25 , 10 , 0 , 9.73272478268 , 26.0260869565 , 5.77099847864 , 23
43 , 0.25 , 20 , 0 , 5.02251464057 , 24.9347826087 , 4.6478545572 , 23
43 , 0.25 , 30 , 0 , 3.90907117634 , 24.9391304348 , 4.28278304655 , 23
43 , 0.25 , 40 , 0 , 3.56768165664 , 25.0913043478 , 4.32725350232 , 23
43 , 0.5 , 10 , 0 , 6.31948310457 , 26.9739130435 , 5.04119888522 , 23
43 , 0.5 , 20 , 0 , 4.35202817802 , 26.8347826087 , 4.75966035865 , 23
43 , 0.5 , 30 , 0 , 4.17067961421 , 26.952173913 , 4.70570381486 , 23
43 , 0.5 , 40 , 0 , 4.15006342425 , 26.5956521739 , 4.64080488098 , 23
43 , 0.75 , 10 , 0 , 6.38245195099 , 29.5086956522 , 5.07343241269 , 23
43 , 0.75 , 20 , 0 , 4.17947173676 , 29.2217391304 , 4.36336137574 , 23
43 , 0.75 , 30 , 0 , 3.63897715508 , 29.552173913 , 4.24618365292 , 23
43 , 0.75 , 40 , 0 , 3.51873294061 , 29.6043478261 , 4.29207516975 , 23
43 , 1 , 10 , 0 , 8.20694008279 , 30.9043478261 , 5.54469040456 , 23
43 , 1 , 20 , 0 , 7.41583982816 , 30.3608695652 , 5.76593050872 , 23
43 , 1 , 30 , 0 , 6.81249734595 , 29.9 , 5.32119740067 , 23
43 , 1 , 40 , 0 , 6.24274874478 , 29.4173913043 , 5.27368901635 , 23
44 ,  ,  ,  , 27.4653072167 , 0.333333333333 , 5.85547402009
44 , 0.1 , 10 , 0 , 11.9242482941 , 33.132 , 5.85547402009 , 25
44 , 0.1 , 20 , 0 , 5.95168084777 , 33.292 , 4.14665359055 , 25
44 , 0.1 , 30 , 0 , 4.05690819167 , 33.388 , 3.6586139452 , 25
44 , 0.1 , 40 , 0 , 2.89317461163 , 33.696 , 3.03110276962 , 25
44 , 0.25 , 10 , 0 , 5.67493381954 , 33.18 , 4.02785302612 , 25
44 , 0.25 , 20 , 0 , 2.40196728408 , 33.9 , 2.71108834235 , 25
44 , 0.25 , 30 , 0 , 1.66276508984 , 33.976 , 2.3865087471 , 25
44 , 0.25 , 40 , 0 , 1.27294450603 , 33.996 , 2.08614093484 , 25
44 , 0.5 , 10 , 0 , 3.36261055226 , 33.82 , 3.04098668198 , 25
44 , 0.5 , 20 , 0 , 1.36145217716 , 34.016 , 2.12408662724 , 25
44 , 0.5 , 30 , 0 , 1.05046846686 , 34.092 , 1.99788287945 , 25
44 , 0.5 , 40 , 0 , 1.03127000146 , 34.052 , 1.99932388572 , 25
44 , 0.75 , 10 , 0 , 2.64362249646 , 33.756 , 2.81788289324 , 25
44 , 0.75 , 20 , 0 , 1.10705552905 , 33.984 , 2.03954504731 , 25
44 , 0.75 , 30 , 0 , 1.04727030015 , 34.02 , 1.9998999975 , 25
44 , 0.75 , 40 , 0 , 1.04737133127 , 33.956 , 1.99951594142 , 25
44 , 1 , 10 , 0 , 2.90810542647 , 33.76 , 3.06828942572 , 25
44 , 1 , 20 , 0 , 1.1559541972 , 34.032 , 2.06275931703 , 25
44 , 1 , 30 , 0 , 1.05187831794 , 33.992 , 1.99998399994 , 25
44 , 1 , 40 , 0 , 1.02383195891 , 34.092 , 1.99788287945 , 25
45 ,  ,  ,  , 27.4653072167 , 0.333333333333 , 8.30912751136
45 , 0.1 , 10 , 0 , 22.461516915 , 38.28 , 8.30912751136 , 25
45 , 0.1 , 20 , 0 , 18.8359511239 , 40.008 , 7.78716482425 , 25
45 , 0.1 , 30 , 0 , 16.7240644976 , 41.148 , 7.10000676056 , 25
45 , 0.1 , 40 , 0 , 15.3151506899 , 41.784 , 6.81537555825 , 25
45 , 0.25 , 10 , 0 , 19.5102942076 , 40.268 , 7.94633097725 , 25
45 , 0.25 , 20 , 0 , 16.4123180305 , 42.008 , 7.24209472459 , 25
45 , 0.25 , 30 , 0 , 15.4148356691 , 42.712 , 6.75315156057 , 25
45 , 0.25 , 40 , 0 , 14.930650836 , 42.86 , 7.04701355185 , 25
45 , 0.5 , 10 , 0 , 18.7091371805 , 40.176 , 8.07570578959 , 25
45 , 0.5 , 20 , 0 , 16.7773387916 , 41.6 , 7.32775545443 , 25
45 , 0.5 , 30 , 0 , 16.0067848687 , 42.324 , 7.17711808458 , 25
45 , 0.5 , 40 , 0 , 15.402955952 , 42.38 , 7.20552565744 , 25
45 , 0.75 , 10 , 0 , 19.5810103114 , 38.088 , 7.815385851 , 25
45 , 0.75 , 20 , 0 , 18.547549517 , 36.536 , 7.65458712146 , 25
45 , 0.75 , 30 , 0 , 18.0169762668 , 36.86 , 7.87581106934 , 25
45 , 0.75 , 40 , 0 , 17.6598886589 , 36.624 , 7.68131655382 , 25
45 , 1 , 10 , 0 , 20.4195371059 , 35.74 , 8.34532204292 , 25
45 , 1 , 20 , 0 , 20.2045558017 , 35.124 , 8.15160254183 , 25
45 , 1 , 30 , 0 , 20.033206869 , 34.368 , 7.99353338643 , 25
45 , 1 , 40 , 0 , 19.6680870504 , 33.928 , 7.95354109815 , 25
