0,0,0,27.4653072167,0.333333333333,25
0,0.1,10,14.7030883742,0.34616,25
0,0.1,20,9.0362824884,0.35027,25
0,0.1,30,6.94438009095,0.35273,25
0,0.1,40,6.33081145118,0.35462,25
0,0.25,10,8.79789000437,0.34900,25
0,0.25,20,6.04743983078,0.35252,25
0,0.25,30,5.65797467697,0.35490,25
0,0.25,40,5.56730269107,0.35562,25
0,0.5,10,6.50264739344,0.35283,25
0,0.5,20,5.26132325411,0.3569,25
0,0.5,30,5.00393541205,0.35865,25
0,0.5,40,4.94376188252,0.35984,25
0,0.75,10,6.1393001099,0.35574,25
0,0.75,20,4.93727252198,0.36058,25
0,0.75,30,4.82794438452,0.3624,25
0,0.75,40,4.84796359641,0.36372,25
0,1,10,7.33754503065,0.3552,25
0,1,20,6.48957067667,0.35786,25
0,1,30,5.98276771075,0.3585,25
0,1,40,5.46995599274,0.35891,25
1,0,0,27.4653072167,0.333333333333,25
1,0.1,10,10.6166784613,0.43535,25
1,0.1,20,4.66073733939,0.44653,25
1,0.1,30,3.21733555517,0.44522,25
1,0.1,40,2.65799822117,0.444,25
1,0.25,10,4.34524101541,0.44451,25
1,0.25,20,2.3342075341,0.44238,25
1,0.25,30,2.09788893077,0.43903,25
1,0.25,40,2.09658685305,0.43572,25
1,0.5,10,2.55907173339,0.44130,25
1,0.5,20,2.08022465694,0.43670,25
1,0.5,30,2.07945072612,0.43077,25
1,0.5,40,2.08845256945,0.42664,25
1,0.75,10,2.70137572614,0.43722,25
1,0.75,20,2.14509899294,0.43363,25
1,0.75,30,2.08627676444,0.42638,25
1,0.75,40,2.10315510907,0.42185,25
1,1,10,3.33236872876,0.42622,25
1,1,20,3.17349731118,0.42195,25
1,1,30,3.17317659035,0.4167,25
1,1,40,3.15809340014,0.41352,25
2,0,0,27.4653072167,0.333333333333,25
2,0.1,10,18.7759247643,0.35120,25
2,0.1,20,12.9734833188,0.35778,25
2,0.1,30,9.85404376098,0.36310,25
2,0.1,40,8.21605748322,0.36462,25
2,0.25,10,13.8132484245,0.36011,25
2,0.25,20,8.30825818253,0.36530,25
2,0.25,30,5.51207557759,0.36603,25
2,0.25,40,4.30865117715,0.36737,25
2,0.5,10,12.0343717435,0.36305,25
2,0.5,20,7.38373036892,0.36339,25
2,0.5,30,5.49726323796,0.36432,25
2,0.5,40,4.75666686172,0.36573,25
2,0.75,10,10.2545153917,0.36122,25
2,0.75,20,5.26870161716,0.35693,25
2,0.75,30,3.46782809469,0.35449,25
2,0.75,40,2.49415623398,0.35452,25
2,1,10,8.71682925151,0.362,25
2,1,20,4.44878396334,0.3638,25
2,1,30,3.07868099777,0.37,25
2,1,40,2.37334807219,0.36857,25
3,0,0,24.1694703507,0.333333333333,22
3,0.1,10,18.3235748603,0.375872727273,22
3,0.1,20,15.1318456052,0.384850000000,22
3,0.1,30,13.6703499754,0.388000000000,22
3,0.1,40,12.7542685739,0.388590909091,22
3,0.25,10,14.6085411757,0.386300000000,22
3,0.25,20,12.3341962446,0.388700000000,22
3,0.25,30,11.3625113482,0.387768181818,22
3,0.25,40,10.7518063429,0.387618181818,22
3,0.5,10,11.0506917455,0.395950000000,22
3,0.5,20,8.65440645621,0.399981818182,22
3,0.5,30,7.76484109802,0.401031818182,22
3,0.5,40,7.50792785891,0.402477272727,22
3,0.75,10,9.0540350032,0.398368181818,22
3,0.75,20,7.30832403321,0.400827272727,22
3,0.75,30,6.66631029528,0.400527272727,22
3,0.75,40,6.22769199032,0.401327272727,22
3,1,10,7.94375119075,0.391,22
3,1,20,6.42289086853,0.390495454546,22
3,1,30,5.95466777841,0.390218181818,22
3,1,40,5.76878541066,0.388940909091,22
4,0,0,20.8736334847,0.333333333333,19
4,0.1,10,20.2197453239,0.331715789474,19
4,0.1,20,19.9200321437,0.331889473684,19
4,0.1,30,19.2350177031,0.331026315790,19
4,0.1,40,18.5117697735,0.332105263158,19
4,0.25,10,19.7312258078,0.329536842105,19
4,0.25,20,18.5290131871,0.330757894737,19
4,0.25,30,16.9761860224,0.329568421053,19
4,0.25,40,15.6712912634,0.326847368421,19
4,0.5,10,18.7988071025,0.332110526316,19
4,0.5,20,17.3035874481,0.334673684210,19
4,0.5,30,15.8506647364,0.335163157895,19
4,0.5,40,14.3624352841,0.334010526316,19
4,0.75,10,18.3553537732,0.338794736842,19
4,0.75,20,16.7647400263,0.345442105263,19
4,0.75,30,15.2848781276,0.348173684211,19
4,0.75,40,14.1172200465,0.348868421053,19
4,1,10,17.8476371207,0.338147368421,19
4,1,20,16.423336602,0.343131578948,19
4,1,30,15.2886869789,0.344126315790,19
4,1,40,14.394893951,0.343,19
5,0,0,27.4653072167,0.333333333333,25
5,0.1,10,21.4495634922,0.3436,25
5,0.1,20,17.4211873263,0.34730,25
5,0.1,30,15.4151406555,0.34946,25
5,0.1,40,14.515538267,0.35018,25
5,0.25,10,16.5717648537,0.34647,25
5,0.25,20,13.8208897953,0.34966,25
5,0.25,30,12.7216257714,0.35264,25
5,0.25,40,11.6586095227,0.35406,25
5,0.5,10,14.0440504205,0.35112,25
5,0.5,20,10.9078962223,0.3535,25
5,0.5,30,8.56472051927,0.35466,25
5,0.5,40,7.05845464456,0.35514,25
5,0.75,10,12.137485525,0.35802,25
5,0.75,20,7.94324384239,0.36066,25
5,0.75,30,5.73785535624,0.36269,25
5,0.75,40,4.91803191786,0.36433,25
5,1,10,10.2052312414,0.36626,25
5,1,20,6.35912377098,0.37148,25
5,1,30,5.26823008469,0.37351,25
5,1,40,5.00121480296,0.37490,25
6,0,0,27.4653072167,0.333333333333,25
6,0.1,10,24.3766535812,0.32060,25
6,0.1,20,21.9880215841,0.31670,25
6,0.1,30,19.3450690002,0.31340,25
6,0.1,40,17.1835453128,0.3110,25
6,0.25,10,21.1710926159,0.3173,25
6,0.25,20,16.1678228229,0.30973,25
6,0.25,30,12.4423248417,0.30634,25
6,0.25,40,9.69995130997,0.30352,25
6,0.5,10,17.5933384879,0.31528,25
6,0.5,20,12.2433787932,0.30654,25
6,0.5,30,8.63603312384,0.302,25
6,0.5,40,6.16923437074,0.2981,25
6,0.75,10,16.3140265874,0.31622,25
6,0.75,20,12.0382290902,0.30571,25
6,0.75,30,9.71216687849,0.30052,25
6,0.75,40,8.44059321966,0.30052,25
6,1,10,16.7813047013,0.31862,25
6,1,20,13.6524668447,0.3159,25
6,1,30,11.7502882736,0.3157,25
6,1,40,10.4842986584,0.31602,25
7,0,0,27.4653072167,0.333333333333,25
7,0.1,10,26.148187755,0.34323,25
7,0.1,20,24.0272719944,0.34603,25
7,0.1,30,21.6720241292,0.34470,25
7,0.1,40,19.5463970274,0.34196,25
7,0.25,10,22.782084113,0.3486,25
7,0.25,20,18.8831315029,0.3461,25
7,0.25,30,16.212282588,0.34181,25
7,0.25,40,14.5587848853,0.33827,25
7,0.5,10,18.2626812605,0.3535,25
7,0.5,20,13.4950062341,0.34980,25
7,0.5,30,11.2965107715,0.34700,25
7,0.5,40,9.75891008111,0.34448,25
7,0.75,10,16.3595882801,0.34926,25
7,0.75,20,13.3179677746,0.3443,25
7,0.75,30,11.2905083274,0.34460,25
7,0.75,40,10.062165045,0.34350,25
7,1,10,17.2799684369,0.34064,25
7,1,20,15.728530144,0.33655,25
7,1,30,14.3732643855,0.33437,25
7,1,40,13.4989478257,0.33346,25
8,0,0,27.4653072167,0.333333333333,25
8,0.1,10,21.1946446216,0.28180,25
8,0.1,20,17.017846677,0.26360,25
8,0.1,30,14.7538412541,0.26059,25
8,0.1,40,13.1533886837,0.25804,25
8,0.25,10,16.7234483816,0.26584,25
8,0.25,20,11.9009762507,0.26054,25
8,0.25,30,9.19510766456,0.25968,25
8,0.25,40,7.47978556259,0.25841,25
8,0.5,10,11.166668362,0.26911,25
8,0.5,20,5.39172960351,0.2691,25
8,0.5,30,3.75764250278,0.2693,25
8,0.5,40,3.27608651887,0.2693,25
8,0.75,10,7.1246673566,0.27574,25
8,0.75,20,3.62741888389,0.27493,25
8,0.75,30,3.17744759187,0.27426,25
8,0.75,40,3.12767517222,0.27414,25
8,1,10,6.40793313298,0.2792,25
8,1,20,4.13287105593,0.277,25
8,1,30,3.57992734285,0.27736,25
8,1,40,3.36903228543,0.27720,25
9,0,0,19.775021196,0.333333333333,18
9,0.1,10,8.29609469046,0.339,18
9,0.1,20,5.52991496489,0.343,18
9,0.1,30,4.80550123785,0.343544444445,18
9,0.1,40,4.40126003317,0.344327777778,18
9,0.25,10,5.39394794743,0.342094444444,18
9,0.25,20,4.23381627285,0.342900000000,18
9,0.25,30,4.07325515116,0.342616666667,18
9,0.25,40,3.9541257249,0.343088888889,18
9,0.5,10,4.95493506774,0.341683333333,18
9,0.5,20,3.97488913838,0.341705555556,18
9,0.5,30,3.84573710963,0.342338888889,18
9,0.5,40,3.81631642189,0.342594444444,18
9,0.75,10,5.33502469504,0.336922222222,18
9,0.75,20,4.56608375667,0.335122222222,18
9,0.75,30,4.4745966341,0.335816666667,18
9,0.75,40,4.42427803921,0.336650000000,18
9,1,10,4.59620807159,0.335544444445,18
9,1,20,3.84948005464,0.333016666667,18
9,1,30,3.81033208018,0.332227777778,18
9,1,40,3.81446671441,0.331394444444,18
10,0,0,27.4653072167,0.333333333333,25
10,0.1,10,13.2202099805,0.34452,25
10,0.1,20,8.74794266093,0.34990,25
10,0.1,30,7.26366681692,0.3521,25
10,0.1,40,6.33528697936,0.35339,25
10,0.25,10,8.30006762741,0.3508,25
10,0.25,20,5.78879575094,0.35295,25
10,0.25,30,4.25524946205,0.35344,25
10,0.25,40,3.0633744842,0.3536,25
10,0.5,10,5.96777371514,0.3536,25
10,0.5,20,3.03377654608,0.35443,25
10,0.5,30,1.77470042618,0.35516,25
10,0.5,40,1.29586465265,0.35,25
10,0.75,10,4.49673289274,0.35587,25
10,0.75,20,1.88910792891,0.3562,25
10,0.75,30,1.21374528878,0.35690,25
10,0.75,40,1.04542488104,0.35796,25
10,1,10,3.67297740168,0.35396,25
10,1,20,1.28872826541,0.35504,25
10,1,30,1.04087633995,0.35614,25
10,1,40,1.04055778983,0.35645,25
11,0,0,27.4653072167,0.333333333333,25
11,0.1,10,19.4707915935,0.32060,25
11,0.1,20,14.1983651941,0.31519,25
11,0.1,30,11.6539084956,0.3130,25
11,0.1,40,10.4684346508,0.31260,25
11,0.25,10,14.0140875399,0.31590,25
11,0.25,20,10.2437271194,0.313,25
11,0.25,30,9.22931009244,0.31485,25
11,0.25,40,8.96008726343,0.31401,25
11,0.5,10,11.7165592536,0.31387,25
11,0.5,20,9.28022923173,0.31378,25
11,0.5,30,8.78228892176,0.31486,25
11,0.5,40,8.58381273216,0.31587,25
11,0.75,10,11.8883150937,0.31556,25
11,0.75,20,9.70534863446,0.3161,25
11,0.75,30,8.75407820311,0.31655,25
11,0.75,40,8.12089394893,0.31756,25
11,1,10,12.5432237815,0.31749,25
11,1,20,10.2686975873,0.31707,25
11,1,30,9.05564917401,0.31841,25
11,1,40,8.20715219692,0.31856,25
12,0,0,27.4653072167,0.333333333333,25
12,0.1,10,8.29611707183,0.34797,25
12,0.1,20,3.15936750977,0.3569,25
12,0.1,30,1.94420538534,0.36100,25
12,0.1,40,1.33498633721,0.3622,25
12,0.25,10,3.06040952934,0.35734,25
12,0.25,20,1.29961361679,0.36252,25
12,0.25,30,1.06219654011,0.36226,25
12,0.25,40,1.04131671806,0.36148,25
12,0.5,10,2.03914937205,0.3643,25
12,0.5,20,1.11087792651,0.36084,25
12,0.5,30,1.05917862111,0.36011,25
12,0.5,40,1.0418012345,0.35897,25
12,0.75,10,3.43541608199,0.37336,25
12,0.75,20,1.27612060655,0.37398,25
12,0.75,30,1.0583875202,0.37379,25
12,0.75,40,1.05415094999,0.37256,25
12,1,10,7.58085956105,0.3817,25
12,1,20,6.24839911481,0.3862,25
12,1,30,6.15476577072,0.38827,25
12,1,40,6.06397808253,0.390,25
13,0,0,17.5777966187,0.333333333333,16
13,0.1,10,8.14901506788,0.400919,16
13,0.1,20,4.99918223457,0.415550,16
13,0.1,30,3.44586217877,0.420438,16
13,0.1,40,2.74305541883,0.4213813,16
13,0.25,10,5.2051111772,0.4160,16
13,0.25,20,2.80493328014,0.4229688,16
13,0.25,30,2.20222212655,0.4236688,16
13,0.25,40,2.10764892535,0.4235313,16
13,0.5,10,4.49602704828,0.4196875,16
13,0.5,20,2.62712145004,0.421831,16
13,0.5,30,2.3264625421,0.42231,16
13,0.5,40,2.14855202962,0.423575,16
13,0.75,10,5.04695404963,0.4160375,16
13,0.75,20,3.46575168966,0.4215625,16
13,0.75,30,2.65702675557,0.42309,16
13,0.75,40,2.35122993913,0.42301,16
13,1,10,5.95769455892,0.4099563,16
13,1,20,4.42436801383,0.41577,16
13,1,30,3.34631782715,0.4186625,16
13,1,40,2.610424058,0.420225,16
14,0,0,16.47918433,0.333333333333,15
14,0.1,10,13.3354498428,0.319720000000,15
14,0.1,20,10.4179976116,0.3136,15
14,0.1,30,8.05281910284,0.306,15
14,0.1,40,6.38284040131,0.3012,15
14,0.25,10,10.0326223615,0.317213333333,15
14,0.25,20,6.12069768659,0.304460000000,15
14,0.25,30,4.62233792305,0.2991,15
14,0.25,40,3.95381167047,0.2950,15
14,0.5,10,6.77160178332,0.328986666667,15
14,0.5,20,3.5203698728,0.322,15
14,0.5,30,2.61645713704,0.3228,15
14,0.5,40,2.27545480531,0.322446666667,15
14,0.75,10,5.82409679972,0.346006666667,15
14,0.75,20,4.20606757151,0.342,15
14,0.75,30,3.31996169436,0.3417,15
14,0.75,40,2.76823196442,0.338593333333,15
14,1,10,5.58417826813,0.358553333333,15
14,1,20,4.55042841356,0.359,15
14,1,30,3.9351263114,0.357926666667,15
14,1,40,3.6503758502,0.3594,15
15,0,0,23.070858062,0.333333333333,21
15,0.1,10,21.2513771833,0.347538095238,21
15,0.1,20,19.4484856378,0.35019523810,21
15,0.1,30,18.1011201799,0.351138095238,21
15,0.1,40,16.8288827762,0.349400000000,21
15,0.25,10,19.6274304184,0.353371428571,21
15,0.25,20,17.5386010891,0.354190476191,21
15,0.25,30,16.1798240389,0.354519047619,21
15,0.25,40,15.4216342424,0.35494761905,21
15,0.5,10,18.5316142857,0.358976190476,21
15,0.5,20,17.5126719495,0.35585238095,21
15,0.5,30,17.0056250914,0.351852380953,21
15,0.5,40,16.47088845,0.347690476190,21
15,0.75,10,18.2689483026,0.354990476191,21
15,0.75,20,16.6374853761,0.353271428572,21
15,0.75,30,15.3751283433,0.351128571429,21
15,0.75,40,14.5944735202,0.350,21
15,1,10,18.3491444787,0.344547619048,21
15,1,20,16.5698327938,0.338271428572,21
15,1,30,15.6789048489,0.333961904762,21
15,1,40,14.9590027145,0.334380952381,21
16,0,0,21.9722457734,0.333333333333,20
16,0.1,10,20.5270476926,0.3381,20
16,0.1,20,19.6479083393,0.3470,20
16,0.1,30,19.0672969546,0.3532,20
16,0.1,40,18.5877634076,0.35583,20
16,0.25,10,19.6800563665,0.34463,20
16,0.25,20,18.3621398053,0.3521,20
16,0.25,30,17.5419786821,0.35825,20
16,0.25,40,16.9203285061,0.3663,20
16,0.5,10,19.107144164,0.33779,20
16,0.5,20,17.9308231512,0.3495,20
16,0.5,30,16.9655843257,0.3580,20
16,0.5,40,16.1946865915,0.36509,20
16,0.75,10,18.5689870732,0.33230,20
16,0.75,20,17.1161991796,0.33730,20
16,0.75,30,16.2762297163,0.34084,20
16,0.75,40,15.7165640159,0.34573,20
16,1,10,18.2571320906,0.33430,20
16,1,20,17.2784061961,0.33765,20
16,1,30,16.7548923626,0.34193,20
16,1,40,16.6074333435,0.34630,20
17,0,0,27.4653072167,0.333333333333,25
17,0.1,10,7.47691733131,0.33808,25
17,0.1,20,3.514169093,0.33197,25
17,0.1,30,2.14385010939,0.3296,25
17,0.1,40,1.5666739774,0.32784,25
17,0.25,10,2.97208469966,0.33057,25
17,0.25,20,1.24516290983,0.32700,25
17,0.25,30,1.07595524694,0.32696,25
17,0.25,40,1.01499451733,0.32705,25
17,0.5,10,1.31300243173,0.3282,25
17,0.5,20,1.04925591556,0.33,25
17,0.5,30,1.05358524454,0.3266,25
17,0.5,40,1.05704946066,0.327,25
17,0.75,10,1.09797629543,0.32729,25
17,0.75,20,1.04180609597,0.32674,25
17,0.75,30,1.0376413364,0.32695,25
17,0.75,40,1.04942483138,0.32754,25
17,1,10,1.10504539405,0.32682,25
17,1,20,1.04703935011,0.32641,25
17,1,30,1.031403206,0.32707,25
17,1,40,1.03278929997,0.3270,25
18,0,0,17.5777966187,0.333333333333,16
18,0.1,10,16.3542723082,0.341938,16
18,0.1,20,15.70881232,0.345675,16
18,0.1,30,15.1870689886,0.3469,16
18,0.1,40,14.6915825369,0.34673,16
18,0.25,10,15.4146242793,0.3361250,16
18,0.25,20,13.9470577865,0.3385750,16
18,0.25,30,13.1383661645,0.3423063,16
18,0.25,40,12.5450490537,0.3454563,16
18,0.5,10,14.0654123921,0.325194,16
18,0.5,20,12.8600309582,0.3225000,16
18,0.5,30,12.3387078073,0.324431,16
18,0.5,40,12.048549492,0.3239,16
18,0.75,10,14.6590380627,0.331,16
18,0.75,20,13.5154685414,0.3287,16
18,0.75,30,13.0089477903,0.32846,16
18,0.75,40,12.845945675,0.3285188,16
18,1,10,15.5809294869,0.344200,16
18,1,20,15.6315860492,0.3490938,16
18,1,30,15.577530135,0.353163,16
18,1,40,15.4753535508,0.357813,16
19,0,0,27.4653072167,0.333333333333,25
19,0.1,10,13.2928992716,0.38396,25
19,0.1,20,7.37780689021,0.3895,25
19,0.1,30,5.32539572447,0.39244,25
19,0.1,40,4.6325037538,0.39298,25
19,0.25,10,7.90729106971,0.39079,25
19,0.25,20,4.51341295247,0.39296,25
19,0.25,30,4.21509511998,0.39324,25
19,0.25,40,4.18590627509,0.39341,25
19,0.5,10,8.74428392899,0.3934,25
19,0.5,20,5.79856827855,0.39319,25
19,0.5,30,4.70033900178,0.39330,25
19,0.5,40,4.34475928976,0.39377,25
19,0.75,10,9.98168272976,0.39331,25
19,0.75,20,7.98859784106,0.39668,25
19,0.75,30,6.98223963931,0.39741,25
19,0.75,40,6.45420842172,0.39787,25
19,1,10,6.48272236082,0.38936,25
19,1,20,5.85908457497,0.38844,25
19,1,30,5.67534808316,0.38808,25
19,1,40,5.29449064123,0.386,25
20,0,0,27.4653072167,0.333333333333,25
20,0.1,10,13.2689329551,0.404,25
20,0.1,20,7.87913132915,0.41177,25
20,0.1,30,5.62995321003,0.4154,25
20,0.1,40,4.69056439793,0.41664,25
20,0.25,10,7.13538680944,0.41154,25
20,0.25,20,4.31999260391,0.41625,25
20,0.25,30,3.59784388713,0.41774,25
20,0.25,40,3.28630240892,0.41824,25
20,0.5,10,4.63608952056,0.40927,25
20,0.5,20,3.23127973746,0.41104,25
20,0.5,30,3.12866007904,0.41166,25
20,0.5,40,3.10750961689,0.41137,25
20,0.75,10,4.00324156691,0.40574,25
20,0.75,20,3.18238816266,0.40523,25
20,0.75,30,3.11225119766,0.40492,25
20,0.75,40,3.13516258111,0.40570,25
20,1,10,4.76941908191,0.41165,25
20,1,20,3.80654642952,0.41388,25
20,1,30,3.58047160354,0.4150,25
20,1,40,3.47453829146,0.41504,25
21,0,0,27.4653072167,0.333333333333,25
21,0.1,10,20.6163167676,0.3297,25
21,0.1,20,15.6354846716,0.33009,25
21,0.1,30,12.8157541041,0.32931,25
21,0.1,40,11.0430445877,0.33044,25
21,0.25,10,16.3767117852,0.32848,25
21,0.25,20,11.3240421166,0.32739,25
21,0.25,30,9.24354760372,0.32572,25
21,0.25,40,7.98930073868,0.32455,25
21,0.5,10,14.8897226633,0.3245,25
21,0.5,20,10.0908384179,0.3220,25
21,0.5,30,7.77718899884,0.322,25
21,0.5,40,6.60084758224,0.32250,25
21,0.75,10,14.4133890595,0.31952,25
21,0.75,20,10.5490780059,0.3186,25
21,0.75,30,9.0577730124,0.31807,25
21,0.75,40,8.23359970316,0.3182,25
21,1,10,13.2868607766,0.31953,25
21,1,20,9.88499183757,0.319,25
21,1,30,9.16869883771,0.31891,25
21,1,40,8.90272592827,0.3196,25
22,0,0,27.4653072167,0.333333333333,25
22,0.1,10,22.9736910872,0.31819,25
22,0.1,20,18.8233052012,0.31329,25
22,0.1,30,15.6249103114,0.3125,25
22,0.1,40,13.3130624739,0.31298,25
22,0.25,10,17.9795292484,0.31553,25
22,0.25,20,12.2975834991,0.31361,25
22,0.25,30,10.4117293638,0.3126,25
22,0.25,40,9.89382896933,0.31400,25
22,0.5,10,13.8969577205,0.31862,25
22,0.5,20,10.5707583578,0.31309,25
22,0.5,30,9.90355886969,0.31154,25
22,0.5,40,9.77495930246,0.31091,25
22,0.75,10,13.416828581,0.31806,25
22,0.75,20,11.4248053369,0.31217,25
22,0.75,30,10.7026985698,0.3105,25
22,0.75,40,10.3903647502,0.30991,25
22,1,10,14.4875459967,0.32348,25
22,1,20,13.9685029919,0.31934,25
22,1,30,13.3937427183,0.3160,25
22,1,40,12.966721513,0.31413,25
23,0,0,17.5777966187,0.333333333333,16
23,0.1,10,15.5483430926,0.390125,16
23,0.1,20,14.3046276213,0.4073063,16
23,0.1,30,13.703665729,0.414700,16
23,0.1,40,13.3907338002,0.4158563,16
23,0.25,10,14.4596796831,0.413244,16
23,0.25,20,13.3040327797,0.42174,16
23,0.25,30,12.9313124294,0.4243813,16
23,0.25,40,12.6789904158,0.4266875,16
23,0.5,10,13.7280891405,0.4240375,16
23,0.5,20,12.4134224584,0.4244750,16
23,0.5,30,11.7769834754,0.4252688,16
23,0.5,40,11.1895230833,0.4262625,16
23,0.75,10,13.2669226246,0.4201313,16
23,0.75,20,11.9237667832,0.4244125,16
23,0.75,30,11.0380027461,0.423200,16
23,0.75,40,10.1905056267,0.42370,16
23,1,10,13.4996664134,0.4173125,16
23,1,20,11.7523134587,0.4133063,16
23,1,30,10.3930864965,0.4106563,16
23,1,40,9.31837199365,0.4077875,16
24,0,0,23.070858062,0.333333333333,21
24,0.1,10,7.63249576635,0.292623809524,21
24,0.1,20,3.02004864793,0.280395238095,21
24,0.1,30,1.918126214,0.276133333333,21
24,0.1,40,1.37401521024,0.272247619048,21
24,0.25,10,2.59758361593,0.281,21
24,0.25,20,1.20458048749,0.272128571429,21
24,0.25,30,1.06110077075,0.271319047619,21
24,0.25,40,1.04409651612,0.271,21
24,0.5,10,1.36490413708,0.276795238095,21
24,0.5,20,1.03944869656,0.27088095238,21
24,0.5,30,1.02727582571,0.268495238095,21
24,0.5,40,1.04249433058,0.266390476190,21
24,0.75,10,1.24375025546,0.281500000000,21
24,0.75,20,1.0573725069,0.273319047619,21
24,0.75,30,1.03976813077,0.271476190476,21
24,0.75,40,1.05566486951,0.26926666667,21
24,1,10,1.45578866755,0.300904761905,21
24,1,20,1.15202473371,0.292723809524,21
24,1,30,1.07724408214,0.287323809524,21
24,1,40,1.06104472541,0.283047619048,21
25,0,0,27.4653072167,0.333333333333,25
25,0.1,10,23.4249011181,0.3339,25
25,0.1,20,19.6488453639,0.33355,25
25,0.1,30,16.3560290478,0.33361,25
25,0.1,40,13.8712955287,0.33154,25
25,0.25,10,20.9289921473,0.33534,25
25,0.25,20,15.4468507118,0.33072,25
25,0.25,30,12.1889296038,0.32828,25
25,0.25,40,9.99760713536,0.32635,25
25,0.5,10,19.6946768245,0.3353,25
25,0.5,20,14.7898481175,0.33066,25
25,0.5,30,11.6360516093,0.32807,25
25,0.5,40,10.0034536539,0.32796,25
25,0.75,10,19.3337291483,0.33840,25
25,0.75,20,14.4432679987,0.3397,25
25,0.75,30,11.2826197744,0.34007,25
25,0.75,40,8.86646985784,0.3381,25
25,1,10,19.0632195614,0.33942,25
25,1,20,14.1600881252,0.34336,25
25,1,30,10.764094334,0.34781,25
25,1,40,8.68856970769,0.35150,25
26,0,0,20.8736334847,0.333333333333,19
26,0.1,10,16.8815771472,0.370289473684,19
26,0.1,20,14.2990774595,0.378810526316,19
26,0.1,30,12.9924017375,0.383384210526,19
26,0.1,40,11.9542597029,0.385,19
26,0.25,10,13.8780976388,0.376378947368,19
26,0.25,20,11.4184652593,0.383884210526,19
26,0.25,30,9.98430370736,0.387473684211,19
26,0.25,40,8.96020190801,0.388410526316,19
26,0.5,10,11.8965816801,0.377205263158,19
26,0.5,20,9.86737195197,0.380047368421,19
26,0.5,30,8.9504008098,0.382078947369,19
26,0.5,40,8.12844340429,0.383,19
26,0.75,10,11.6196985298,0.366810526316,19
26,0.75,20,9.84305705926,0.371278947368,19
26,0.75,30,8.93084921701,0.370284210526,19
26,0.75,40,8.12513510348,0.371368421053,19
26,1,10,11.2946787321,0.342826315790,19
26,1,20,9.50757484295,0.331494736842,19
26,1,30,8.48408094532,0.323094736842,19
26,1,40,7.70613055197,0.320247368421,19
27,0,0,27.4653072167,0.333333333333,25
27,0.1,10,21.234039813,0.32218,25
27,0.1,20,19.3014108482,0.31161,25
27,0.1,30,18.1737033602,0.30311,25
27,0.1,40,17.3863369477,0.30005,25
27,0.25,10,18.6070638153,0.3053,25
27,0.25,20,16.7413503123,0.29692,25
27,0.25,30,15.320223414,0.2942,25
27,0.25,40,13.6300116339,0.29294,25
27,0.5,10,17.103215199,0.29604,25
27,0.5,20,15.0004700692,0.29173,25
27,0.5,30,12.7979658705,0.29181,25
27,0.5,40,10.7946672144,0.28954,25
27,0.75,10,16.5469821622,0.29489,25
27,0.75,20,14.1877127665,0.29419,25
27,0.75,30,11.9341741652,0.29016,25
27,0.75,40,10.0856934877,0.28941,25
27,1,10,16.2156801612,0.29796,25
27,1,20,13.9939251472,0.29514,25
27,1,30,12.3682687908,0.29535,25
27,1,40,11.2446295582,0.29226,25
28,0,0,27.4653072167,0.333333333333,25
28,0.1,10,19.5327362767,0.35446,25
28,0.1,20,13.296966472,0.35932,25
28,0.1,30,9.49316789968,0.36432,25
28,0.1,40,7.41346598529,0.36788,25
28,0.25,10,12.7834708714,0.3560,25
28,0.25,20,6.76923330737,0.36195,25
28,0.25,30,5.3379368374,0.36462,25
28,0.25,40,4.97582009233,0.36549,25
28,0.5,10,9.02726789691,0.35122,25
28,0.5,20,5.48655054896,0.35636,25
28,0.5,30,4.87956595742,0.359,25
28,0.5,40,4.58636263214,0.35980,25
28,0.75,10,9.52994155335,0.3466,25
28,0.75,20,6.19633514931,0.34833,25
28,0.75,30,4.91252407673,0.35096,25
28,0.75,40,4.30442976427,0.35141,25
28,1,10,12.0803005985,0.34698,25
28,1,20,9.44843876722,0.34534,25
28,1,30,7.69409756702,0.3434,25
28,1,40,6.26524782924,0.34084,25
29,0,0,16.47918433,0.333333333333,15
29,0.1,10,13.2828378734,0.373046666667,15
29,0.1,20,10.346400363,0.383866666667,15
29,0.1,30,8.29290396532,0.387560000000,15
29,0.1,40,7.21686462957,0.393360000000,15
29,0.25,10,10.365031445,0.384,15
29,0.25,20,7.17666275459,0.393366666667,15
29,0.25,30,6.35147979819,0.399,15
29,0.25,40,6.07452302521,0.405533333334,15
29,0.5,10,9.06844831546,0.3894,15
29,0.5,20,6.58949037306,0.4015,15
29,0.5,30,6.0370777541,0.407493333333,15
29,0.5,40,5.73391604238,0.4113,15
29,0.75,10,10.1125149405,0.393853333333,15
29,0.75,20,7.40695179554,0.405213333333,15
29,0.75,30,6.29870770729,0.411533333333,15
29,0.75,40,5.53663780269,0.417373333333,15
29,1,10,11.3627035366,0.3922,15
29,1,20,9.30858141862,0.404840000000,15
29,1,30,7.83309673045,0.410906666667,15
29,1,40,6.74619201121,0.4158,15
30,0,0,18.6764089074,0.333333333333,17
30,0.1,10,16.1886569269,0.343600000000,17
30,0.1,20,14.4040396807,0.347764705882,17
30,0.1,30,12.6625305294,0.348976470588,17
30,0.1,40,11.0774292186,0.349576470588,17
30,0.25,10,14.2558364201,0.348,17
30,0.25,20,11.0505729965,0.351123529412,17
30,0.25,30,8.91474344177,0.352582352941,17
30,0.25,40,7.65268609071,0.352723529412,17
30,0.5,10,13.0750592937,0.350794117647,17
30,0.5,20,9.42668560028,0.354735294118,17
30,0.5,30,7.46872353873,0.353,17
30,0.5,40,6.59785484905,0.355423529412,17
30,0.75,10,12.7571254222,0.349252941177,17
30,0.75,20,9.4625398043,0.354082352941,17
30,0.75,30,7.69159488746,0.354358823529,17
30,0.75,40,6.58796666965,0.354976470588,17
30,1,10,13.0120126415,0.345076470588,17
30,1,20,9.9166511526,0.349035294118,17
30,1,30,7.96664032844,0.351347058824,17
30,1,40,6.858908618,0.351864705882,17
31,0,0,24.1694703507,0.333333333333,22
31,0.1,10,17.2274349892,0.368622727273,22
31,0.1,20,12.9703335579,0.376,22
31,0.1,30,11.3469568799,0.379568181818,22
31,0.1,40,10.3446285993,0.378600000000,22
31,0.25,10,11.7920908223,0.369795454545,22
31,0.25,20,8.32115959262,0.365372727273,22
31,0.25,30,7.01578960667,0.363100000000,22
31,0.25,40,6.41549558584,0.362427272727,22
31,0.5,10,7.45199625142,0.373595454545,22
31,0.5,20,5.02930240794,0.376450000000,22
31,0.5,30,4.59516736935,0.379722727273,22
31,0.5,40,4.4942460172,0.380650000000,22
31,0.75,10,8.09972839062,0.375018181818,22
31,0.75,20,6.12481026466,0.376472727273,22
31,0.75,30,5.15575761881,0.3754,22
31,0.75,40,4.68087405636,0.374931818182,22
31,1,10,9.0415178013,0.366172727273,22
31,1,20,8.35043277642,0.365081818182,22
31,1,30,7.38199318859,0.364204545455,22
31,1,40,6.88498489045,0.364072727273,22
32,0,0,20.8736334847,0.333333333333,19
32,0.1,10,10.8068056146,0.360226315789,19
32,0.1,20,5.11722929883,0.366021052632,19
32,0.1,30,2.8850300883,0.365168421053,19
32,0.1,40,1.82322245701,0.365442105263,19
32,0.25,10,5.28555913505,0.364742105263,19
32,0.25,20,1.60480373605,0.366600000000,19
32,0.25,30,1.13545094342,0.367226315789,19
32,0.25,40,1.05868276865,0.368094736842,19
32,0.5,10,3.32852434947,0.366547368421,19
32,0.5,20,1.21302093035,0.367963157895,19
32,0.5,30,1.06690381849,0.369121052632,19
32,0.5,40,1.04401105797,0.367531578948,19
32,0.75,10,3.86966918142,0.366142105263,19
32,0.75,20,1.53292732381,0.366915789474,19
32,0.75,30,1.10617902101,0.365078947368,19
32,0.75,40,1.03079249922,0.365831578947,19
32,1,10,5.82653348712,0.363221052632,19
32,1,20,4.24541711359,0.363968421053,19
32,1,30,3.33593634549,0.362368421053,19
32,1,40,2.63500540838,0.363,19
33,0,0,27.4653072167,0.333333333333,25
33,0.1,10,18.7510818935,0.35523,25
33,0.1,20,13.8981821779,0.36446,25
33,0.1,30,11.5220867177,0.37054,25
33,0.1,40,10.4958198184,0.37212,25
33,0.25,10,14.1913513459,0.36524,25
33,0.25,20,11.0981253664,0.36924,25
33,0.25,30,10.4336310856,0.36966,25
33,0.25,40,10.1953719338,0.37032,25
33,0.5,10,11.2976972262,0.36364,25
33,0.5,20,9.94454700097,0.36840,25
33,0.5,30,9.67851699138,0.36911,25
33,0.5,40,9.36287733945,0.37012,25
33,0.75,10,10.6107744723,0.3634,25
33,0.75,20,9.29405497344,0.36889,25
33,0.75,30,8.90355640187,0.37182,25
33,0.75,40,8.65581563035,0.37276,25
33,1,10,10.8790977075,0.35667,25
33,1,20,9.37471227935,0.35608,25
33,1,30,9.06333171494,0.35562,25
33,1,40,8.79085297896,0.35508,25
34,0,0,21.9722457734,0.333333333333,20
34,0.1,10,14.7830609151,0.3323,20
34,0.1,20,9.13377969848,0.3316,20
34,0.1,30,5.64136976772,0.33028,20
34,0.1,40,3.68329664629,0.3287,20
34,0.25,10,9.20288482741,0.33167,20
34,0.25,20,3.9948032207,0.330,20
34,0.25,30,2.43292240235,0.3293,20
34,0.25,40,2.00291068968,0.32730,20
34,0.5,10,6.83914420754,0.3359,20
34,0.5,20,3.46601289706,0.33412,20
34,0.5,30,2.97822698562,0.33257,20
34,0.5,40,2.841107495,0.3317,20
34,0.75,10,7.00765133009,0.34203,20
34,0.75,20,3.34900977698,0.33945,20
34,0.75,30,2.30795071435,0.3366,20
34,0.75,40,2.03312217044,0.33543,20
34,1,10,7.60848170622,0.3488,20
34,1,20,4.88618478074,0.34930,20
34,1,30,4.55157481565,0.3457,20
34,1,40,4.47463306865,0.34287,20
35,0,0,27.4653072167,0.333333333333,25
35,0.1,10,7.77384231018,0.4106,25
35,0.1,20,3.86174917782,0.414,25
35,0.1,30,3.02721780001,0.41613,25
35,0.1,40,2.68292476679,0.4159,25
35,0.25,10,3.88517619913,0.41476,25
35,0.25,20,2.53178050848,0.41616,25
35,0.25,30,2.4500416027,0.41597,25
35,0.25,40,2.41919676068,0.41562,25
35,0.5,10,3.04889643663,0.41544,25
35,0.5,20,2.42245924897,0.41573,25
35,0.5,30,2.44058984224,0.41627,25
35,0.5,40,2.43433319222,0.4159,25
35,0.75,10,3.79622792142,0.41384,25
35,0.75,20,2.66139548107,0.41630,25
35,0.75,30,2.4579976558,0.41622,25
35,0.75,40,2.43397547009,0.4161,25
35,1,10,5.02300259722,0.40389,25
35,1,20,4.2008254439,0.40772,25
35,1,30,3.69685615826,0.40980,25
35,1,40,3.27103981538,0.41059,25
36,0,0,27.4653072167,0.333333333333,25
36,0.1,10,11.7619203728,0.30331,25
36,0.1,20,6.35485062106,0.30496,25
36,0.1,30,4.98010910255,0.30666,25
36,0.1,40,4.47020607941,0.30693,25
36,0.25,10,5.85151310668,0.30464,25
36,0.25,20,4.3105442031,0.30751,25
36,0.25,30,4.13062927,0.30847,25
36,0.25,40,4.16664474004,0.3099,25
36,0.5,10,4.71041157041,0.30086,25
36,0.5,20,4.17278552749,0.30076,25
36,0.5,30,4.13603073711,0.30108,25
36,0.5,40,4.18383671797,0.30081,25
36,0.75,10,5.47126205502,0.2980,25
36,0.75,20,4.355027561,0.29761,25
36,0.75,30,4.21195480808,0.29734,25
36,0.75,40,4.17292581681,0.29703,25
36,1,10,6.98200090731,0.30565,25
36,1,20,5.46608246639,0.30789,25
36,1,30,4.63732488268,0.30936,25
36,1,40,4.37978839035,0.31046,25
37,0,0,16.47918433,0.333333333333,15
37,0.1,10,15.7162027195,0.342413333333,15
37,0.1,20,15.5686665239,0.337926666667,15
37,0.1,30,15.4104411359,0.335740000000,15
37,0.1,40,15.1517127678,0.331493333333,15
37,0.25,10,15.4893561188,0.335046666667,15
37,0.25,20,14.9478635753,0.329566666667,15
37,0.25,30,14.2590222822,0.328020000000,15
37,0.25,40,13.4624526731,0.328720000000,15
37,0.5,10,14.985631144,0.3312,15
37,0.5,20,13.7885861452,0.3245,15
37,0.5,30,12.4440122053,0.3235,15
37,0.5,40,11.5857010614,0.321100000000,15
37,0.75,10,14.4626343869,0.330100000000,15
37,0.75,20,12.8425489444,0.324020000000,15
37,0.75,30,11.5094921056,0.321740000000,15
37,0.75,40,11.0951160701,0.316926666667,15
37,1,10,13.9207565728,0.328426666667,15
37,1,20,12.2486262341,0.3252,15
37,1,30,11.3526128986,0.324266666667,15
37,1,40,11.0029358896,0.322,15
38,0,0,27.4653072167,0.333333333333,25
38,0.1,10,17.6488007103,0.27374,25
38,0.1,20,13.7748296373,0.26138,25
38,0.1,30,12.3517687841,0.2579,25
38,0.1,40,11.4805503167,0.25500,25
38,0.25,10,13.6752665834,0.26006,25
38,0.25,20,11.9074132499,0.25556,25
38,0.25,30,11.4756263888,0.2546,25
38,0.25,40,11.2832371026,0.25478,25
38,0.5,10,12.2182900357,0.25840,25
38,0.5,20,11.1518932716,0.25844,25
38,0.5,30,10.5731847572,0.2600,25
38,0.5,40,10.2404781623,0.25993,25
38,0.75,10,11.2644262357,0.25736,25
38,0.75,20,10.1178836178,0.25908,25
38,0.75,30,9.79304670699,0.25879,25
38,0.75,40,9.70831060912,0.25916,25
38,1,10,11.4271572559,0.2518,25
38,1,20,11.005788019,0.25382,25
38,1,30,10.9381011187,0.25347,25
38,1,40,10.7450574903,0.25323,25
39,0,0,19.775021196,0.333333333333,18
39,0.1,10,15.2046561788,0.317000000000,18
39,0.1,20,13.0821679921,0.311888888889,18
39,0.1,30,11.7510881783,0.308900000000,18
39,0.1,40,10.9448121998,0.306638888889,18
39,0.25,10,12.3746965047,0.310772222222,18
39,0.25,20,10.7005452172,0.307566666667,18
39,0.25,30,10.4599133186,0.306383333333,18
39,0.25,40,10.4223342333,0.303272222222,18
39,0.5,10,10.6331606001,0.310050000000,18
39,0.5,20,10.3900114327,0.306144444445,18
39,0.5,30,10.2979632251,0.302550000000,18
39,0.5,40,10.1779877177,0.300,18
39,0.75,10,10.3846095019,0.309244444445,18
39,0.75,20,10.2087922854,0.305250000000,18
39,0.75,30,9.94383586133,0.301761111111,18
39,0.75,40,9.5888834029,0.298633333334,18
39,1,10,10.2391294474,0.312127777778,18
39,1,20,9.72389401125,0.306188888889,18
39,1,30,9.10124508983,0.304383333333,18
39,1,40,8.21646402845,0.299238888889,18
40,0,0,27.4653072167,0.333333333333,25
40,0.1,10,24.9612471711,0.29880,25
40,0.1,20,23.3515082388,0.29307,25
40,0.1,30,22.1375145904,0.28738,25
40,0.1,40,21.2325484005,0.28841,25
40,0.25,10,23.2098081718,0.2936,25
40,0.25,20,21.2663412204,0.28872,25
40,0.25,30,20.3540472617,0.28839,25
40,0.25,40,19.7051811375,0.2896,25
40,0.5,10,22.2205332029,0.293,25
40,0.5,20,20.3468633659,0.28822,25
40,0.5,30,19.4049356032,0.2881,25
40,0.5,40,18.3894154977,0.2882,25
40,0.75,10,22.3685218445,0.2971,25
40,0.75,20,20.1023352096,0.29052,25
40,0.75,30,18.9805837612,0.28635,25
40,0.75,40,17.7380198401,0.28626,25
40,1,10,23.2693485495,0.3066,25
40,1,20,21.7609743337,0.30144,25
40,1,30,20.4385159216,0.29954,25
40,1,40,19.1345108743,0.29746,25
41,0,0,18.6764089074,0.333333333333,17
41,0.1,10,15.9783581487,0.330870588235,17
41,0.1,20,12.975394055,0.326652941176,17
41,0.1,30,10.481317085,0.322247058824,17
41,0.1,40,8.60512571218,0.322488235294,17
41,0.25,10,11.560823412,0.325000000000,17
41,0.25,20,6.76929145567,0.319535294118,17
41,0.25,30,3.95123710434,0.317264705882,17
41,0.25,40,2.83574317248,0.318488235294,17
41,0.5,10,6.88784875417,0.321900000000,17
41,0.5,20,3.18089112894,0.319464705882,17
41,0.5,30,2.17314709267,0.316947058824,17
41,0.5,40,1.83962283974,0.316670588235,17
41,0.75,10,5.38058365642,0.321594117647,17
41,0.75,20,3.0158614539,0.316647058824,17
41,0.75,30,2.60598483978,0.316258823529,17
41,0.75,40,2.29590035669,0.317294117647,17
41,1,10,4.79049137157,0.323017647059,17
41,1,20,2.91155915496,0.325635294118,17
41,1,30,2.29036416433,0.327682352941,17
41,1,40,2.03142357928,0.329011764706,17
42,0,0,27.4653072167,0.333333333333,25
42,0.1,10,19.9166635202,0.31253,25
42,0.1,20,15.2073333398,0.3061,25
42,0.1,30,12.0940306818,0.30318,25
42,0.1,40,9.96006289064,0.30136,25
42,0.25,10,14.7608324168,0.30381,25
42,0.25,20,9.50483319473,0.30135,25
42,0.25,30,6.73161369808,0.3021,25
42,0.25,40,5.19141929891,0.3018,25
42,0.5,10,10.2552543738,0.2988,25
42,0.5,20,5.64216262045,0.29716,25
42,0.5,30,4.09553848532,0.29792,25
42,0.5,40,3.25045197323,0.29762,25
42,0.75,10,6.615174803,0.29831,25
42,0.75,20,3.37238602967,0.2965,25
42,0.75,30,2.69319971206,0.29540,25
42,0.75,40,2.46859141615,0.29480,25
42,1,10,4.88938737822,0.30166,25
42,1,20,2.93035883849,0.30190,25
42,1,30,2.58842509902,0.30159,25
42,1,40,2.48352470456,0.30176,25
43,0,0,25.2680826394,0.333333333333,23
43,0.1,10,20.1792249148,0.302526086957,23
43,0.1,20,16.4660279648,0.296721739130,23
43,0.1,30,14.8264526766,0.296008695652,23
43,0.1,40,14.0075494227,0.295704347826,23
43,0.25,10,15.7437318923,0.295995652174,23
43,0.25,20,13.7634671717,0.293960869565,23
43,0.25,30,13.5400350176,0.293726086957,23
43,0.25,40,13.5159610625,0.293165217391,23
43,0.5,10,14.1294661965,0.293630434783,23
43,0.5,20,13.5100813541,0.294569565218,23
43,0.5,30,13.5004984495,0.295552173913,23
43,0.5,40,13.51498663,0.295895652174,23
43,0.75,10,14.0314857592,0.293317391304,23
43,0.75,20,13.5923119279,0.292734782609,23
43,0.75,30,13.538184744,0.294586956522,23
43,0.75,40,13.5026126844,0.294873913044,23
43,1,10,14.3395561649,0.298065217391,23
43,1,20,13.946726374,0.298313043478,23
43,1,30,13.8193471689,0.295643478261,23
43,1,40,13.7720670933,0.296273913044,23
44,0,0,27.4653072167,0.333333333333,25
44,0.1,10,17.2091386938,0.35603,25
44,0.1,20,11.8247147163,0.36180,25
44,0.1,30,8.84827636577,0.36386,25
44,0.1,40,7.21716318932,0.36478,25
44,0.25,10,11.3060161051,0.36164,25
44,0.25,20,6.67256325856,0.3653,25
44,0.25,30,4.63925239828,0.36637,25
44,0.25,40,3.57072569835,0.3652,25
44,0.5,10,7.85426676663,0.36449,25
44,0.5,20,3.83362853919,0.36589,25
44,0.5,30,2.47267550518,0.3657,25
44,0.5,40,2.02354086464,0.366,25
44,0.75,10,6.3625017933,0.36374,25
44,0.75,20,2.53507956653,0.3660,25
44,0.75,30,1.9397168482,0.36535,25
44,0.75,40,1.78605935787,0.3656,25
44,1,10,5.80212029981,0.36032,25
44,1,20,2.32989129587,0.36295,25
44,1,30,1.85397826194,0.36388,25
44,1,40,1.74334662078,0.36380,25
45,0,0,27.4653072167,0.333333333333,25
45,0.1,10,17.3566158878,0.36818,25
45,0.1,20,10.0454740736,0.3789,25
45,0.1,30,6.38499234717,0.3839,25
45,0.1,40,4.2501093032,0.38750,25
45,0.25,10,11.6698131631,0.38004,25
45,0.25,20,5.14770714216,0.38568,25
45,0.25,30,3.05806772708,0.387,25
45,0.25,40,2.40192553416,0.38930,25
45,0.5,10,10.7095616294,0.37938,25
45,0.5,20,6.71456195804,0.38294,25
45,0.5,30,4.70250914984,0.38622,25
45,0.5,40,3.63012162101,0.38642,25
45,0.75,10,13.35973986,0.37591,25
45,0.75,20,11.0044002324,0.37653,25
45,0.75,30,10.1131124567,0.37531,25
45,0.75,40,9.60232323296,0.3768,25
45,1,10,17.1089345985,0.37470,25
45,1,20,17.1595447159,0.37176,25
45,1,30,16.9236399122,0.3721,25
45,1,40,16.4782351727,0.37202,25