0 ,  ,  , 34.657359028 , 0.25 , 25
0 , 0.1 , 10 , 49.1845240493 , 0.250808 , 25
0 , 0.1 , 20 , 67.7511198098 , 0.25392 , 25
0 , 0.1 , 30 , 89.9405424994 , 0.252808 , 25
0 , 0.1 , 40 , 113.473336358 , 0.25104 , 25
0 , 0.25 , 10 , 66.71584896 , 0.25564 , 25
0 , 0.25 , 20 , 110.536036231 , 0.257856 , 25
0 , 0.25 , 30 , 156.846046771 , 0.258364 , 25
0 , 0.25 , 40 , 203.693795071 , 0.258916 , 25
0 , 0.5 , 10 , 96.7371399652 , 0.262648 , 25
0 , 0.5 , 20 , 176.62657072 , 0.26462 , 25
0 , 0.5 , 30 , 258.38918327 , 0.26512 , 25
0 , 0.5 , 40 , 340.389795804 , 0.26492 , 25
0 , 0.75 , 10 , 125.957230523 , 0.26472 , 25
0 , 0.75 , 20 , 235.424257571 , 0.2661 , 25
0 , 0.75 , 30 , 345.744037077 , 0.264976 , 25
0 , 0.75 , 40 , 456.362490903 , 0.26446 , 25
0 , 1 , 10 , 149.95109534 , 0.263064 , 25
0 , 1 , 20 , 284.290917685 , 0.265288 , 25
0 , 1 , 30 , 419.600102834 , 0.26434 , 25
0 , 1 , 40 , 555.244663086 , 0.264548 , 25
1 ,  ,  , 34.657359028 , 0.25 , 25
1 , 0.1 , 10 , 71.5887148995 , 0.356348 , 25
1 , 0.1 , 20 , 116.060724071 , 0.362944 , 25
1 , 0.1 , 30 , 162.699358224 , 0.363492 , 25
1 , 0.1 , 40 , 209.983222132 , 0.36418 , 25
1 , 0.25 , 10 , 104.165328848 , 0.363076 , 25
1 , 0.25 , 20 , 186.223829759 , 0.364872 , 25
1 , 0.25 , 30 , 269.840860289 , 0.364896 , 25
1 , 0.25 , 40 , 353.86869882 , 0.36514 , 25
1 , 0.5 , 10 , 129.663260999 , 0.364728 , 25
1 , 0.5 , 20 , 239.744335261 , 0.365124 , 25
1 , 0.5 , 30 , 351.062186699 , 0.364824 , 25
1 , 0.5 , 40 , 462.852751307 , 0.365072 , 25
1 , 0.75 , 10 , 147.63981457 , 0.365832 , 25
1 , 0.75 , 20 , 276.571398976 , 0.365 , 25
1 , 0.75 , 30 , 406.895592043 , 0.364944 , 25
1 , 0.75 , 40 , 537.812707584 , 0.365028 , 25
1 , 1 , 10 , 165.669951621 , 0.366544 , 25
1 , 1 , 20 , 312.900468925 , 0.364984 , 25
1 , 1 , 30 , 461.841631248 , 0.36494 , 25
1 , 1 , 40 , 611.42219643 , 0.365164 , 25
2 ,  ,  , 34.657359028 , 0.25 , 25
2 , 0.1 , 10 , 42.9221906454 , 0.192888 , 25
2 , 0.1 , 20 , 48.7086014597 , 0.185752 , 25
2 , 0.1 , 30 , 56.333498605 , 0.181828 , 25
2 , 0.1 , 40 , 65.4248742993 , 0.179156 , 25
2 , 0.25 , 10 , 47.3251865196 , 0.186836 , 25
2 , 0.25 , 20 , 61.3837404561 , 0.180024 , 25
2 , 0.25 , 30 , 79.0238068543 , 0.177916 , 25
2 , 0.25 , 40 , 98.5313315703 , 0.17744 , 25
2 , 0.5 , 10 , 48.1397377785 , 0.188832 , 25
2 , 0.5 , 20 , 62.4719975189 , 0.180408 , 25
2 , 0.5 , 30 , 78.9664052356 , 0.176424 , 25
2 , 0.5 , 40 , 96.6280050253 , 0.174284 , 25
2 , 0.75 , 10 , 47.1287384103 , 0.191748 , 25
2 , 0.75 , 20 , 61.4397724307 , 0.179604 , 25
2 , 0.75 , 30 , 78.2065166337 , 0.16724 , 25
2 , 0.75 , 40 , 96.6187641673 , 0.161756 , 25
2 , 1 , 10 , 48.9419391106 , 0.187328 , 25
2 , 1 , 20 , 67.5583224758 , 0.168612 , 25
2 , 1 , 30 , 89.7118016431 , 0.161404 , 25
2 , 1 , 40 , 113.683133138 , 0.157492 , 25
3 ,  ,  , 30.4984759446 , 0.25 , 22
3 , 0.1 , 10 , 39.2665241245 , 0.215509090909 , 22
3 , 0.1 , 20 , 45.0033452266 , 0.207872727273 , 22
3 , 0.1 , 30 , 52.1939082267 , 0.194927272727 , 22
3 , 0.1 , 40 , 60.6519835108 , 0.1828 , 22
3 , 0.25 , 10 , 44.7483576434 , 0.198927272727 , 22
3 , 0.25 , 20 , 60.16792585 , 0.170845454545 , 22
3 , 0.25 , 30 , 79.1915948799 , 0.149481818182 , 22
3 , 0.25 , 40 , 100.457311419 , 0.135309090909 , 22
3 , 0.5 , 10 , 50.0007199174 , 0.171909090909 , 22
3 , 0.5 , 20 , 73.8902055407 , 0.142940909091 , 22
3 , 0.5 , 30 , 101.900713397 , 0.128872727273 , 22
3 , 0.5 , 40 , 131.648829561 , 0.119890909091 , 22
3 , 0.75 , 10 , 53.7602716479 , 0.160290909091 , 22
3 , 0.75 , 20 , 81.9612758297 , 0.143372727273 , 22
3 , 0.75 , 30 , 112.779429705 , 0.137986363636 , 22
3 , 0.75 , 40 , 144.716225441 , 0.136313636364 , 22
3 , 1 , 10 , 60.409526138 , 0.155113636364 , 22
3 , 1 , 20 , 97.483246488 , 0.143113636364 , 22
3 , 1 , 30 , 135.975436915 , 0.13785 , 22
3 , 1 , 40 , 174.590979667 , 0.133695454545 , 22
4 ,  ,  , 26.3395928613 , 0.25 , 19
4 , 0.1 , 10 , 29.6058124497 , 0.238536842105 , 19
4 , 0.1 , 20 , 29.5263438571 , 0.241273684211 , 19
4 , 0.1 , 30 , 29.4906953297 , 0.242557894737 , 19
4 , 0.1 , 40 , 29.5146753078 , 0.243721052632 , 19
4 , 0.25 , 10 , 29.4430356789 , 0.242789473684 , 19
4 , 0.25 , 20 , 29.3965694029 , 0.249473684211 , 19
4 , 0.25 , 30 , 29.632756756 , 0.253668421053 , 19
4 , 0.25 , 40 , 29.9817484297 , 0.257884210526 , 19
4 , 0.5 , 10 , 29.5898053849 , 0.252652631579 , 19
4 , 0.5 , 20 , 30.3663362077 , 0.262510526316 , 19
4 , 0.5 , 30 , 31.739226541 , 0.266857894737 , 19
4 , 0.5 , 40 , 33.8361741023 , 0.268315789474 , 19
4 , 0.75 , 10 , 30.5477985975 , 0.2592 , 19
4 , 0.75 , 20 , 32.9892757016 , 0.269152631579 , 19
4 , 0.75 , 30 , 36.6353461445 , 0.2733 , 19
4 , 0.75 , 40 , 40.6883021865 , 0.274768421053 , 19
4 , 1 , 10 , 32.0504627868 , 0.263257894737 , 19
4 , 1 , 20 , 36.9661157217 , 0.272563157895 , 19
4 , 1 , 30 , 43.0564016945 , 0.272057894737 , 19
4 , 1 , 40 , 49.4151428604 , 0.273805263158 , 19
5 ,  ,  , 34.657359028 , 0.25 , 25
5 , 0.1 , 10 , 32.418251961 , 0.272248 , 25
5 , 0.1 , 20 , 35.6765931503 , 0.275416 , 25
5 , 0.1 , 30 , 43.4427577875 , 0.276812 , 25
5 , 0.1 , 40 , 52.6585466604 , 0.277724 , 25
5 , 0.25 , 10 , 38.2483690137 , 0.276508 , 25
5 , 0.25 , 20 , 57.8659085702 , 0.278116 , 25
5 , 0.25 , 30 , 80.5845811368 , 0.279368 , 25
5 , 0.25 , 40 , 104.053050621 , 0.279852 , 25
5 , 0.5 , 10 , 53.739376517 , 0.279372 , 25
5 , 0.5 , 20 , 92.0829654004 , 0.279064 , 25
5 , 0.5 , 30 , 133.602978183 , 0.279788 , 25
5 , 0.5 , 40 , 175.972508634 , 0.279948 , 25
5 , 0.75 , 10 , 67.4343299694 , 0.286328 , 25
5 , 0.75 , 20 , 116.848869538 , 0.281368 , 25
5 , 0.75 , 30 , 170.057557596 , 0.28008 , 25
5 , 0.75 , 40 , 224.512534497 , 0.279996 , 25
5 , 1 , 10 , 82.2035978341 , 0.308596 , 25
5 , 1 , 20 , 145.308674669 , 0.31332 , 25
5 , 1 , 30 , 211.635571708 , 0.31686 , 25
5 , 1 , 40 , 279.338124664 , 0.318792 , 25
6 ,  ,  , 34.657359028 , 0.25 , 25
6 , 0.1 , 10 , 42.5698431056 , 0.1494 , 25
6 , 0.1 , 20 , 48.0858941319 , 0.14148 , 25
6 , 0.1 , 30 , 55.0290964102 , 0.13766 , 25
6 , 0.1 , 40 , 62.8302535763 , 0.135192 , 25
6 , 0.25 , 10 , 48.8195151456 , 0.13962 , 25
6 , 0.25 , 20 , 65.2197916127 , 0.13452 , 25
6 , 0.25 , 30 , 84.0421098748 , 0.130892 , 25
6 , 0.25 , 40 , 103.817740078 , 0.128952 , 25
6 , 0.5 , 10 , 58.2194265141 , 0.136672 , 25
6 , 0.5 , 20 , 89.1335779285 , 0.131104 , 25
6 , 0.5 , 30 , 122.6715328 , 0.128208 , 25
6 , 0.5 , 40 , 157.323480972 , 0.125296 , 25
6 , 0.75 , 10 , 65.2454033525 , 0.135288 , 25
6 , 0.75 , 20 , 106.771005651 , 0.129588 , 25
6 , 0.75 , 30 , 151.255471607 , 0.125156 , 25
6 , 0.75 , 40 , 197.137191208 , 0.122492 , 25
6 , 1 , 10 , 70.8011344834 , 0.134308 , 25
6 , 1 , 20 , 120.568668278 , 0.126984 , 25
6 , 1 , 30 , 173.818642928 , 0.122516 , 25
6 , 1 , 40 , 228.412598393 , 0.121352 , 25
7 ,  ,  , 34.657359028 , 0.25 , 25
7 , 0.1 , 10 , 38.5685201756 , 0.303356 , 25
7 , 0.1 , 20 , 40.5991744573 , 0.300196 , 25
7 , 0.1 , 30 , 45.3887487477 , 0.298436 , 25
7 , 0.1 , 40 , 52.0168808075 , 0.296584 , 25
7 , 0.25 , 10 , 41.5776548053 , 0.303932 , 25
7 , 0.25 , 20 , 54.4656782758 , 0.3008 , 25
7 , 0.25 , 30 , 71.7828650192 , 0.300528 , 25
7 , 0.25 , 40 , 90.428857453 , 0.301392 , 25
7 , 0.5 , 10 , 50.3525912886 , 0.308108 , 25
7 , 0.5 , 20 , 77.6548524144 , 0.307372 , 25
7 , 0.5 , 30 , 108.189716245 , 0.306796 , 25
7 , 0.5 , 40 , 139.442675775 , 0.306848 , 25
7 , 0.75 , 10 , 60.354126604 , 0.311964 , 25
7 , 0.75 , 20 , 98.4588070709 , 0.316652 , 25
7 , 0.75 , 30 , 139.087808891 , 0.320428 , 25
7 , 0.75 , 40 , 180.750769969 , 0.321812 , 25
7 , 1 , 10 , 72.0884633159 , 0.31862 , 25
7 , 1 , 20 , 121.245327013 , 0.326952 , 25
7 , 1 , 30 , 171.776301909 , 0.331276 , 25
7 , 1 , 40 , 223.040699305 , 0.33208 , 25
8 ,  ,  , 34.657359028 , 0.25 , 25
8 , 0.1 , 10 , 70.2629882033 , 0.158628 , 25
8 , 0.1 , 20 , 114.729341051 , 0.155296 , 25
8 , 0.1 , 30 , 161.889746842 , 0.153352 , 25
8 , 0.1 , 40 , 209.850430925 , 0.152564 , 25
8 , 0.25 , 10 , 92.1346417024 , 0.153572 , 25
8 , 0.25 , 20 , 164.20108649 , 0.152364 , 25
8 , 0.25 , 30 , 239.124230205 , 0.151032 , 25
8 , 0.25 , 40 , 315.19502572 , 0.15052 , 25
8 , 0.5 , 10 , 95.7464079703 , 0.150836 , 25
8 , 0.5 , 20 , 173.408373497 , 0.150648 , 25
8 , 0.5 , 30 , 254.153015293 , 0.1504 , 25
8 , 0.5 , 40 , 335.860569604 , 0.150128 , 25
8 , 0.75 , 10 , 97.756625443 , 0.150716 , 25
8 , 0.75 , 20 , 184.07184216 , 0.150212 , 25
8 , 0.75 , 30 , 273.711655243 , 0.149876 , 25
8 , 0.75 , 40 , 363.821936176 , 0.149956 , 25
8 , 1 , 10 , 101.959795624 , 0.150728 , 25
8 , 1 , 20 , 194.254241892 , 0.150064 , 25
8 , 1 , 30 , 289.229756775 , 0.14978 , 25
8 , 1 , 40 , 384.518493628 , 0.15018 , 25
9 ,  ,  , 24.9532985002 , 0.25 , 18
9 , 0.1 , 10 , 33.3083239207 , 0.322888888889 , 18
9 , 0.1 , 20 , 44.8177837047 , 0.324633333333 , 18
9 , 0.1 , 30 , 59.0003363479 , 0.325472222222 , 18
9 , 0.1 , 40 , 74.155237116 , 0.325694444444 , 18
9 , 0.25 , 10 , 47.0539932333 , 0.326255555556 , 18
9 , 0.25 , 20 , 78.2654726941 , 0.326661111111 , 18
9 , 0.25 , 30 , 111.355343836 , 0.326633333333 , 18
9 , 0.25 , 40 , 144.953286749 , 0.325766666667 , 18
9 , 0.5 , 10 , 65.4612675214 , 0.326577777778 , 18
9 , 0.5 , 20 , 116.456660896 , 0.327155555556 , 18
9 , 0.5 , 30 , 168.291591928 , 0.32655 , 18
9 , 0.5 , 40 , 220.387753232 , 0.325711111111 , 18
9 , 0.75 , 10 , 77.8539729627 , 0.326272222222 , 18
9 , 0.75 , 20 , 144.008919787 , 0.326605555556 , 18
9 , 0.75 , 30 , 211.551916267 , 0.326788888889 , 18
9 , 0.75 , 40 , 279.320314483 , 0.32615 , 18
9 , 1 , 10 , 84.1520284466 , 0.327016666667 , 18
9 , 1 , 20 , 158.35760878 , 0.325911111111 , 18
9 , 1 , 30 , 234.148686033 , 0.326516666667 , 18
9 , 1 , 40 , 309.845016636 , 0.326688888889 , 18
10 ,  ,  , 34.657359028 , 0.25 , 25
10 , 0.1 , 10 , 46.4080620344 , 0.20868 , 25
10 , 0.1 , 20 , 63.6804038246 , 0.2041 , 25
10 , 0.1 , 30 , 84.4187771588 , 0.203544 , 25
10 , 0.1 , 40 , 106.547663615 , 0.202716 , 25
10 , 0.25 , 10 , 66.3458483695 , 0.204212 , 25
10 , 0.25 , 20 , 112.81279238 , 0.20342 , 25
10 , 0.25 , 30 , 162.408440136 , 0.203924 , 25
10 , 0.25 , 40 , 212.827367736 , 0.204488 , 25
10 , 0.5 , 10 , 91.3971315397 , 0.204432 , 25
10 , 0.5 , 20 , 168.390090952 , 0.205076 , 25
10 , 0.5 , 30 , 247.757184446 , 0.20492 , 25
10 , 0.5 , 40 , 327.764120479 , 0.205152 , 25
10 , 0.75 , 10 , 105.431706399 , 0.204476 , 25
10 , 0.75 , 20 , 198.786557948 , 0.20462 , 25
10 , 0.75 , 30 , 294.294359943 , 0.204764 , 25
10 , 0.75 , 40 , 390.215771211 , 0.20478 , 25
10 , 1 , 10 , 113.283275515 , 0.204572 , 25
10 , 1 , 20 , 215.642808771 , 0.2052 , 25
10 , 1 , 30 , 319.711240566 , 0.2052 , 25
10 , 1 , 40 , 424.09193844 , 0.205156 , 25
11 ,  ,  , 34.657359028 , 0.25 , 25
11 , 0.1 , 10 , 53.5767467763 , 0.300856 , 25
11 , 0.1 , 20 , 83.4892639166 , 0.299724 , 25
11 , 0.1 , 30 , 118.495108935 , 0.298832 , 25
11 , 0.1 , 40 , 154.966785007 , 0.298616 , 25
11 , 0.25 , 10 , 77.4592647907 , 0.299452 , 25
11 , 0.25 , 20 , 143.478993621 , 0.299072 , 25
11 , 0.25 , 30 , 212.10863519 , 0.298576 , 25
11 , 0.25 , 40 , 281.094631588 , 0.2982 , 25
11 , 0.5 , 10 , 99.8974881291 , 0.299276 , 25
11 , 0.5 , 20 , 191.532145415 , 0.298052 , 25
11 , 0.5 , 30 , 284.903958238 , 0.29722 , 25
11 , 0.5 , 40 , 378.494221244 , 0.29638 , 25
11 , 0.75 , 10 , 113.711564243 , 0.298048 , 25
11 , 0.75 , 20 , 217.476109016 , 0.29694 , 25
11 , 0.75 , 30 , 323.604537517 , 0.295544 , 25
11 , 0.75 , 40 , 430.092866785 , 0.294404 , 25
11 , 1 , 10 , 126.964128123 , 0.297132 , 25
11 , 1 , 20 , 238.804140754 , 0.296536 , 25
11 , 1 , 30 , 353.253804821 , 0.294428 , 25
11 , 1 , 40 , 468.624895797 , 0.293484 , 25
12 ,  ,  , 34.657359028 , 0.25 , 25
12 , 0.1 , 10 , 41.1326438691 , 0.291292 , 25
12 , 0.1 , 20 , 44.3034337475 , 0.294596 , 25
12 , 0.1 , 30 , 48.5502834462 , 0.299756 , 25
12 , 0.1 , 40 , 53.7392603655 , 0.3045 , 25
12 , 0.25 , 10 , 43.6004409379 , 0.292276 , 25
12 , 0.25 , 20 , 52.2507683733 , 0.30202 , 25
12 , 0.25 , 30 , 63.6184721706 , 0.310684 , 25
12 , 0.25 , 40 , 76.5879796441 , 0.316904 , 25
12 , 0.5 , 10 , 46.5719365234 , 0.289296 , 25
12 , 0.5 , 20 , 62.1151959909 , 0.302112 , 25
12 , 0.5 , 30 , 80.9952707016 , 0.30972 , 25
12 , 0.5 , 40 , 101.144912466 , 0.31472 , 25
12 , 0.75 , 10 , 49.8130921711 , 0.2826 , 25
12 , 0.75 , 20 , 71.7173651744 , 0.28694 , 25
12 , 0.75 , 30 , 96.1700788023 , 0.287504 , 25
12 , 0.75 , 40 , 121.342225656 , 0.285788 , 25
12 , 1 , 10 , 55.5175234377 , 0.271724 , 25
12 , 1 , 20 , 86.3264893259 , 0.267988 , 25
12 , 1 , 30 , 119.419315687 , 0.263856 , 25
12 , 1 , 40 , 153.369638139 , 0.26308 , 25
13 ,  ,  , 22.1807097779 , 0.25 , 16
13 , 0.1 , 10 , 58.755427458 , 0.0 , 16
13 , 0.1 , 20 , 102.150046038 , 0.0 , 16
13 , 0.1 , 30 , 146.674877686 , 0.0 , 16
13 , 0.1 , 40 , 191.447569979 , 0.0 , 16
13 , 0.25 , 10 , 82.6796676821 , 0.0 , 16
13 , 0.25 , 20 , 152.059379079 , 0.0 , 16
13 , 0.25 , 30 , 221.987431752 , 0.0 , 16
13 , 0.25 , 40 , 291.988478194 , 0.0 , 16
13 , 0.5 , 10 , 95.2476320039 , 0.0 , 16
13 , 0.5 , 20 , 176.925480309 , 0.0 , 16
13 , 0.5 , 30 , 259.023982358 , 0.0 , 16
13 , 0.5 , 40 , 341.255756914 , 0.0 , 16
13 , 0.75 , 10 , 100.151576882 , 0.0 , 16
13 , 0.75 , 20 , 185.863837131 , 0.0 , 16
13 , 0.75 , 30 , 271.937213979 , 0.0 , 16
13 , 0.75 , 40 , 358.148576986 , 0.0 , 16
13 , 1 , 10 , 103.287939443 , 0.0 , 16
13 , 1 , 20 , 191.301251299 , 0.0 , 16
13 , 1 , 30 , 279.507692444 , 0.0 , 16
13 , 1 , 40 , 367.870253054 , 0.0 , 16
14 ,  ,  , 20.7944154168 , 0.25 , 15
14 , 0.1 , 10 , 21.7053130986 , 0.36802 , 15
14 , 0.1 , 20 , 20.1412284716 , 0.377606666667 , 15
14 , 0.1 , 30 , 18.7675104125 , 0.388233333333 , 15
14 , 0.1 , 40 , 17.7117361914 , 0.393506666667 , 15
14 , 0.25 , 10 , 20.4970598035 , 0.38098 , 15
14 , 0.25 , 20 , 18.7307777464 , 0.398026666667 , 15
14 , 0.25 , 30 , 18.3300989646 , 0.405646666667 , 15
14 , 0.25 , 40 , 18.5692427065 , 0.414686666667 , 15
14 , 0.5 , 10 , 20.2653412693 , 0.393266666667 , 15
14 , 0.5 , 20 , 20.8991598554 , 0.412006666667 , 15
14 , 0.5 , 30 , 23.3592190161 , 0.419066666667 , 15
14 , 0.5 , 40 , 26.4219211084 , 0.4203 , 15
14 , 0.75 , 10 , 20.7188189654 , 0.400826666667 , 15
14 , 0.75 , 20 , 24.1559782777 , 0.40968 , 15
14 , 0.75 , 30 , 28.6864140047 , 0.41458 , 15
14 , 0.75 , 40 , 32.9162400053 , 0.417146666667 , 15
14 , 1 , 10 , 21.2653855867 , 0.39946 , 15
14 , 1 , 20 , 26.3788778825 , 0.401406666667 , 15
14 , 1 , 30 , 31.8492275965 , 0.402093333333 , 15
14 , 1 , 40 , 35.8969288284 , 0.403366666667 , 15
15 ,  ,  , 29.1121815835 , 0.25 , 21
15 , 0.1 , 10 , 32.7911500301 , 0.203352380952 , 21
15 , 0.1 , 20 , 32.7688297307 , 0.198066666667 , 21
15 , 0.1 , 30 , 32.7112835416 , 0.195647619048 , 21
15 , 0.1 , 40 , 32.6843153598 , 0.192004761905 , 21
15 , 0.25 , 10 , 32.4775534995 , 0.195747619048 , 21
15 , 0.25 , 20 , 32.1657861138 , 0.18840952381 , 21
15 , 0.25 , 30 , 32.1415804011 , 0.185066666667 , 21
15 , 0.25 , 40 , 32.3136106076 , 0.183123809524 , 21
15 , 0.5 , 10 , 31.93527907 , 0.187071428571 , 21
15 , 0.5 , 20 , 31.7181485498 , 0.182919047619 , 21
15 , 0.5 , 30 , 31.8356309687 , 0.180523809524 , 21
15 , 0.5 , 40 , 32.1063149902 , 0.180119047619 , 21
15 , 0.75 , 10 , 31.7307483501 , 0.184814285714 , 21
15 , 0.75 , 20 , 31.5902646941 , 0.181552380952 , 21
15 , 0.75 , 30 , 31.717556532 , 0.181585714286 , 21
15 , 0.75 , 40 , 32.2434181021 , 0.18239047619 , 21
15 , 1 , 10 , 31.7266651187 , 0.180371428571 , 21
15 , 1 , 20 , 31.5432357558 , 0.180619047619 , 21
15 , 1 , 30 , 32.0053787768 , 0.1822 , 21
15 , 1 , 40 , 32.8916217307 , 0.183523809524 , 21
16 ,  ,  , 27.7258872224 , 0.25 , 20
16 , 0.1 , 10 , 28.429684431 , 0.32312 , 20
16 , 0.1 , 20 , 26.7711804248 , 0.326555 , 20
16 , 0.1 , 30 , 26.371072057 , 0.3286 , 20
16 , 0.1 , 40 , 26.8015071327 , 0.33091 , 20
16 , 0.25 , 10 , 27.0269644133 , 0.327985 , 20
16 , 0.25 , 20 , 28.8948707321 , 0.33048 , 20
16 , 0.25 , 30 , 32.7106322963 , 0.33063 , 20
16 , 0.25 , 40 , 37.1757247123 , 0.329465 , 20
16 , 0.5 , 10 , 31.3681965539 , 0.32782 , 20
16 , 0.5 , 20 , 41.4351424455 , 0.327165 , 20
16 , 0.5 , 30 , 52.2010414917 , 0.3236 , 20
16 , 0.5 , 40 , 63.270331645 , 0.320545 , 20
16 , 0.75 , 10 , 40.7025840045 , 0.319515 , 20
16 , 0.75 , 20 , 59.8377689124 , 0.316905 , 20
16 , 0.75 , 30 , 79.0498940754 , 0.31396 , 20
16 , 0.75 , 40 , 98.0542326094 , 0.31129 , 20
16 , 1 , 10 , 55.0966167283 , 0.29017 , 20
16 , 1 , 20 , 89.4779080079 , 0.263055 , 20
16 , 1 , 30 , 123.683277053 , 0.24675 , 20
16 , 1 , 40 , 157.671857711 , 0.23343 , 20
17 ,  ,  , 34.657359028 , 0.25 , 25
17 , 0.1 , 10 , 106.298339872 , 0.115784 , 25
17 , 0.1 , 20 , 193.190408994 , 0.117724 , 25
17 , 0.1 , 30 , 283.019018795 , 0.119084 , 25
17 , 0.1 , 40 , 374.108692689 , 0.119676 , 25
17 , 0.25 , 10 , 148.432038411 , 0.118604 , 25
17 , 0.25 , 20 , 285.706855729 , 0.119884 , 25
17 , 0.25 , 30 , 425.892503277 , 0.119988 , 25
17 , 0.25 , 40 , 566.773607914 , 0.12 , 25
17 , 0.5 , 10 , 168.471675264 , 0.119908 , 25
17 , 0.5 , 20 , 330.892173713 , 0.12 , 25
17 , 0.5 , 30 , 494.955846027 , 0.12 , 25
17 , 0.5 , 40 , 659.16761579 , 0.12 , 25
17 , 0.75 , 10 , 176.571219631 , 0.12 , 25
17 , 0.75 , 20 , 348.282044271 , 0.12 , 25
17 , 0.75 , 30 , 521.166149166 , 0.12 , 25
17 , 0.75 , 40 , 694.129206987 , 0.12 , 25
17 , 1 , 10 , 183.282214077 , 0.120036 , 25
17 , 1 , 20 , 361.220002697 , 0.12 , 25
17 , 1 , 30 , 540.462684051 , 0.12 , 25
17 , 1 , 40 , 719.8286806 , 0.12 , 25
18 ,  ,  , 22.1807097779 , 0.25 , 16
18 , 0.1 , 10 , 20.7377056421 , 0.1314625 , 16
18 , 0.1 , 20 , 17.2434401344 , 0.1163625 , 16
18 , 0.1 , 30 , 14.9733119346 , 0.108875 , 16
18 , 0.1 , 40 , 13.7117756608 , 0.105275 , 16
18 , 0.25 , 10 , 16.2249679904 , 0.1109 , 16
18 , 0.25 , 20 , 13.4966356047 , 0.10265 , 16
18 , 0.25 , 30 , 13.5298746693 , 0.1017125 , 16
18 , 0.25 , 40 , 14.2632311408 , 0.101575 , 16
18 , 0.5 , 10 , 14.3939180317 , 0.1023 , 16
18 , 0.5 , 20 , 14.9465337985 , 0.10170625 , 16
18 , 0.5 , 30 , 16.5863644081 , 0.10140625 , 16
18 , 0.5 , 40 , 18.487654506 , 0.10185625 , 16
18 , 0.75 , 10 , 16.1340799705 , 0.101625 , 16
18 , 0.75 , 20 , 18.5985307485 , 0.101125 , 16
18 , 0.75 , 30 , 21.4370993279 , 0.1014375 , 16
18 , 0.75 , 40 , 24.3811905902 , 0.10148125 , 16
18 , 1 , 10 , 19.2048760847 , 0.1017375 , 16
18 , 1 , 20 , 24.284740059 , 0.1008 , 16
18 , 1 , 30 , 29.5097341398 , 0.101025 , 16
18 , 1 , 40 , 34.8421721052 , 0.10126875 , 16
19 ,  ,  , 34.657359028 , 0.25 , 25
19 , 0.1 , 10 , 43.9336820752 , 0.426128 , 25
19 , 0.1 , 20 , 71.8515454551 , 0.427664 , 25
19 , 0.1 , 30 , 103.290722144 , 0.429208 , 25
19 , 0.1 , 40 , 135.558249069 , 0.429504 , 25
19 , 0.25 , 10 , 66.2571494872 , 0.428436 , 25
19 , 0.25 , 20 , 124.704635052 , 0.429768 , 25
19 , 0.25 , 30 , 184.572683828 , 0.42998 , 25
19 , 0.25 , 40 , 244.610263697 , 0.429712 , 25
19 , 0.5 , 10 , 83.4318756117 , 0.430156 , 25
19 , 0.5 , 20 , 160.31667768 , 0.430276 , 25
19 , 0.5 , 30 , 237.939552204 , 0.430172 , 25
19 , 0.5 , 40 , 315.708710584 , 0.43006 , 25
19 , 0.75 , 10 , 93.8286635892 , 0.429712 , 25
19 , 0.75 , 20 , 181.398624717 , 0.430116 , 25
19 , 0.75 , 30 , 269.674600304 , 0.430184 , 25
19 , 0.75 , 40 , 358.079881189 , 0.429936 , 25
19 , 1 , 10 , 108.065366331 , 0.42982 , 25
19 , 1 , 20 , 209.656649661 , 0.43016 , 25
19 , 1 , 30 , 311.529363223 , 0.430228 , 25
19 , 1 , 40 , 413.522884675 , 0.430216 , 25
20 ,  ,  , 34.657359028 , 0.25 , 25
20 , 0.1 , 10 , 37.0930884431 , 0.402644 , 25
20 , 0.1 , 20 , 43.3094381593 , 0.412108 , 25
20 , 0.1 , 30 , 53.3279979569 , 0.4153 , 25
20 , 0.1 , 40 , 64.8736123441 , 0.415692 , 25
20 , 0.25 , 10 , 44.7865999376 , 0.411556 , 25
20 , 0.25 , 20 , 68.4913080619 , 0.415596 , 25
20 , 0.25 , 30 , 96.0933625852 , 0.417244 , 25
20 , 0.25 , 40 , 124.555806341 , 0.417448 , 25
20 , 0.5 , 10 , 58.1204416553 , 0.412376 , 25
20 , 0.5 , 20 , 99.5389577427 , 0.415808 , 25
20 , 0.5 , 30 , 143.61815387 , 0.415952 , 25
20 , 0.5 , 40 , 188.346702965 , 0.416304 , 25
20 , 0.75 , 10 , 67.9392311018 , 0.40196 , 25
20 , 0.75 , 20 , 116.411218757 , 0.405276 , 25
20 , 0.75 , 30 , 165.875643718 , 0.407084 , 25
20 , 0.75 , 40 , 215.698262847 , 0.408972 , 25
20 , 1 , 10 , 79.2975542006 , 0.390336 , 25
20 , 1 , 20 , 142.514979166 , 0.39532 , 25
20 , 1 , 30 , 207.071100172 , 0.398196 , 25
20 , 1 , 40 , 271.913584558 , 0.39854 , 25
21 ,  ,  , 34.657359028 , 0.25 , 25
21 , 0.1 , 10 , 32.280790226 , 0.294344 , 25
21 , 0.1 , 20 , 28.7577619685 , 0.2992 , 25
21 , 0.1 , 30 , 27.5780344743 , 0.304436 , 25
21 , 0.1 , 40 , 27.4863355192 , 0.306508 , 25
21 , 0.25 , 10 , 28.0875153575 , 0.297912 , 25
21 , 0.25 , 20 , 27.1788658403 , 0.305944 , 25
21 , 0.25 , 30 , 29.3597205234 , 0.311044 , 25
21 , 0.25 , 40 , 32.8103195751 , 0.315652 , 25
21 , 0.5 , 10 , 25.9650511881 , 0.300908 , 25
21 , 0.5 , 20 , 29.683698758 , 0.310132 , 25
21 , 0.5 , 30 , 36.6176274946 , 0.315 , 25
21 , 0.5 , 40 , 44.8467209176 , 0.318328 , 25
21 , 0.75 , 10 , 25.0800943774 , 0.30088 , 25
21 , 0.75 , 20 , 30.7982342831 , 0.30856 , 25
21 , 0.75 , 30 , 38.9881383513 , 0.312044 , 25
21 , 0.75 , 40 , 48.3380835453 , 0.314552 , 25
21 , 1 , 10 , 23.5124306442 , 0.29708 , 25
21 , 1 , 20 , 26.7955990913 , 0.301112 , 25
21 , 1 , 30 , 30.9334250652 , 0.300064 , 25
21 , 1 , 40 , 34.7759994821 , 0.299084 , 25
22 ,  ,  , 34.657359028 , 0.25 , 25
22 , 0.1 , 10 , 37.4066734038 , 0.340284 , 25
22 , 0.1 , 20 , 36.0190036399 , 0.345072 , 25
22 , 0.1 , 30 , 35.050547771 , 0.34488 , 25
22 , 0.1 , 40 , 34.5003763213 , 0.346292 , 25
22 , 0.25 , 10 , 36.8587592484 , 0.34468 , 25
22 , 0.25 , 20 , 36.0454276667 , 0.346312 , 25
22 , 0.25 , 30 , 36.0715317158 , 0.346264 , 25
22 , 0.25 , 40 , 36.7470923889 , 0.346408 , 25
22 , 0.5 , 10 , 38.2414535082 , 0.345276 , 25
22 , 0.5 , 20 , 39.5927274636 , 0.342952 , 25
22 , 0.5 , 30 , 42.3087943259 , 0.343136 , 25
22 , 0.5 , 40 , 45.9200524269 , 0.343756 , 25
22 , 0.75 , 10 , 40.3980841064 , 0.345108 , 25
22 , 0.75 , 20 , 44.6260178209 , 0.340544 , 25
22 , 0.75 , 30 , 50.5030668792 , 0.33904 , 25
22 , 0.75 , 40 , 57.3779710998 , 0.338952 , 25
22 , 1 , 10 , 42.8635546216 , 0.347988 , 25
22 , 1 , 20 , 50.3247814543 , 0.34772 , 25
22 , 1 , 30 , 59.6842715672 , 0.348396 , 25
22 , 1 , 40 , 69.9818836715 , 0.34852 , 25
23 ,  ,  , 22.1807097779 , 0.25 , 16
23 , 0.1 , 10 , 15.3520094161 , 0.499825 , 16
23 , 0.1 , 20 , 9.74828296435 , 0.5265 , 16
23 , 0.1 , 30 , 6.93683778643 , 0.5392625 , 16
23 , 0.1 , 40 , 5.60339278169 , 0.5437 , 16
23 , 0.25 , 10 , 10.3901136312 , 0.52186875 , 16
23 , 0.25 , 20 , 5.92719686948 , 0.5412375 , 16
23 , 0.25 , 30 , 4.79170207197 , 0.545125 , 16
23 , 0.25 , 40 , 4.48655091521 , 0.5463875 , 16
23 , 0.5 , 10 , 9.36145318231 , 0.52240625 , 16
23 , 0.5 , 20 , 6.28919286767 , 0.53103125 , 16
23 , 0.5 , 30 , 5.40206984372 , 0.53601875 , 16
23 , 0.5 , 40 , 5.03590955088 , 0.53911875 , 16
23 , 0.75 , 10 , 11.2546883743 , 0.5077375 , 16
23 , 0.75 , 20 , 8.96185794706 , 0.504025 , 16
23 , 0.75 , 30 , 8.27778093781 , 0.49623125 , 16
23 , 0.75 , 40 , 8.23659383921 , 0.49120625 , 16
23 , 1 , 10 , 14.625518484 , 0.47525 , 16
23 , 1 , 20 , 13.8940607135 , 0.48244375 , 16
23 , 1 , 30 , 14.1095889097 , 0.48433125 , 16
23 , 1 , 40 , 14.9482689503 , 0.48573125 , 16
24 ,  ,  , 29.1121815835 , 0.25 , 21
24 , 0.1 , 10 , 30.4343904476 , 0.382719047619 , 21
24 , 0.1 , 20 , 28.8604790091 , 0.388623809524 , 21
24 , 0.1 , 30 , 27.8910442037 , 0.391195238095 , 21
24 , 0.1 , 40 , 27.1487846515 , 0.394795238095 , 21
24 , 0.25 , 10 , 28.7994638456 , 0.388304761905 , 21
24 , 0.25 , 20 , 27.1812281124 , 0.395804761905 , 21
24 , 0.25 , 30 , 26.2273183925 , 0.401104761905 , 21
24 , 0.25 , 40 , 25.7332178042 , 0.403233333333 , 21
24 , 0.5 , 10 , 27.9554533603 , 0.392819047619 , 21
24 , 0.5 , 20 , 26.5158232706 , 0.3998 , 21
24 , 0.5 , 30 , 26.1537573083 , 0.40470952381 , 21
24 , 0.5 , 40 , 26.4725510547 , 0.407238095238 , 21
24 , 0.75 , 10 , 27.8276497521 , 0.393295238095 , 21
24 , 0.75 , 20 , 26.740858001 , 0.401942857143 , 21
24 , 0.75 , 30 , 27.1338083513 , 0.404952380952 , 21
24 , 0.75 , 40 , 28.3670544245 , 0.408080952381 , 21
24 , 1 , 10 , 27.9290193746 , 0.394485714286 , 21
24 , 1 , 20 , 27.360152788 , 0.401057142857 , 21
24 , 1 , 30 , 28.5792410368 , 0.404038095238 , 21
24 , 1 , 40 , 30.6887724241 , 0.405933333333 , 21
25 ,  ,  , 34.657359028 , 0.25 , 25
25 , 0.1 , 10 , 37.8662755221 , 0.23378 , 25
25 , 0.1 , 20 , 36.7111355794 , 0.233228 , 25
25 , 0.1 , 30 , 35.7536020475 , 0.231568 , 25
25 , 0.1 , 40 , 35.0057771763 , 0.230504 , 25
25 , 0.25 , 10 , 36.2645383647 , 0.233372 , 25
25 , 0.25 , 20 , 34.1179593395 , 0.230264 , 25
25 , 0.25 , 30 , 33.1226737931 , 0.228392 , 25
25 , 0.25 , 40 , 33.1010634036 , 0.228048 , 25
25 , 0.5 , 10 , 34.6042607837 , 0.231916 , 25
25 , 0.5 , 20 , 32.4014384178 , 0.23184 , 25
25 , 0.5 , 30 , 32.2156114523 , 0.230676 , 25
25 , 0.5 , 40 , 33.3914685165 , 0.229736 , 25
25 , 0.75 , 10 , 34.123865674 , 0.234764 , 25
25 , 0.75 , 20 , 32.8681598954 , 0.234564 , 25
25 , 0.75 , 30 , 33.6939781585 , 0.23316 , 25
25 , 0.75 , 40 , 35.6072808539 , 0.2302 , 25
25 , 1 , 10 , 34.5136996821 , 0.235972 , 25
25 , 1 , 20 , 34.9497835283 , 0.236484 , 25
25 , 1 , 30 , 37.6720790966 , 0.232564 , 25
25 , 1 , 40 , 41.4279313302 , 0.229084 , 25
26 ,  ,  , 26.3395928613 , 0.25 , 19
26 , 0.1 , 10 , 28.7496366039 , 0.244657894737 , 19
26 , 0.1 , 20 , 28.2097031255 , 0.248615789474 , 19
26 , 0.1 , 30 , 28.2399471256 , 0.251878947368 , 19
26 , 0.1 , 40 , 28.9958187617 , 0.252505263158 , 19
26 , 0.25 , 10 , 28.3121694616 , 0.251031578947 , 19
26 , 0.25 , 20 , 29.4828750923 , 0.255442105263 , 19
26 , 0.25 , 30 , 32.9101639448 , 0.255463157895 , 19
26 , 0.25 , 40 , 37.5702226537 , 0.255489473684 , 19
26 , 0.5 , 10 , 30.1195365783 , 0.254947368421 , 19
26 , 0.5 , 20 , 36.1970470026 , 0.259215789474 , 19
26 , 0.5 , 30 , 44.4881706484 , 0.261126315789 , 19
26 , 0.5 , 40 , 53.963782357 , 0.262978947368 , 19
26 , 0.75 , 10 , 34.5711008138 , 0.248694736842 , 19
26 , 0.75 , 20 , 46.1134146806 , 0.246989473684 , 19
26 , 0.75 , 30 , 59.2876678524 , 0.246094736842 , 19
26 , 0.75 , 40 , 73.3432925589 , 0.247131578947 , 19
26 , 1 , 10 , 40.1205756165 , 0.240105263158 , 19
26 , 1 , 20 , 57.744161993 , 0.226563157895 , 19
26 , 1 , 30 , 76.6308897869 , 0.219542105263 , 19
26 , 1 , 40 , 96.1902383431 , 0.212826315789 , 19
27 ,  ,  , 34.657359028 , 0.25 , 25
27 , 0.1 , 10 , 49.0937414177 , 0.091044 , 25
27 , 0.1 , 20 , 64.0399258556 , 0.091388 , 25
27 , 0.1 , 30 , 80.0872603495 , 0.092872 , 25
27 , 0.1 , 40 , 96.5108306792 , 0.094304 , 25
27 , 0.25 , 10 , 64.0307689394 , 0.091508 , 25
27 , 0.25 , 20 , 96.8592184378 , 0.095576 , 25
27 , 0.25 , 30 , 130.612307811 , 0.098396 , 25
27 , 0.25 , 40 , 164.578087819 , 0.101156 , 25
27 , 0.5 , 10 , 78.6689987216 , 0.092316 , 25
27 , 0.5 , 20 , 127.614673006 , 0.099696 , 25
27 , 0.5 , 30 , 177.122443145 , 0.1047 , 25
27 , 0.5 , 40 , 226.83054852 , 0.108368 , 25
27 , 0.75 , 10 , 88.5065058718 , 0.096084 , 25
27 , 0.75 , 20 , 147.411895948 , 0.103268 , 25
27 , 0.75 , 30 , 206.908650283 , 0.109096 , 25
27 , 0.75 , 40 , 266.560008518 , 0.113748 , 25
27 , 1 , 10 , 96.8580607081 , 0.098784 , 25
27 , 1 , 20 , 163.737184137 , 0.107384 , 25
27 , 1 , 30 , 231.422073106 , 0.115136 , 25
27 , 1 , 40 , 299.656533684 , 0.119056 , 25
28 ,  ,  , 34.657359028 , 0.25 , 25
28 , 0.1 , 10 , 38.55200997 , 0.338548 , 25
28 , 0.1 , 20 , 43.388543039 , 0.3492 , 25
28 , 0.1 , 30 , 52.5175558363 , 0.35562 , 25
28 , 0.1 , 40 , 63.9511798929 , 0.358048 , 25
28 , 0.25 , 10 , 41.2838935223 , 0.34906 , 25
28 , 0.25 , 20 , 58.3267621529 , 0.358432 , 25
28 , 0.25 , 30 , 81.2853644406 , 0.359804 , 25
28 , 0.25 , 40 , 106.111653598 , 0.359972 , 25
28 , 0.5 , 10 , 42.7953467999 , 0.351912 , 25
28 , 0.5 , 20 , 65.7873790536 , 0.358972 , 25
28 , 0.5 , 30 , 93.4579275561 , 0.359864 , 25
28 , 0.5 , 40 , 122.425832874 , 0.359992 , 25
28 , 0.75 , 10 , 43.5053076494 , 0.349268 , 25
28 , 0.75 , 20 , 66.9894809364 , 0.3575 , 25
28 , 0.75 , 30 , 93.889668152 , 0.359332 , 25
28 , 0.75 , 40 , 121.875323631 , 0.359836 , 25
28 , 1 , 10 , 48.487816666 , 0.347764 , 25
28 , 1 , 20 , 78.327536492 , 0.3544 , 25
28 , 1 , 30 , 110.722855991 , 0.356776 , 25
28 , 1 , 40 , 144.13284788 , 0.358364 , 25
29 ,  ,  , 20.7944154168 , 0.25 , 15
29 , 0.1 , 10 , 24.1208390444 , 0.293893333333 , 15
29 , 0.1 , 20 , 25.0197010646 , 0.30208 , 15
29 , 0.1 , 30 , 26.1865355521 , 0.30662 , 15
29 , 0.1 , 40 , 27.6215672952 , 0.3121 , 15
29 , 0.25 , 10 , 24.9559823096 , 0.301273333333 , 15
29 , 0.25 , 20 , 27.5543790148 , 0.31258 , 15
29 , 0.25 , 30 , 31.1490254917 , 0.316906666667 , 15
29 , 0.25 , 40 , 35.4913872289 , 0.318873333333 , 15
29 , 0.5 , 10 , 25.8232197443 , 0.306526666667 , 15
29 , 0.5 , 20 , 30.846677024 , 0.317413333333 , 15
29 , 0.5 , 30 , 37.7124102308 , 0.320066666667 , 15
29 , 0.5 , 40 , 45.4590027319 , 0.323253333333 , 15
29 , 0.75 , 10 , 26.282384526 , 0.310746666667 , 15
29 , 0.75 , 20 , 33.0929112934 , 0.316686666667 , 15
29 , 0.75 , 30 , 41.9286687284 , 0.321573333333 , 15
29 , 0.75 , 40 , 51.4966023289 , 0.325693333333 , 15
29 , 1 , 10 , 26.7693376922 , 0.30786 , 15
29 , 1 , 20 , 34.8995161871 , 0.315806666667 , 15
29 , 1 , 30 , 45.0099895933 , 0.320693333333 , 15
29 , 1 , 40 , 55.6939248029 , 0.324366666667 , 15
30 ,  ,  , 23.567004139 , 0.25 , 17
30 , 0.1 , 10 , 24.8781441866 , 0.359835294118 , 17
30 , 0.1 , 20 , 23.3277356399 , 0.358158823529 , 17
30 , 0.1 , 30 , 21.8969008625 , 0.358864705882 , 17
30 , 0.1 , 40 , 20.7398723526 , 0.359141176471 , 17
30 , 0.25 , 10 , 23.1874844136 , 0.359952941176 , 17
30 , 0.25 , 20 , 20.6255740011 , 0.3601 , 17
30 , 0.25 , 30 , 18.9715750998 , 0.363547058824 , 17
30 , 0.25 , 40 , 17.9785517212 , 0.367647058824 , 17
30 , 0.5 , 10 , 21.8418118902 , 0.360347058824 , 17
30 , 0.5 , 20 , 19.1056756323 , 0.365417647059 , 17
30 , 0.5 , 30 , 17.6620588605 , 0.369982352941 , 17
30 , 0.5 , 40 , 16.8941746569 , 0.375270588235 , 17
30 , 0.75 , 10 , 21.5250707458 , 0.362358823529 , 17
30 , 0.75 , 20 , 18.9658407712 , 0.368682352941 , 17
30 , 0.75 , 30 , 17.594885401 , 0.374694117647 , 17
30 , 0.75 , 40 , 16.8291329174 , 0.377494117647 , 17
30 , 1 , 10 , 21.8748046661 , 0.365029411765 , 17
30 , 1 , 20 , 20.0232098866 , 0.372 , 17
30 , 1 , 30 , 19.0793727932 , 0.378305882353 , 17
30 , 1 , 40 , 18.4533937612 , 0.381958823529 , 17
31 ,  ,  , 30.4984759446 , 0.25 , 22
31 , 0.1 , 10 , 40.0743663796 , 0.2213 , 22
31 , 0.1 , 20 , 45.5904102798 , 0.233331818182 , 22
31 , 0.1 , 30 , 51.2357284664 , 0.239613636364 , 22
31 , 0.1 , 40 , 57.0068168523 , 0.24375 , 22
31 , 0.25 , 10 , 43.3606778396 , 0.227663636364 , 22
31 , 0.25 , 20 , 53.6706111119 , 0.233277272727 , 22
31 , 0.25 , 30 , 66.2100098545 , 0.232754545455 , 22
31 , 0.25 , 40 , 80.7099370335 , 0.231354545455 , 22
31 , 0.5 , 10 , 46.0514663991 , 0.215859090909 , 22
31 , 0.5 , 20 , 73.173786786 , 0.221586363636 , 22
31 , 0.5 , 30 , 103.22295226 , 0.225309090909 , 22
31 , 0.5 , 40 , 134.202717585 , 0.226722727273 , 22
31 , 0.75 , 10 , 50.5918608253 , 0.220172727273 , 22
31 , 0.75 , 20 , 91.1941494284 , 0.226277272727 , 22
31 , 0.75 , 30 , 133.446251193 , 0.227136363636 , 22
31 , 0.75 , 40 , 175.95940337 , 0.227245454545 , 22
31 , 1 , 10 , 55.6441978596 , 0.22725 , 22
31 , 1 , 20 , 105.140292051 , 0.227290909091 , 22
31 , 1 , 30 , 154.874586153 , 0.227272727273 , 22
31 , 1 , 40 , 204.590550428 , 0.227272727273 , 22
32 ,  ,  , 26.3395928613 , 0.25 , 19
32 , 0.1 , 10 , 28.659521198 , 0.341863157895 , 19
32 , 0.1 , 20 , 30.9345691944 , 0.351489473684 , 19
32 , 0.1 , 30 , 35.7155757776 , 0.356142105263 , 19
32 , 0.1 , 40 , 41.6603824693 , 0.358994736842 , 19
32 , 0.25 , 10 , 33.181575912 , 0.354357894737 , 19
32 , 0.25 , 20 , 45.839496565 , 0.360684210526 , 19
32 , 0.25 , 30 , 60.9234943345 , 0.362968421053 , 19
32 , 0.25 , 40 , 76.549105843 , 0.365210526316 , 19
32 , 0.5 , 10 , 43.6482671104 , 0.363489473684 , 19
32 , 0.5 , 20 , 68.8011265424 , 0.366142105263 , 19
32 , 0.5 , 30 , 95.9018842527 , 0.366747368421 , 19
32 , 0.5 , 40 , 123.61372911 , 0.366984210526 , 19
32 , 0.75 , 10 , 52.3126059879 , 0.370994736842 , 19
32 , 0.75 , 20 , 85.7165022144 , 0.369768421053 , 19
32 , 0.75 , 30 , 120.867063028 , 0.368552631579 , 19
32 , 0.75 , 40 , 156.886130306 , 0.368142105263 , 19
32 , 1 , 10 , 57.8613201204 , 0.380747368421 , 19
32 , 1 , 20 , 96.5376572734 , 0.3868 , 19
32 , 1 , 30 , 137.107811065 , 0.390663157895 , 19
32 , 1 , 40 , 178.493520647 , 0.394568421053 , 19
33 ,  ,  , 34.657359028 , 0.25 , 25
33 , 0.1 , 10 , 42.5676815231 , 0.34084 , 25
33 , 0.1 , 20 , 51.0591639011 , 0.344396 , 25
33 , 0.1 , 30 , 62.5472466693 , 0.347804 , 25
33 , 0.1 , 40 , 75.2274145241 , 0.347748 , 25
33 , 0.25 , 10 , 52.5270828954 , 0.344608 , 25
33 , 0.25 , 20 , 79.1218735415 , 0.347716 , 25
33 , 0.25 , 30 , 107.521899521 , 0.349836 , 25
33 , 0.25 , 40 , 136.170819515 , 0.350608 , 25
33 , 0.5 , 10 , 67.822786334 , 0.345904 , 25
33 , 0.5 , 20 , 113.565752682 , 0.347284 , 25
33 , 0.5 , 30 , 160.005385602 , 0.350028 , 25
33 , 0.5 , 40 , 206.54393625 , 0.351512 , 25
33 , 0.75 , 10 , 75.9584742811 , 0.344556 , 25
33 , 0.75 , 20 , 130.280842064 , 0.346556 , 25
33 , 0.75 , 30 , 185.202457856 , 0.347844 , 25
33 , 0.75 , 40 , 240.223894747 , 0.349292 , 25
33 , 1 , 10 , 75.2356559619 , 0.340216 , 25
33 , 1 , 20 , 126.330911889 , 0.343172 , 25
33 , 1 , 30 , 178.834837463 , 0.344344 , 25
33 , 1 , 40 , 231.780885341 , 0.345296 , 25
34 ,  ,  , 27.7258872224 , 0.25 , 20
34 , 0.1 , 10 , 28.5141688865 , 0.324725 , 20
34 , 0.1 , 20 , 27.148631691 , 0.32457 , 20
34 , 0.1 , 30 , 27.501055296 , 0.32463 , 20
34 , 0.1 , 40 , 28.948057609 , 0.325915 , 20
34 , 0.25 , 10 , 28.0214739573 , 0.324465 , 20
34 , 0.25 , 20 , 31.2401025812 , 0.32574 , 20
34 , 0.25 , 30 , 37.3517667515 , 0.32593 , 20
34 , 0.25 , 40 , 44.3476063666 , 0.327005 , 20
34 , 0.5 , 10 , 32.2572159653 , 0.325885 , 20
34 , 0.5 , 20 , 44.4864412571 , 0.32723 , 20
34 , 0.5 , 30 , 59.2042086436 , 0.32729 , 20
34 , 0.5 , 40 , 74.4117821518 , 0.32864 , 20
34 , 0.75 , 10 , 38.8946611377 , 0.32621 , 20
34 , 0.75 , 20 , 59.4339840027 , 0.32774 , 20
34 , 0.75 , 30 , 82.1596099295 , 0.328225 , 20
34 , 0.75 , 40 , 105.314243538 , 0.32784 , 20
34 , 1 , 10 , 47.9525100052 , 0.325865 , 20
34 , 1 , 20 , 76.8012199546 , 0.326585 , 20
34 , 1 , 30 , 107.080951944 , 0.328045 , 20
34 , 1 , 40 , 137.684211214 , 0.329415 , 20
35 ,  ,  , 34.657359028 , 0.25 , 25
35 , 0.1 , 10 , 37.3868613101 , 0.187712 , 25
35 , 0.1 , 20 , 36.5571496502 , 0.180856 , 25
35 , 0.1 , 30 , 36.592882472 , 0.178872 , 25
35 , 0.1 , 40 , 37.3062944696 , 0.177516 , 25
35 , 0.25 , 10 , 38.5900665725 , 0.175568 , 25
35 , 0.25 , 20 , 42.7160872185 , 0.173108 , 25
35 , 0.25 , 30 , 49.1409151401 , 0.174724 , 25
35 , 0.25 , 40 , 56.7059322491 , 0.173172 , 25
35 , 0.5 , 10 , 47.0719973172 , 0.166716 , 25
35 , 0.5 , 20 , 65.5114322832 , 0.163664 , 25
35 , 0.5 , 30 , 86.9417710625 , 0.16266 , 25
35 , 0.5 , 40 , 109.669361776 , 0.16156 , 25
35 , 0.75 , 10 , 60.3328709741 , 0.160668 , 25
35 , 0.75 , 20 , 96.4823656474 , 0.154712 , 25
35 , 0.75 , 30 , 135.437982067 , 0.153904 , 25
35 , 0.75 , 40 , 175.151022782 , 0.1533 , 25
35 , 1 , 10 , 75.7544437508 , 0.161444 , 25
35 , 1 , 20 , 132.389688023 , 0.159792 , 25
35 , 1 , 30 , 192.35998822 , 0.157608 , 25
35 , 1 , 40 , 253.282179888 , 0.155676 , 25
36 ,  ,  , 34.657359028 , 0.25 , 25
36 , 0.1 , 10 , 54.6897226117 , 0.34664 , 25
36 , 0.1 , 20 , 83.3835331299 , 0.356484 , 25
36 , 0.1 , 30 , 116.693942963 , 0.358576 , 25
36 , 0.1 , 40 , 151.615107536 , 0.359744 , 25
36 , 0.25 , 10 , 83.2612120104 , 0.355952 , 25
36 , 0.25 , 20 , 150.58745967 , 0.35932 , 25
36 , 0.25 , 30 , 220.668171834 , 0.36014 , 25
36 , 0.25 , 40 , 291.201474334 , 0.359936 , 25
36 , 0.5 , 10 , 118.437301595 , 0.3515 , 25
36 , 0.5 , 20 , 225.474885593 , 0.356012 , 25
36 , 0.5 , 30 , 334.69578205 , 0.358728 , 25
36 , 0.5 , 40 , 444.083119622 , 0.35994 , 25
36 , 0.75 , 10 , 142.822602302 , 0.33492 , 25
36 , 0.75 , 20 , 270.897624748 , 0.33118 , 25
36 , 0.75 , 30 , 399.163003062 , 0.328128 , 25
36 , 0.75 , 40 , 526.622779511 , 0.325536 , 25
36 , 1 , 10 , 161.635675681 , 0.312704 , 25
36 , 1 , 20 , 307.296596968 , 0.310264 , 25
36 , 1 , 30 , 454.364450859 , 0.309424 , 25
36 , 1 , 40 , 601.826019714 , 0.310184 , 25
37 ,  ,  , 20.7944154168 , 0.25 , 15
37 , 0.1 , 10 , 22.695766516 , 0.29314 , 15
37 , 0.1 , 20 , 22.037231238 , 0.28242 , 15
37 , 0.1 , 30 , 21.5057864459 , 0.272526666667 , 15
37 , 0.1 , 40 , 20.9370091639 , 0.26474 , 15
37 , 0.25 , 10 , 21.9469561362 , 0.27974 , 15
37 , 0.25 , 20 , 20.7750820028 , 0.260593333333 , 15
37 , 0.25 , 30 , 19.6488723117 , 0.24502 , 15
37 , 0.25 , 40 , 18.5056088223 , 0.236826666667 , 15
37 , 0.5 , 10 , 21.3289788335 , 0.26944 , 15
37 , 0.5 , 20 , 19.6911681043 , 0.246646666667 , 15
37 , 0.5 , 30 , 18.0807489915 , 0.23482 , 15
37 , 0.5 , 40 , 16.3552183565 , 0.233653333333 , 15
37 , 0.75 , 10 , 21.3698995722 , 0.265193333333 , 15
37 , 0.75 , 20 , 19.9283809017 , 0.247686666667 , 15
37 , 0.75 , 30 , 18.3063698422 , 0.240113333333 , 15
37 , 0.75 , 40 , 16.5729747279 , 0.239006666667 , 15
37 , 1 , 10 , 22.2404878839 , 0.265653333333 , 15
37 , 1 , 20 , 22.3965776429 , 0.253713333333 , 15
37 , 1 , 30 , 22.8257210652 , 0.246533333333 , 15
37 , 1 , 40 , 23.5097430734 , 0.243233333333 , 15
38 ,  ,  , 34.657359028 , 0.25 , 25
38 , 0.1 , 10 , 38.186782435 , 0.181968 , 25
38 , 0.1 , 20 , 43.7429126911 , 0.181456 , 25
38 , 0.1 , 30 , 52.666635422 , 0.180636 , 25
38 , 0.1 , 40 , 63.4323603036 , 0.180216 , 25
38 , 0.25 , 10 , 50.6347809291 , 0.187132 , 25
38 , 0.25 , 20 , 76.9693070181 , 0.183076 , 25
38 , 0.25 , 30 , 107.620847055 , 0.181028 , 25
38 , 0.25 , 40 , 139.851413151 , 0.180292 , 25
38 , 0.5 , 10 , 79.1748695399 , 0.201608 , 25
38 , 0.5 , 20 , 138.593755224 , 0.205744 , 25
38 , 0.5 , 30 , 199.983638194 , 0.208772 , 25
38 , 0.5 , 40 , 261.780446372 , 0.210276 , 25
38 , 0.75 , 10 , 109.450821845 , 0.215172 , 25
38 , 0.75 , 20 , 204.708058482 , 0.219148 , 25
38 , 0.75 , 30 , 302.607807409 , 0.21966 , 25
38 , 0.75 , 40 , 401.014531625 , 0.219732 , 25
38 , 1 , 10 , 133.460766205 , 0.21526 , 25
38 , 1 , 20 , 254.933676275 , 0.213972 , 25
38 , 1 , 30 , 377.649217619 , 0.212768 , 25
38 , 1 , 40 , 500.477930461 , 0.209904 , 25
39 ,  ,  , 24.9532985002 , 0.25 , 18
39 , 0.1 , 10 , 25.6074848888 , 0.313055555556 , 18
39 , 0.1 , 20 , 23.6446937895 , 0.312377777778 , 18
39 , 0.1 , 30 , 22.516987276 , 0.314377777778 , 18
39 , 0.1 , 40 , 21.9604060317 , 0.315766666667 , 18
39 , 0.25 , 10 , 24.0016885777 , 0.311633333333 , 18
39 , 0.25 , 20 , 22.5788666619 , 0.312172222222 , 18
39 , 0.25 , 30 , 22.6807384128 , 0.313483333333 , 18
39 , 0.25 , 40 , 23.2705916933 , 0.317344444444 , 18
39 , 0.5 , 10 , 24.1119871559 , 0.305583333333 , 18
39 , 0.5 , 20 , 25.5540434151 , 0.311383333333 , 18
39 , 0.5 , 30 , 29.1024494466 , 0.320544444444 , 18
39 , 0.5 , 40 , 33.3607056022 , 0.323827777778 , 18
39 , 0.75 , 10 , 26.1243385716 , 0.305172222222 , 18
39 , 0.75 , 20 , 31.6788011096 , 0.317411111111 , 18
39 , 0.75 , 30 , 39.6096113856 , 0.326594444444 , 18
39 , 0.75 , 40 , 48.4778620926 , 0.331216666667 , 18
39 , 1 , 10 , 30.0771985942 , 0.301633333333 , 18
39 , 1 , 20 , 40.290364109 , 0.318772222222 , 18
39 , 1 , 30 , 52.4167679016 , 0.329166666667 , 18
39 , 1 , 40 , 65.2819025958 , 0.334727777778 , 18
40 ,  ,  , 34.657359028 , 0.25 , 25
40 , 0.1 , 10 , 44.6925877801 , 0.27344 , 25
40 , 0.1 , 20 , 52.4758716684 , 0.274356 , 25
40 , 0.1 , 30 , 61.9543588648 , 0.275536 , 25
40 , 0.1 , 40 , 72.5638961165 , 0.275052 , 25
40 , 0.25 , 10 , 54.0480247453 , 0.27388 , 25
40 , 0.25 , 20 , 76.274745612 , 0.274632 , 25
40 , 0.25 , 30 , 101.087080494 , 0.274592 , 25
40 , 0.25 , 40 , 126.685277348 , 0.274512 , 25
40 , 0.5 , 10 , 67.1762329571 , 0.273232 , 25
40 , 0.5 , 20 , 105.256877265 , 0.274264 , 25
40 , 0.5 , 30 , 145.314542765 , 0.274688 , 25
40 , 0.5 , 40 , 186.076025223 , 0.274476 , 25
40 , 0.75 , 10 , 76.6816484094 , 0.272704 , 25
40 , 0.75 , 20 , 123.270696124 , 0.273712 , 25
40 , 0.75 , 30 , 171.597881629 , 0.274488 , 25
40 , 0.75 , 40 , 220.777849489 , 0.274468 , 25
40 , 1 , 10 , 85.8732392965 , 0.276352 , 25
40 , 1 , 20 , 140.003214611 , 0.276844 , 25
40 , 1 , 30 , 195.195723265 , 0.277032 , 25
40 , 1 , 40 , 251.079486503 , 0.274892 , 25
41 ,  ,  , 23.567004139 , 0.25 , 17
41 , 0.1 , 10 , 29.618452783 , 0.219270588235 , 17
41 , 0.1 , 20 , 32.8829935708 , 0.219876470588 , 17
41 , 0.1 , 30 , 36.7668864242 , 0.217429411765 , 17
41 , 0.1 , 40 , 41.598787968 , 0.216458823529 , 17
41 , 0.25 , 10 , 32.5282868637 , 0.220770588235 , 17
41 , 0.25 , 20 , 40.069640386 , 0.215894117647 , 17
41 , 0.25 , 30 , 49.6399260869 , 0.214817647059 , 17
41 , 0.25 , 40 , 60.3276534134 , 0.214741176471 , 17
41 , 0.5 , 10 , 35.6450136626 , 0.234723529412 , 17
41 , 0.5 , 20 , 48.1414418775 , 0.232952941176 , 17
41 , 0.5 , 30 , 62.5270178645 , 0.228782352941 , 17
41 , 0.5 , 40 , 78.4310739889 , 0.230382352941 , 17
41 , 0.75 , 10 , 41.2727554423 , 0.261817647059 , 17
41 , 0.75 , 20 , 64.99083805 , 0.263976470588 , 17
41 , 0.75 , 30 , 91.4517524695 , 0.260935294118 , 17
41 , 0.75 , 40 , 118.407723314 , 0.256829411765 , 17
41 , 1 , 10 , 52.1001968865 , 0.2828 , 17
41 , 1 , 20 , 94.1878635635 , 0.292823529412 , 17
41 , 1 , 30 , 139.14084615 , 0.297341176471 , 17
41 , 1 , 40 , 184.675077865 , 0.298988235294 , 17
42 ,  ,  , 34.657359028 , 0.25 , 25
42 , 0.1 , 10 , 34.196711034 , 0.240368 , 25
42 , 0.1 , 20 , 42.0123051092 , 0.235528 , 25
42 , 0.1 , 30 , 53.9968688199 , 0.234824 , 25
42 , 0.1 , 40 , 67.0013172026 , 0.234824 , 25
42 , 0.25 , 10 , 44.7963520077 , 0.235548 , 25
42 , 0.25 , 20 , 73.1300561429 , 0.235008 , 25
42 , 0.25 , 30 , 103.732569236 , 0.23516 , 25
42 , 0.25 , 40 , 134.693476918 , 0.23558 , 25
42 , 0.5 , 10 , 65.8753829202 , 0.235708 , 25
42 , 0.5 , 20 , 117.382896086 , 0.23504 , 25
42 , 0.5 , 30 , 170.241696602 , 0.235228 , 25
42 , 0.5 , 40 , 223.293557214 , 0.234832 , 25
42 , 0.75 , 10 , 89.8804458776 , 0.236428 , 25
42 , 0.75 , 20 , 163.812407534 , 0.234896 , 25
42 , 0.75 , 30 , 238.482237329 , 0.2347 , 25
42 , 0.75 , 40 , 313.474528068 , 0.2351 , 25
42 , 1 , 10 , 123.58548408 , 0.235424 , 25
42 , 1 , 20 , 236.491351596 , 0.23462 , 25
42 , 1 , 30 , 349.765589942 , 0.2353 , 25
42 , 1 , 40 , 463.049391791 , 0.235012 , 25
43 ,  ,  , 31.8847703058 , 0.25 , 23
43 , 0.1 , 10 , 18.6373644149 , 0.356026086957 , 23
43 , 0.1 , 20 , 11.4953088903 , 0.370534782609 , 23
43 , 0.1 , 30 , 8.47840962631 , 0.376573913043 , 23
43 , 0.1 , 40 , 6.84588294323 , 0.379013043478 , 23
43 , 0.25 , 10 , 16.8151833513 , 0.373013043478 , 23
43 , 0.25 , 20 , 17.6860097813 , 0.379352173913 , 23
43 , 0.25 , 30 , 22.0669932516 , 0.380082608696 , 23
43 , 0.25 , 40 , 27.3055969056 , 0.380526086957 , 23
43 , 0.5 , 10 , 37.3528488808 , 0.378069565217 , 23
43 , 0.5 , 20 , 66.6247559901 , 0.380208695652 , 23
43 , 0.5 , 30 , 98.0889689604 , 0.379969565217 , 23
43 , 0.5 , 40 , 129.760033013 , 0.38072173913 , 23
43 , 0.75 , 10 , 65.0178975926 , 0.378669565217 , 23
43 , 0.75 , 20 , 120.366355053 , 0.380030434783 , 23
43 , 0.75 , 30 , 178.201982735 , 0.380465217391 , 23
43 , 0.75 , 40 , 236.492072203 , 0.380452173913 , 23
43 , 1 , 10 , 92.2179939123 , 0.371565217391 , 23
43 , 1 , 20 , 170.430477199 , 0.372947826087 , 23
43 , 1 , 30 , 250.214938678 , 0.375660869565 , 23
43 , 1 , 40 , 330.59942808 , 0.377660869565 , 23
44 ,  ,  , 34.657359028 , 0.25 , 25
44 , 0.1 , 10 , 45.221932362 , 0.356732 , 25
44 , 0.1 , 20 , 67.3698452002 , 0.36064 , 25
44 , 0.1 , 30 , 94.0715154032 , 0.36112 , 25
44 , 0.1 , 40 , 122.125480891 , 0.360896 , 25
44 , 0.25 , 10 , 64.9445421706 , 0.360108 , 25
44 , 0.25 , 20 , 117.911126848 , 0.360272 , 25
44 , 0.25 , 30 , 173.623312221 , 0.360176 , 25
44 , 0.25 , 40 , 229.795731949 , 0.360084 , 25
44 , 0.5 , 10 , 83.4003391139 , 0.35966 , 25
44 , 0.5 , 20 , 159.29902438 , 0.359972 , 25
44 , 0.5 , 30 , 236.614525705 , 0.36 , 25
44 , 0.5 , 40 , 314.029756478 , 0.36 , 25
44 , 0.75 , 10 , 89.8674463991 , 0.3591 , 25
44 , 0.75 , 20 , 172.89829403 , 0.359928 , 25
44 , 0.75 , 30 , 257.086162851 , 0.359996 , 25
44 , 0.75 , 40 , 341.33508078 , 0.36 , 25
44 , 1 , 10 , 89.9161613183 , 0.358488 , 25
44 , 1 , 20 , 171.934319081 , 0.3599 , 25
44 , 1 , 30 , 255.483174653 , 0.359988 , 25
44 , 1 , 40 , 339.172011896 , 0.359996 , 25
45 ,  ,  , 34.657359028 , 0.25 , 25
45 , 0.1 , 10 , 56.6475766178 , 0.138932 , 25
45 , 0.1 , 20 , 81.697375538 , 0.132016 , 25
45 , 0.1 , 30 , 109.768216068 , 0.128228 , 25
45 , 0.1 , 40 , 139.001278718 , 0.127068 , 25
45 , 0.25 , 10 , 75.3757370056 , 0.13074 , 25
45 , 0.25 , 20 , 125.146104954 , 0.12658 , 25
45 , 0.25 , 30 , 177.51440674 , 0.125144 , 25
45 , 0.25 , 40 , 230.482340994 , 0.125196 , 25
45 , 0.5 , 10 , 94.8682413036 , 0.125148 , 25
45 , 0.5 , 20 , 164.542303162 , 0.119108 , 25
45 , 0.5 , 30 , 236.275678915 , 0.119304 , 25
45 , 0.5 , 40 , 308.805896186 , 0.120628 , 25
45 , 0.75 , 10 , 112.233203985 , 0.118324 , 25
45 , 0.75 , 20 , 196.138727387 , 0.106352 , 25
45 , 0.75 , 30 , 280.932390024 , 0.100864 , 25
45 , 0.75 , 40 , 366.172723238 , 0.09718 , 25
45 , 1 , 10 , 132.656205344 , 0.11946 , 25
45 , 1 , 20 , 236.278314741 , 0.121112 , 25
45 , 1 , 30 , 340.157772552 , 0.12512 , 25
45 , 1 , 40 , 444.083684201 , 0.12794 , 25
