0 ,  ,  , 28.5639195054 , 0.333333333333 , 26
0 , 0.1 , 10 , 22.3088083819 , 0.322442307692 , 26
0 , 0.1 , 15 , 18.4256842943 , 0.328773076923 , 26
0 , 0.1 , 20 , 15.6246821673 , 0.339838461538 , 26
0 , 0.1 , 25 , 13.6044729463 , 0.347830769231 , 26
0 , 0.1 , 30 , 12.1227338026 , 0.35575 , 26
0 , 0.1 , 35 , 10.9595115284 , 0.360296153846 , 26
0 , 0.25 , 10 , 15.2015219299 , 0.321584615385 , 26
0 , 0.25 , 15 , 11.2542635007 , 0.327742307692 , 26
0 , 0.25 , 20 , 8.97332549297 , 0.331673076923 , 26
0 , 0.25 , 25 , 7.48926181647 , 0.333111538462 , 26
0 , 0.25 , 30 , 6.51417276981 , 0.332461538462 , 26
0 , 0.25 , 35 , 5.78235616197 , 0.332946153846 , 26
0 , 0.5 , 10 , 10.4507133253 , 0.310430769231 , 26
0 , 0.5 , 15 , 7.2303069682 , 0.309542307692 , 26
0 , 0.5 , 20 , 5.48035317548 , 0.305973076923 , 26
0 , 0.5 , 25 , 4.46026485836 , 0.303626923077 , 26
0 , 0.5 , 30 , 3.75703057772 , 0.301465384615 , 26
0 , 0.5 , 35 , 3.30475464685 , 0.300430769231 , 26
0 , 0.75 , 10 , 8.86761675018 , 0.313115384615 , 26
0 , 0.75 , 15 , 7.19608176532 , 0.310442307692 , 26
0 , 0.75 , 20 , 6.31868961376 , 0.310453846154 , 26
0 , 0.75 , 25 , 5.85994551164 , 0.310334615385 , 26
0 , 0.75 , 30 , 5.56037632533 , 0.310080769231 , 26
0 , 0.75 , 35 , 5.35951982608 , 0.309803846154 , 26
0 , 1 , 10 , 5.70736098263 , 0.317865384615 , 26
0 , 1 , 15 , 3.98520369098 , 0.31595 , 26
0 , 1 , 20 , 3.3084782236 , 0.314980769231 , 26
0 , 1 , 25 , 3.04791366235 , 0.3147 , 26
0 , 1 , 30 , 2.96096297468 , 0.314569230769 , 26
0 , 1 , 35 , 2.91129452657 , 0.314234615385 , 26
1 ,  ,  , 37.3528178147 , 0.333333333333 , 34
1 , 0.1 , 10 , 29.7225260114 , 0.289191176471 , 34
1 , 0.1 , 15 , 24.1328775588 , 0.277855882353 , 34
1 , 0.1 , 20 , 19.258516615 , 0.270573529412 , 34
1 , 0.1 , 25 , 15.5111600034 , 0.265891176471 , 34
1 , 0.1 , 30 , 12.6528270107 , 0.262797058824 , 34
1 , 0.1 , 35 , 10.3152006142 , 0.260376470588 , 34
1 , 0.25 , 10 , 19.8387721541 , 0.292811764706 , 34
1 , 0.25 , 15 , 13.9855928646 , 0.285226470588 , 34
1 , 0.25 , 20 , 10.6072845164 , 0.281791176471 , 34
1 , 0.25 , 25 , 8.49823635532 , 0.279470588235 , 34
1 , 0.25 , 30 , 7.09611565952 , 0.278376470588 , 34
1 , 0.25 , 35 , 6.10177451174 , 0.27785 , 34
1 , 0.5 , 10 , 12.5321643564 , 0.3348 , 34
1 , 0.5 , 15 , 8.72241986149 , 0.336558823529 , 34
1 , 0.5 , 20 , 6.86206496496 , 0.336497058824 , 34
1 , 0.5 , 25 , 5.77286284714 , 0.337038235294 , 34
1 , 0.5 , 30 , 4.95308113104 , 0.33805 , 34
1 , 0.5 , 35 , 4.30501534919 , 0.337832352941 , 34
1 , 0.75 , 10 , 8.18100916545 , 0.367267647059 , 34
1 , 0.75 , 15 , 5.67958476752 , 0.374329411765 , 34
1 , 0.75 , 20 , 4.61031740219 , 0.375820588235 , 34
1 , 0.75 , 25 , 3.89929532545 , 0.375902941176 , 34
1 , 0.75 , 30 , 3.44893094189 , 0.375882352941 , 34
1 , 0.75 , 35 , 3.16114883504 , 0.374241176471 , 34
1 , 1 , 10 , 7.57965398469 , 0.356479411765 , 34
1 , 1 , 15 , 6.41584661482 , 0.358832352941 , 34
1 , 1 , 20 , 6.08680578842 , 0.360723529412 , 34
1 , 1 , 25 , 5.96621652818 , 0.362517647059 , 34
1 , 1 , 30 , 5.85580657195 , 0.364664705882 , 34
1 , 1 , 35 , 5.78110349871 , 0.366002941176 , 34
2 ,  ,  , 32.95836866 , 0.333333333333 , 30
2 , 0.1 , 10 , 24.7246751187 , 0.43532 , 30
2 , 0.1 , 15 , 20.3354420003 , 0.46105 , 30
2 , 0.1 , 20 , 16.9787399902 , 0.479483333333 , 30
2 , 0.1 , 25 , 14.5529114713 , 0.49318 , 30
2 , 0.1 , 30 , 12.6822892695 , 0.502553333333 , 30
2 , 0.1 , 35 , 11.3020179372 , 0.507583333333 , 30
2 , 0.25 , 10 , 17.5027838382 , 0.38356 , 30
2 , 0.25 , 15 , 12.8977357237 , 0.38563 , 30
2 , 0.25 , 20 , 10.5403715482 , 0.392573333333 , 30
2 , 0.25 , 25 , 9.16471509417 , 0.39981 , 30
2 , 0.25 , 30 , 8.25741692932 , 0.40468 , 30
2 , 0.25 , 35 , 7.64636076171 , 0.40943 , 30
2 , 0.5 , 10 , 12.7062205448 , 0.34397 , 30
2 , 0.5 , 15 , 8.57319835732 , 0.332656666667 , 30
2 , 0.5 , 20 , 6.51538603429 , 0.32609 , 30
2 , 0.5 , 25 , 5.29694416289 , 0.321056666667 , 30
2 , 0.5 , 30 , 4.44799470212 , 0.318196666667 , 30
2 , 0.5 , 35 , 3.88089595449 , 0.31668 , 30
2 , 0.75 , 10 , 11.4613760993 , 0.347143333333 , 30
2 , 0.75 , 15 , 7.81424999391 , 0.347603333333 , 30
2 , 0.75 , 20 , 6.09413858168 , 0.351913333333 , 30
2 , 0.75 , 25 , 5.13457932274 , 0.355293333333 , 30
2 , 0.75 , 30 , 4.50805244004 , 0.361126666667 , 30
2 , 0.75 , 35 , 4.1755744628 , 0.363236666667 , 30
2 , 1 , 10 , 12.8551294418 , 0.360503333333 , 30
2 , 1 , 15 , 11.0328791307 , 0.366606666667 , 30
2 , 1 , 20 , 9.75973110238 , 0.3719 , 30
2 , 1 , 25 , 8.72996478001 , 0.375866666667 , 30
2 , 1 , 30 , 7.93508697801 , 0.378073333333 , 30
2 , 1 , 35 , 7.21381398382 , 0.381046666667 , 30
3 ,  ,  , 24.1694703507 , 0.333333333333 , 22
3 , 0.1 , 10 , 19.5275309939 , 0.256713636364 , 22
3 , 0.1 , 15 , 15.9483315133 , 0.245440909091 , 22
3 , 0.1 , 20 , 12.9656016259 , 0.241340909091 , 22
3 , 0.1 , 25 , 10.6902671215 , 0.239790909091 , 22
3 , 0.1 , 30 , 9.09613890937 , 0.240768181818 , 22
3 , 0.1 , 35 , 8.01461401941 , 0.239681818182 , 22
3 , 0.25 , 10 , 15.3484377971 , 0.276586363636 , 22
3 , 0.25 , 15 , 11.8958964512 , 0.279204545455 , 22
3 , 0.25 , 20 , 9.68053508029 , 0.277690909091 , 22
3 , 0.25 , 25 , 8.2300454734 , 0.276218181818 , 22
3 , 0.25 , 30 , 7.23968465319 , 0.2754 , 22
3 , 0.25 , 35 , 6.56994818819 , 0.274322727273 , 22
3 , 0.5 , 10 , 11.9813205064 , 0.351536363636 , 22
3 , 0.5 , 15 , 9.6136461263 , 0.366904545455 , 22
3 , 0.5 , 20 , 8.26207518664 , 0.373686363636 , 22
3 , 0.5 , 25 , 7.38041138634 , 0.376813636364 , 22
3 , 0.5 , 30 , 6.77789227417 , 0.380563636364 , 22
3 , 0.5 , 35 , 6.39192413302 , 0.382077272727 , 22
3 , 0.75 , 10 , 9.2961680032 , 0.360954545455 , 22
3 , 0.75 , 15 , 7.66666463416 , 0.3714 , 22
3 , 0.75 , 20 , 6.74945830717 , 0.375822727273 , 22
3 , 0.75 , 25 , 6.21581719467 , 0.378263636364 , 22
3 , 0.75 , 30 , 5.95697455164 , 0.380781818182 , 22
3 , 0.75 , 35 , 5.82589565797 , 0.382218181818 , 22
3 , 1 , 10 , 9.34008080892 , 0.318140909091 , 22
3 , 1 , 15 , 8.81369403495 , 0.313886363636 , 22
3 , 1 , 20 , 8.4530616402 , 0.312440909091 , 22
3 , 1 , 25 , 8.17493629066 , 0.308845454545 , 22
3 , 1 , 30 , 7.92868079372 , 0.308713636364 , 22
3 , 1 , 35 , 7.76070599068 , 0.306827272727 , 22
4 ,  ,  , 20.8736334847 , 0.333333333333 , 19
4 , 0.1 , 10 , 19.9704135619 , 0.329210526316 , 19
4 , 0.1 , 15 , 18.9077759076 , 0.328710526316 , 19
4 , 0.1 , 20 , 17.745024628 , 0.334215789474 , 19
4 , 0.1 , 25 , 16.5859510701 , 0.337536842105 , 19
4 , 0.1 , 30 , 15.5298658677 , 0.342 , 19
4 , 0.1 , 35 , 14.5696000047 , 0.344194736842 , 19
4 , 0.25 , 10 , 17.2533417579 , 0.314742105263 , 19
4 , 0.25 , 15 , 15.1650114711 , 0.317026315789 , 19
4 , 0.25 , 20 , 13.7362462716 , 0.316978947368 , 19
4 , 0.25 , 25 , 12.705195091 , 0.317268421053 , 19
4 , 0.25 , 30 , 11.9033430315 , 0.313531578947 , 19
4 , 0.25 , 35 , 11.1982867114 , 0.309289473684 , 19
4 , 0.5 , 10 , 13.9660509119 , 0.284142105263 , 19
4 , 0.5 , 15 , 11.9375761325 , 0.281068421053 , 19
4 , 0.5 , 20 , 10.3099093762 , 0.278773684211 , 19
4 , 0.5 , 25 , 8.86471354511 , 0.277536842105 , 19
4 , 0.5 , 30 , 7.69247298936 , 0.275636842105 , 19
4 , 0.5 , 35 , 6.69243766567 , 0.275378947368 , 19
4 , 0.75 , 10 , 12.0989382776 , 0.253378947368 , 19
4 , 0.75 , 15 , 9.67831937362 , 0.248689473684 , 19
4 , 0.75 , 20 , 8.0389388986 , 0.247589473684 , 19
4 , 0.75 , 25 , 7.03921491083 , 0.250673684211 , 19
4 , 0.75 , 30 , 6.44014341013 , 0.253884210526 , 19
4 , 0.75 , 35 , 6.12270804071 , 0.257989473684 , 19
4 , 1 , 10 , 11.0796056385 , 0.216868421053 , 19
4 , 1 , 15 , 9.15623352894 , 0.205726315789 , 19
4 , 1 , 20 , 8.19956271701 , 0.202231578947 , 19
4 , 1 , 25 , 7.74402202635 , 0.200894736842 , 19
4 , 1 , 30 , 7.54643344982 , 0.2016 , 19
4 , 1 , 35 , 7.41392759778 , 0.201426315789 , 19
5 ,  ,  , 35.1555932374 , 0.333333333333 , 32
5 , 0.1 , 10 , 32.3000714977 , 0.303875 , 32
5 , 0.1 , 15 , 29.7320997347 , 0.292009375 , 32
5 , 0.1 , 20 , 26.9650195668 , 0.2838625 , 32
5 , 0.1 , 25 , 24.2280848825 , 0.275603125 , 32
5 , 0.1 , 30 , 21.8479840234 , 0.268184375 , 32
5 , 0.1 , 35 , 19.6151871946 , 0.261834375 , 32
5 , 0.25 , 10 , 22.6324804396 , 0.26980625 , 32
5 , 0.25 , 15 , 16.8534664493 , 0.253965625 , 32
5 , 0.25 , 20 , 13.3147267785 , 0.242021875 , 32
5 , 0.25 , 25 , 11.1973433519 , 0.23329375 , 32
5 , 0.25 , 30 , 9.82905087984 , 0.22791875 , 32
5 , 0.25 , 35 , 8.87301076154 , 0.223384375 , 32
5 , 0.5 , 10 , 12.6263544137 , 0.265084375 , 32
5 , 0.5 , 15 , 9.23139551987 , 0.260053125 , 32
5 , 0.5 , 20 , 7.53084579681 , 0.25769375 , 32
5 , 0.5 , 25 , 6.47679575902 , 0.256228125 , 32
5 , 0.5 , 30 , 5.77177013998 , 0.25690625 , 32
5 , 0.5 , 35 , 5.27452597471 , 0.2571625 , 32
5 , 0.75 , 10 , 8.21722791123 , 0.290540625 , 32
5 , 0.75 , 15 , 5.76332000964 , 0.292125 , 32
5 , 0.75 , 20 , 4.59983251471 , 0.293940625 , 32
5 , 0.75 , 25 , 3.90606851223 , 0.295325 , 32
5 , 0.75 , 30 , 3.43564270947 , 0.2954375 , 32
5 , 0.75 , 35 , 3.16650301967 , 0.296115625 , 32
5 , 1 , 10 , 7.37459839833 , 0.30055625 , 32
5 , 1 , 15 , 5.27684464061 , 0.299725 , 32
5 , 1 , 20 , 4.21196227847 , 0.300253125 , 32
5 , 1 , 25 , 3.58172519635 , 0.3016625 , 32
5 , 1 , 30 , 3.13692931653 , 0.302759375 , 32
5 , 1 , 35 , 2.86790827931 , 0.303846875 , 32
6 ,  ,  , 59.3250635881 , 0.333333333333 , 54
6 , 0.1 , 10 , 54.9367404224 , 0.32192962963 , 54
6 , 0.1 , 15 , 51.1227101851 , 0.318922222222 , 54
6 , 0.1 , 20 , 47.1542409365 , 0.315161111111 , 54
6 , 0.1 , 25 , 43.3151094934 , 0.313051851852 , 54
6 , 0.1 , 30 , 39.8943409867 , 0.310959259259 , 54
6 , 0.1 , 35 , 36.8182812948 , 0.308933333333 , 54
6 , 0.25 , 10 , 45.9672856403 , 0.322683333333 , 54
6 , 0.25 , 15 , 38.8585114731 , 0.3187 , 54
6 , 0.25 , 20 , 33.5591140038 , 0.313357407407 , 54
6 , 0.25 , 25 , 29.5325069733 , 0.310155555556 , 54
6 , 0.25 , 30 , 26.4528901186 , 0.305874074074 , 54
6 , 0.25 , 35 , 23.9786998257 , 0.302633333333 , 54
6 , 0.5 , 10 , 33.416016009 , 0.301416666667 , 54
6 , 0.5 , 15 , 25.0813615855 , 0.287859259259 , 54
6 , 0.5 , 20 , 19.5723656193 , 0.279883333333 , 54
6 , 0.5 , 25 , 15.5779880101 , 0.275168518519 , 54
6 , 0.5 , 30 , 12.5919808309 , 0.272090740741 , 54
6 , 0.5 , 35 , 10.3021231728 , 0.270057407407 , 54
6 , 0.75 , 10 , 24.2191343448 , 0.273338888889 , 54
6 , 0.75 , 15 , 16.2381866531 , 0.268666666667 , 54
6 , 0.75 , 20 , 11.6562508113 , 0.26955 , 54
6 , 0.75 , 25 , 8.69918958667 , 0.272183333333 , 54
6 , 0.75 , 30 , 6.8036894173 , 0.273883333333 , 54
6 , 0.75 , 35 , 5.61848067329 , 0.275366666667 , 54
6 , 1 , 10 , 19.3122648358 , 0.255188888889 , 54
6 , 1 , 15 , 13.3295522748 , 0.246496296296 , 54
6 , 1 , 20 , 10.3076910583 , 0.24322037037 , 54
6 , 1 , 25 , 8.43697997754 , 0.242522222222 , 54
6 , 1 , 30 , 7.2843204993 , 0.242598148148 , 54
6 , 1 , 35 , 6.43328085065 , 0.24415 , 54
7 ,  ,  , 46.1417161241 , 0.333333333333 , 42
7 , 0.1 , 10 , 39.1519145299 , 0.27945 , 42
7 , 0.1 , 15 , 35.3305875441 , 0.26214047619 , 42
7 , 0.1 , 20 , 32.1595871834 , 0.249319047619 , 42
7 , 0.1 , 25 , 29.3168702025 , 0.240730952381 , 42
7 , 0.1 , 30 , 26.8083932387 , 0.2342 , 42
7 , 0.1 , 35 , 24.6049295897 , 0.230280952381 , 42
7 , 0.25 , 10 , 31.8866157875 , 0.261797619048 , 42
7 , 0.25 , 15 , 26.2594622247 , 0.246721428571 , 42
7 , 0.25 , 20 , 21.8383631633 , 0.237692857143 , 42
7 , 0.25 , 25 , 18.5216477631 , 0.233273809524 , 42
7 , 0.25 , 30 , 15.8840484517 , 0.229876190476 , 42
7 , 0.25 , 35 , 13.833609176 , 0.227614285714 , 42
7 , 0.5 , 10 , 21.7482682028 , 0.255369047619 , 42
7 , 0.5 , 15 , 15.179732749 , 0.246961904762 , 42
7 , 0.5 , 20 , 11.5334561401 , 0.243711904762 , 42
7 , 0.5 , 25 , 9.39114799201 , 0.243285714286 , 42
7 , 0.5 , 30 , 8.03677075159 , 0.243130952381 , 42
7 , 0.5 , 35 , 7.17225935621 , 0.243133333333 , 42
7 , 0.75 , 10 , 16.7553902216 , 0.249692857143 , 42
7 , 0.75 , 15 , 11.739988052 , 0.239080952381 , 42
7 , 0.75 , 20 , 9.13716513767 , 0.234330952381 , 42
7 , 0.75 , 25 , 7.60097755051 , 0.230938095238 , 42
7 , 0.75 , 30 , 6.64063727063 , 0.230221428571 , 42
7 , 0.75 , 35 , 6.01638107553 , 0.22965952381 , 42
7 , 1 , 10 , 14.5265136621 , 0.254157142857 , 42
7 , 1 , 15 , 10.9485885472 , 0.249216666667 , 42
7 , 1 , 20 , 9.15883766239 , 0.246695238095 , 42
7 , 1 , 25 , 8.09698591086 , 0.24710952381 , 42
7 , 1 , 30 , 7.44974703226 , 0.248897619048 , 42
7 , 1 , 35 , 6.99243654476 , 0.250328571429 , 42
8 ,  ,  , 40.6486546807 , 0.333333333333 , 37
8 , 0.1 , 10 , 28.8834187227 , 0.268681081081 , 37
8 , 0.1 , 15 , 23.8204310451 , 0.256732432432 , 37
8 , 0.1 , 20 , 20.13294875 , 0.248105405405 , 37
8 , 0.1 , 25 , 17.3962504161 , 0.241994594595 , 37
8 , 0.1 , 30 , 15.1513053495 , 0.236367567568 , 37
8 , 0.1 , 35 , 13.4639818368 , 0.233602702703 , 37
8 , 0.25 , 10 , 16.9998124702 , 0.218967567568 , 37
8 , 0.25 , 15 , 11.5907416054 , 0.207562162162 , 37
8 , 0.25 , 20 , 8.48721605007 , 0.203056756757 , 37
8 , 0.25 , 25 , 6.72219464293 , 0.202124324324 , 37
8 , 0.25 , 30 , 5.63042292946 , 0.202767567568 , 37
8 , 0.25 , 35 , 4.96917562831 , 0.204440540541 , 37
8 , 0.5 , 10 , 9.57145438131 , 0.193240540541 , 37
8 , 0.5 , 15 , 6.17831371461 , 0.190505405405 , 37
8 , 0.5 , 20 , 4.83275781242 , 0.191440540541 , 37
8 , 0.5 , 25 , 4.22049492662 , 0.192354054054 , 37
8 , 0.5 , 30 , 3.90905243166 , 0.19232972973 , 37
8 , 0.5 , 35 , 3.70907788703 , 0.192354054054 , 37
8 , 0.75 , 10 , 9.22677962034 , 0.183591891892 , 37
8 , 0.75 , 15 , 6.28397928441 , 0.179605405405 , 37
8 , 0.75 , 20 , 4.69404654996 , 0.178305405405 , 37
8 , 0.75 , 25 , 3.69673675818 , 0.178132432432 , 37
8 , 0.75 , 30 , 3.02715212014 , 0.177394594595 , 37
8 , 0.75 , 35 , 2.60501177989 , 0.177075675676 , 37
8 , 1 , 10 , 9.30053961754 , 0.204183783784 , 37
8 , 1 , 15 , 7.56242469748 , 0.205697297297 , 37
8 , 1 , 20 , 6.81045576171 , 0.206927027027 , 37
8 , 1 , 25 , 6.40695216625 , 0.206962162162 , 37
8 , 1 , 30 , 6.17003321014 , 0.207413513514 , 37
8 , 1 , 35 , 5.97603783448 , 0.207648648649 , 37
9 ,  ,  , 19.775021196 , 0.333333333333 , 18
9 , 0.1 , 10 , 11.5951670274 , 0.492888888889 , 18
9 , 0.1 , 15 , 8.08355540974 , 0.5356 , 18
9 , 0.1 , 20 , 5.9306430648 , 0.562983333333 , 18
9 , 0.1 , 25 , 4.70372633175 , 0.57545 , 18
9 , 0.1 , 30 , 3.94193741579 , 0.584916666667 , 18
9 , 0.1 , 35 , 3.39550304364 , 0.592605555556 , 18
9 , 0.25 , 10 , 8.70127432892 , 0.527738888889 , 18
9 , 0.25 , 15 , 6.48510503562 , 0.55085 , 18
9 , 0.25 , 20 , 5.1438713603 , 0.561483333333 , 18
9 , 0.25 , 25 , 4.15318487825 , 0.567622222222 , 18
9 , 0.25 , 30 , 3.44260407274 , 0.571555555556 , 18
9 , 0.25 , 35 , 2.85916642714 , 0.573716666667 , 18
9 , 0.5 , 10 , 5.63508371814 , 0.493488888889 , 18
9 , 0.5 , 15 , 3.68210564101 , 0.505222222222 , 18
9 , 0.5 , 20 , 2.59338061663 , 0.511644444444 , 18
9 , 0.5 , 25 , 1.87245352986 , 0.515527777778 , 18
9 , 0.5 , 30 , 1.49951712215 , 0.517538888889 , 18
9 , 0.5 , 35 , 1.32250122041 , 0.517716666667 , 18
9 , 0.75 , 10 , 5.78064889087 , 0.516372222222 , 18
9 , 0.75 , 15 , 4.45834969008 , 0.534161111111 , 18
9 , 0.75 , 20 , 3.71467918293 , 0.5437 , 18
9 , 0.75 , 25 , 3.26538071625 , 0.549033333333 , 18
9 , 0.75 , 30 , 2.92823175433 , 0.55365 , 18
9 , 0.75 , 35 , 2.68462687298 , 0.557311111111 , 18
9 , 1 , 10 , 5.26225076562 , 0.5503 , 18
9 , 1 , 15 , 3.87584544019 , 0.566633333333 , 18
9 , 1 , 20 , 3.43719333268 , 0.571888888889 , 18
9 , 1 , 25 , 3.28525385052 , 0.572783333333 , 18
9 , 1 , 30 , 3.21437642599 , 0.574383333333 , 18
9 , 1 , 35 , 3.18789183652 , 0.574461111111 , 18
10 ,  ,  , 80.1986970728 , 0.333333333333 , 73
10 , 0.1 , 10 , 51.7190909966 , 0.365183561644 , 73
10 , 0.1 , 15 , 35.8425997083 , 0.376521917808 , 73
10 , 0.1 , 20 , 25.6501302217 , 0.382098630137 , 73
10 , 0.1 , 25 , 19.2475440154 , 0.385852054795 , 73
10 , 0.1 , 30 , 15.1762847946 , 0.388232876712 , 73
10 , 0.1 , 35 , 12.5059383837 , 0.389504109589 , 73
10 , 0.25 , 10 , 42.3710199201 , 0.328671232877 , 73
10 , 0.25 , 15 , 31.2554612872 , 0.336679452055 , 73
10 , 0.25 , 20 , 24.650096055 , 0.341464383562 , 73
10 , 0.25 , 25 , 20.5513088565 , 0.344867123288 , 73
10 , 0.25 , 30 , 17.482696376 , 0.346856164384 , 73
10 , 0.25 , 35 , 15.2329772675 , 0.348895890411 , 73
10 , 0.5 , 10 , 43.2583666723 , 0.286345205479 , 73
10 , 0.5 , 15 , 34.2908803637 , 0.280709589041 , 73
10 , 0.5 , 20 , 28.5009099931 , 0.277573972603 , 73
10 , 0.5 , 25 , 24.6214535693 , 0.275961643836 , 73
10 , 0.5 , 30 , 21.8095029543 , 0.27442739726 , 73
10 , 0.5 , 35 , 19.6939597074 , 0.272591780822 , 73
10 , 0.75 , 10 , 40.3796798041 , 0.285965753425 , 73
10 , 0.75 , 15 , 33.0841321448 , 0.285564383562 , 73
10 , 0.75 , 20 , 28.7738671962 , 0.284550684932 , 73
10 , 0.75 , 25 , 25.6635286583 , 0.284847945205 , 73
10 , 0.75 , 30 , 23.3799395644 , 0.283269863014 , 73
10 , 0.75 , 35 , 21.5983753655 , 0.282620547945 , 73
10 , 1 , 10 , 41.7007219598 , 0.289939726027 , 73
10 , 1 , 15 , 38.7130794813 , 0.290761643836 , 73
10 , 1 , 20 , 37.4611387593 , 0.289147945205 , 73
10 , 1 , 25 , 36.7625644592 , 0.289371232877 , 73
10 , 1 , 30 , 36.338620714 , 0.289110958904 , 73
10 , 1 , 35 , 36.0381685655 , 0.289275342466 , 73
11 ,  ,  , 36.254205526 , 0.333333333333 , 33
11 , 0.1 , 10 , 28.6686838543 , 0.365596969697 , 33
11 , 0.1 , 15 , 22.8614205104 , 0.37293030303 , 33
11 , 0.1 , 20 , 17.8793787473 , 0.375787878788 , 33
11 , 0.1 , 25 , 14.2369317614 , 0.375463636364 , 33
11 , 0.1 , 30 , 11.380217173 , 0.374657575758 , 33
11 , 0.1 , 35 , 9.38006359568 , 0.374448484848 , 33
11 , 0.25 , 10 , 26.4633748734 , 0.392012121212 , 33
11 , 0.25 , 15 , 22.063273767 , 0.396012121212 , 33
11 , 0.25 , 20 , 18.9146777975 , 0.3969 , 33
11 , 0.25 , 25 , 16.6399728715 , 0.396427272727 , 33
11 , 0.25 , 30 , 14.8920597881 , 0.394866666667 , 33
11 , 0.25 , 35 , 13.6316647172 , 0.39213030303 , 33
11 , 0.5 , 10 , 21.9817742781 , 0.409963636364 , 33
11 , 0.5 , 15 , 17.4070291542 , 0.424233333333 , 33
11 , 0.5 , 20 , 14.4833710762 , 0.431087878788 , 33
11 , 0.5 , 25 , 12.332664575 , 0.436890909091 , 33
11 , 0.5 , 30 , 10.8344365474 , 0.440375757576 , 33
11 , 0.5 , 35 , 9.7379790946 , 0.442915151515 , 33
11 , 0.75 , 10 , 18.122086718 , 0.376460606061 , 33
11 , 0.75 , 15 , 14.2147602168 , 0.380193939394 , 33
11 , 0.75 , 20 , 11.5787148853 , 0.382378787879 , 33
11 , 0.75 , 25 , 9.70085017213 , 0.382366666667 , 33
11 , 0.75 , 30 , 8.25672470377 , 0.38113030303 , 33
11 , 0.75 , 35 , 7.21093871876 , 0.380154545455 , 33
11 , 1 , 10 , 16.8980459998 , 0.333339393939 , 33
11 , 1 , 15 , 13.9800443505 , 0.326690909091 , 33
11 , 1 , 20 , 11.9486752044 , 0.322448484848 , 33
11 , 1 , 25 , 10.36162815 , 0.320296969697 , 33
11 , 1 , 30 , 9.04170158868 , 0.319112121212 , 33
11 , 1 , 35 , 8.0541772676 , 0.317384848485 , 33
12 ,  ,  , 59.3250635881 , 0.333333333333 , 54
12 , 0.1 , 10 , 39.1180006899 , 0.461064814815 , 54
12 , 0.1 , 15 , 27.6870502997 , 0.497109259259 , 54
12 , 0.1 , 20 , 20.148101962 , 0.519814814815 , 54
12 , 0.1 , 25 , 15.564240065 , 0.532624074074 , 54
12 , 0.1 , 30 , 12.2438123413 , 0.542446296296 , 54
12 , 0.1 , 35 , 10.192767337 , 0.54812962963 , 54
12 , 0.25 , 10 , 37.613380992 , 0.388101851852 , 54
12 , 0.25 , 15 , 26.8818684913 , 0.403835185185 , 54
12 , 0.25 , 20 , 19.7730087223 , 0.410944444444 , 54
12 , 0.25 , 25 , 15.2661112167 , 0.417390740741 , 54
12 , 0.25 , 30 , 12.2510076781 , 0.421611111111 , 54
12 , 0.25 , 35 , 10.3108427762 , 0.42382037037 , 54
12 , 0.5 , 10 , 28.5048938698 , 0.340835185185 , 54
12 , 0.5 , 15 , 19.6273585421 , 0.341974074074 , 54
12 , 0.5 , 20 , 14.7437173214 , 0.340753703704 , 54
12 , 0.5 , 25 , 11.9256751298 , 0.338809259259 , 54
12 , 0.5 , 30 , 10.0594943207 , 0.337194444444 , 54
12 , 0.5 , 35 , 8.7877518091 , 0.335714814815 , 54
12 , 0.75 , 10 , 23.9596468804 , 0.335457407407 , 54
12 , 0.75 , 15 , 17.1662727136 , 0.339783333333 , 54
12 , 0.75 , 20 , 13.4341060676 , 0.340385185185 , 54
12 , 0.75 , 25 , 11.1486184333 , 0.338825925926 , 54
12 , 0.75 , 30 , 9.62328679445 , 0.336342592593 , 54
12 , 0.75 , 35 , 8.604485945 , 0.334409259259 , 54
12 , 1 , 10 , 22.6777909724 , 0.321924074074 , 54
12 , 1 , 15 , 18.686608641 , 0.325631481481 , 54
12 , 1 , 20 , 16.7895520756 , 0.326792592593 , 54
12 , 1 , 25 , 15.8007658898 , 0.327872222222 , 54
12 , 1 , 30 , 15.2077356989 , 0.328438888889 , 54
12 , 1 , 35 , 14.7847722111 , 0.32807037037 , 54
13 ,  ,  , 17.5777966187 , 0.333333333333 , 16
13 , 0.1 , 10 , 10.1536490156 , 0.60968125 , 16
13 , 0.1 , 15 , 8.12144421079 , 0.64343125 , 16
13 , 0.1 , 20 , 6.98705667974 , 0.657225 , 16
13 , 0.1 , 25 , 6.27056681716 , 0.6635125 , 16
13 , 0.1 , 30 , 5.78112543757 , 0.66681875 , 16
13 , 0.1 , 35 , 5.37457898788 , 0.6681 , 16
13 , 0.25 , 10 , 7.01061260132 , 0.6463 , 16
13 , 0.25 , 15 , 5.46693407495 , 0.6556375 , 16
13 , 0.25 , 20 , 4.76017050948 , 0.6556375 , 16
13 , 0.25 , 25 , 4.37035103374 , 0.655125 , 16
13 , 0.25 , 30 , 4.11880242681 , 0.6542625 , 16
13 , 0.25 , 35 , 3.91322891453 , 0.6517375 , 16
13 , 0.5 , 10 , 5.12101683761 , 0.65031875 , 16
13 , 0.5 , 15 , 3.72882920139 , 0.6541875 , 16
13 , 0.5 , 20 , 3.08720792922 , 0.6519 , 16
13 , 0.5 , 25 , 2.83886606265 , 0.6489875 , 16
13 , 0.5 , 30 , 2.68050063397 , 0.6488625 , 16
13 , 0.5 , 35 , 2.58217939814 , 0.646975 , 16
13 , 0.75 , 10 , 4.94466463971 , 0.64656875 , 16
13 , 0.75 , 15 , 3.72201393401 , 0.64886875 , 16
13 , 0.75 , 20 , 3.10778698864 , 0.64728125 , 16
13 , 0.75 , 25 , 2.78531469133 , 0.64665625 , 16
13 , 0.75 , 30 , 2.65667718727 , 0.646525 , 16
13 , 0.75 , 35 , 2.56788491987 , 0.64600625 , 16
13 , 1 , 10 , 6.28019249878 , 0.63790625 , 16
13 , 1 , 15 , 5.69151925496 , 0.64895 , 16
13 , 1 , 20 , 5.29606860764 , 0.65083125 , 16
13 , 1 , 25 , 4.97888131602 , 0.64981875 , 16
13 , 1 , 30 , 4.75288556426 , 0.64799375 , 16
13 , 1 , 35 , 4.56427073054 , 0.64565625 , 16
14 ,  ,  , 16.47918433 , 0.333333333333 , 15
14 , 0.1 , 10 , 13.7283781841 , 0.344013333333 , 15
14 , 0.1 , 15 , 11.3208231564 , 0.336873333333 , 15
14 , 0.1 , 20 , 9.31778361411 , 0.331086666667 , 15
14 , 0.1 , 25 , 7.70156488744 , 0.322633333333 , 15
14 , 0.1 , 30 , 6.57919731103 , 0.31804 , 15
14 , 0.1 , 35 , 5.73342443449 , 0.316793333333 , 15
14 , 0.25 , 10 , 8.27540695173 , 0.329653333333 , 15
14 , 0.25 , 15 , 5.65615916678 , 0.31818 , 15
14 , 0.25 , 20 , 4.373986819 , 0.31134 , 15
14 , 0.25 , 25 , 3.74939877665 , 0.30672 , 15
14 , 0.25 , 30 , 3.38091202016 , 0.303053333333 , 15
14 , 0.25 , 35 , 3.20088511491 , 0.300846666667 , 15
14 , 0.5 , 10 , 4.67341450001 , 0.314713333333 , 15
14 , 0.5 , 15 , 3.56306306168 , 0.30796 , 15
14 , 0.5 , 20 , 3.1297904764 , 0.306826666667 , 15
14 , 0.5 , 25 , 2.91032020622 , 0.308913333333 , 15
14 , 0.5 , 30 , 2.7484604684 , 0.309906666667 , 15
14 , 0.5 , 35 , 2.61158761011 , 0.312493333333 , 15
14 , 0.75 , 10 , 3.79750373466 , 0.339313333333 , 15
14 , 0.75 , 15 , 2.81475324875 , 0.334386666667 , 15
14 , 0.75 , 20 , 2.40437031086 , 0.329526666667 , 15
14 , 0.75 , 25 , 2.18506137013 , 0.324926666667 , 15
14 , 0.75 , 30 , 2.04821635939 , 0.321346666667 , 15
14 , 0.75 , 35 , 1.95688595995 , 0.319646666667 , 15
14 , 1 , 10 , 5.03267444983 , 0.362153333333 , 15
14 , 1 , 15 , 4.12968694585 , 0.364913333333 , 15
14 , 1 , 20 , 3.52426356516 , 0.36542 , 15
14 , 1 , 25 , 3.15588397175 , 0.36452 , 15
14 , 1 , 30 , 2.87919055064 , 0.363533333333 , 15
14 , 1 , 35 , 2.73245660035 , 0.362866666667 , 15
15 ,  ,  , 23.070858062 , 0.333333333333 , 21
15 , 0.1 , 10 , 21.2471296319 , 0.303666666667 , 21
15 , 0.1 , 15 , 19.349309197 , 0.287628571429 , 21
15 , 0.1 , 20 , 17.3003463356 , 0.272695238095 , 21
15 , 0.1 , 25 , 15.4464354714 , 0.258042857143 , 21
15 , 0.1 , 30 , 14.0186072706 , 0.248476190476 , 21
15 , 0.1 , 35 , 12.8099185329 , 0.239714285714 , 21
15 , 0.25 , 10 , 16.1551864158 , 0.266571428571 , 21
15 , 0.25 , 15 , 12.9487199726 , 0.242676190476 , 21
15 , 0.25 , 20 , 11.1926226102 , 0.229714285714 , 21
15 , 0.25 , 25 , 10.2979312103 , 0.222233333333 , 21
15 , 0.25 , 30 , 9.91918906232 , 0.217514285714 , 21
15 , 0.25 , 35 , 9.63419304017 , 0.212304761905 , 21
15 , 0.5 , 10 , 12.5112271099 , 0.240942857143 , 21
15 , 0.5 , 15 , 10.6285340716 , 0.221828571429 , 21
15 , 0.5 , 20 , 9.76752337895 , 0.209380952381 , 21
15 , 0.5 , 25 , 9.26807973111 , 0.20109047619 , 21
15 , 0.5 , 30 , 8.88891082747 , 0.193757142857 , 21
15 , 0.5 , 35 , 8.45273767062 , 0.185219047619 , 21
15 , 0.75 , 10 , 12.8415958281 , 0.2407 , 21
15 , 0.75 , 15 , 11.0885375882 , 0.216638095238 , 21
15 , 0.75 , 20 , 9.78503641075 , 0.19820952381 , 21
15 , 0.75 , 25 , 8.72171042069 , 0.184819047619 , 21
15 , 0.75 , 30 , 7.82892330906 , 0.17289047619 , 21
15 , 0.75 , 35 , 7.08567121975 , 0.164185714286 , 21
15 , 1 , 10 , 14.720536179 , 0.281980952381 , 21
15 , 1 , 15 , 13.8155741684 , 0.268619047619 , 21
15 , 1 , 20 , 12.9410632238 , 0.25640952381 , 21
15 , 1 , 25 , 11.998764286 , 0.245180952381 , 21
15 , 1 , 30 , 11.1055559299 , 0.235080952381 , 21
15 , 1 , 35 , 10.245962082 , 0.229876190476 , 21
16 ,  ,  , 21.9722457734 , 0.333333333333 , 20
16 , 0.1 , 10 , 20.3796608949 , 0.374305 , 20
16 , 0.1 , 15 , 18.7206887602 , 0.396335 , 20
16 , 0.1 , 20 , 16.8295830845 , 0.415805 , 20
16 , 0.1 , 25 , 14.9955977472 , 0.43181 , 20
16 , 0.1 , 30 , 13.3536650463 , 0.446135 , 20
16 , 0.1 , 35 , 11.9431091701 , 0.4582 , 20
16 , 0.25 , 10 , 16.8451705515 , 0.38011 , 20
16 , 0.25 , 15 , 13.5912616705 , 0.39469 , 20
16 , 0.25 , 20 , 11.135275414 , 0.401725 , 20
16 , 0.25 , 25 , 9.41009566634 , 0.404245 , 20
16 , 0.25 , 30 , 8.13602854001 , 0.40722 , 20
16 , 0.25 , 35 , 7.16371726042 , 0.4052 , 20
16 , 0.5 , 10 , 11.9424530724 , 0.328985 , 20
16 , 0.5 , 15 , 9.5041649406 , 0.327 , 20
16 , 0.5 , 20 , 8.20086839927 , 0.32776 , 20
16 , 0.5 , 25 , 7.36145219722 , 0.33108 , 20
16 , 0.5 , 30 , 6.79350800738 , 0.333695 , 20
16 , 0.5 , 35 , 6.3343807784 , 0.33497 , 20
16 , 0.75 , 10 , 10.2260161357 , 0.293675 , 20
16 , 0.75 , 15 , 9.32768223102 , 0.291135 , 20
16 , 0.75 , 20 , 8.67785625165 , 0.289275 , 20
16 , 0.75 , 25 , 8.09865300382 , 0.28898 , 20
16 , 0.75 , 30 , 7.62141952514 , 0.288565 , 20
16 , 0.75 , 35 , 7.18892139993 , 0.28882 , 20
16 , 1 , 10 , 9.48705318085 , 0.281215 , 20
16 , 1 , 15 , 8.43452177727 , 0.274115 , 20
16 , 1 , 20 , 7.58990628666 , 0.27099 , 20
16 , 1 , 25 , 6.95721740527 , 0.268655 , 20
16 , 1 , 30 , 6.47915711995 , 0.26706 , 20
16 , 1 , 35 , 6.13015498039 , 0.267135 , 20
17 ,  ,  , 29.662531794 , 0.333333333333 , 27
17 , 0.1 , 10 , 23.827582208 , 0.357685185185 , 27
17 , 0.1 , 15 , 19.7575428774 , 0.364403703704 , 27
17 , 0.1 , 20 , 16.3424505829 , 0.368411111111 , 27
17 , 0.1 , 25 , 13.7002514498 , 0.371733333333 , 27
17 , 0.1 , 30 , 11.7286293726 , 0.374033333333 , 27
17 , 0.1 , 35 , 10.1775808866 , 0.373103703704 , 27
17 , 0.25 , 10 , 20.2131650037 , 0.32362962963 , 27
17 , 0.25 , 15 , 15.5844525736 , 0.330888888889 , 27
17 , 0.25 , 20 , 12.3258460175 , 0.333181481481 , 27
17 , 0.25 , 25 , 10.0806773374 , 0.333455555556 , 27
17 , 0.25 , 30 , 8.44050049392 , 0.334085185185 , 27
17 , 0.25 , 35 , 7.19171050042 , 0.332848148148 , 27
17 , 0.5 , 10 , 20.8297956125 , 0.2976 , 27
17 , 0.5 , 15 , 18.1666836997 , 0.296988888889 , 27
17 , 0.5 , 20 , 16.2759672894 , 0.29842962963 , 27
17 , 0.5 , 25 , 14.7949614098 , 0.297040740741 , 27
17 , 0.5 , 30 , 13.6748572594 , 0.295462962963 , 27
17 , 0.5 , 35 , 12.6806854782 , 0.294555555556 , 27
17 , 0.75 , 10 , 23.0897079676 , 0.295781481481 , 27
17 , 0.75 , 15 , 21.8476197183 , 0.294977777778 , 27
17 , 0.75 , 20 , 20.9044903999 , 0.29497037037 , 27
17 , 0.75 , 25 , 20.1710586428 , 0.2958 , 27
17 , 0.75 , 30 , 19.5046810287 , 0.295807407407 , 27
17 , 0.75 , 35 , 18.9660479335 , 0.295722222222 , 27
17 , 1 , 10 , 24.5291910827 , 0.308033333333 , 27
17 , 1 , 15 , 24.3804699409 , 0.307837037037 , 27
17 , 1 , 20 , 24.3517415371 , 0.30847037037 , 27
17 , 1 , 25 , 24.3426269101 , 0.308114814815 , 27
17 , 1 , 30 , 24.34116748 , 0.307792592593 , 27
17 , 1 , 35 , 24.3394019999 , 0.30762962963 , 27
18 ,  ,  , 17.5777966187 , 0.333333333333 , 16
18 , 0.1 , 10 , 14.6686772409 , 0.4283375 , 16
18 , 0.1 , 15 , 12.5659638376 , 0.4658125 , 16
18 , 0.1 , 20 , 10.6913935599 , 0.49150625 , 16
18 , 0.1 , 25 , 9.16350989583 , 0.50838125 , 16
18 , 0.1 , 30 , 7.88097077052 , 0.5231 , 16
18 , 0.1 , 35 , 6.84884894728 , 0.53176875 , 16
18 , 0.25 , 10 , 11.6843222672 , 0.46355 , 16
18 , 0.25 , 15 , 9.29308403193 , 0.48783125 , 16
18 , 0.25 , 20 , 7.68704721097 , 0.4994625 , 16
18 , 0.25 , 25 , 6.64475735443 , 0.50800625 , 16
18 , 0.25 , 30 , 5.84689904021 , 0.5154375 , 16
18 , 0.25 , 35 , 5.32557585276 , 0.520125 , 16
18 , 0.5 , 10 , 9.64251972353 , 0.44083125 , 16
18 , 0.5 , 15 , 7.8968964674 , 0.45411875 , 16
18 , 0.5 , 20 , 6.84600407238 , 0.4622375 , 16
18 , 0.5 , 25 , 6.09093258273 , 0.46645625 , 16
18 , 0.5 , 30 , 5.43768079189 , 0.47131875 , 16
18 , 0.5 , 35 , 4.94779709532 , 0.47391875 , 16
18 , 0.75 , 10 , 7.91386318716 , 0.41228125 , 16
18 , 0.75 , 15 , 6.06220077355 , 0.40759375 , 16
18 , 0.75 , 20 , 4.92463847098 , 0.39973125 , 16
18 , 0.75 , 25 , 4.24270632762 , 0.39134375 , 16
18 , 0.75 , 30 , 3.8189217432 , 0.38589375 , 16
18 , 0.75 , 35 , 3.46661110046 , 0.38151875 , 16
18 , 1 , 10 , 8.25894358526 , 0.38915625 , 16
18 , 1 , 15 , 7.83855861813 , 0.38270625 , 16
18 , 1 , 20 , 7.63944644739 , 0.37800625 , 16
18 , 1 , 25 , 7.44674765309 , 0.37069375 , 16
18 , 1 , 30 , 7.2308163985 , 0.364275 , 16
18 , 1 , 35 , 7.01536576652 , 0.35864375 , 16
19 ,  ,  , 91.1848199595 , 0.333333333333 , 83
19 , 0.1 , 10 , 46.6465282697 , 0.33516746988 , 83
19 , 0.1 , 15 , 31.5226282232 , 0.334218072289 , 83
19 , 0.1 , 20 , 23.2802146625 , 0.334414457831 , 83
19 , 0.1 , 25 , 18.2005159847 , 0.334957831325 , 83
19 , 0.1 , 30 , 14.7680684028 , 0.335365060241 , 83
19 , 0.1 , 35 , 12.2338878712 , 0.336696385542 , 83
19 , 0.25 , 10 , 46.1227959967 , 0.357318072289 , 83
19 , 0.25 , 15 , 32.4772797003 , 0.363542168675 , 83
19 , 0.25 , 20 , 24.299280663 , 0.366177108434 , 83
19 , 0.25 , 25 , 19.1097537617 , 0.367960240964 , 83
19 , 0.25 , 30 , 15.6115874843 , 0.369438554217 , 83
19 , 0.25 , 35 , 13.303466842 , 0.369946987952 , 83
19 , 0.5 , 10 , 42.6352179329 , 0.387457831325 , 83
19 , 0.5 , 15 , 32.0492609752 , 0.402874698795 , 83
19 , 0.5 , 20 , 25.8769265516 , 0.412518072289 , 83
19 , 0.5 , 25 , 21.8365820671 , 0.41814939759 , 83
19 , 0.5 , 30 , 18.9676808832 , 0.421843373494 , 83
19 , 0.5 , 35 , 16.8677163039 , 0.425102409639 , 83
19 , 0.75 , 10 , 39.1539482719 , 0.398625301205 , 83
19 , 0.75 , 15 , 29.8261849145 , 0.411792771084 , 83
19 , 0.75 , 20 , 24.0310031685 , 0.418830120482 , 83
19 , 0.75 , 25 , 19.9204442572 , 0.422844578313 , 83
19 , 0.75 , 30 , 16.992939978 , 0.425246987952 , 83
19 , 0.75 , 35 , 14.8808086108 , 0.427210843373 , 83
19 , 1 , 10 , 44.5419860192 , 0.368108433735 , 83
19 , 1 , 15 , 39.8261054283 , 0.37321686747 , 83
19 , 1 , 20 , 37.1682214341 , 0.376663855422 , 83
19 , 1 , 25 , 35.4787547247 , 0.378012048193 , 83
19 , 1 , 30 , 34.3808437857 , 0.379107228916 , 83
19 , 1 , 35 , 33.6824901894 , 0.380596385542 , 83
20 ,  ,  , 30.7611440827 , 0.333333333333 , 28
20 , 0.1 , 10 , 20.431186814 , 0.303332142857 , 28
20 , 0.1 , 15 , 16.901722056 , 0.287307142857 , 28
20 , 0.1 , 20 , 14.3942773924 , 0.278396428571 , 28
20 , 0.1 , 25 , 12.5080083245 , 0.271921428571 , 28
20 , 0.1 , 30 , 11.1353767158 , 0.269085714286 , 28
20 , 0.1 , 35 , 10.025929428 , 0.266314285714 , 28
20 , 0.25 , 10 , 13.462085418 , 0.274614285714 , 28
20 , 0.25 , 15 , 9.6315994532 , 0.261482142857 , 28
20 , 0.25 , 20 , 7.47171300935 , 0.253635714286 , 28
20 , 0.25 , 25 , 6.14210515405 , 0.251053571429 , 28
20 , 0.25 , 30 , 5.20310394137 , 0.247814285714 , 28
20 , 0.25 , 35 , 4.58648720926 , 0.247064285714 , 28
20 , 0.5 , 10 , 9.65991255677 , 0.242389285714 , 28
20 , 0.5 , 15 , 6.85922963218 , 0.225025 , 28
20 , 0.5 , 20 , 5.28839998292 , 0.2179 , 28
20 , 0.5 , 25 , 4.27992837117 , 0.214535714286 , 28
20 , 0.5 , 30 , 3.62148838995 , 0.21155 , 28
20 , 0.5 , 35 , 3.16466296077 , 0.210635714286 , 28
20 , 0.75 , 10 , 9.36988371531 , 0.236085714286 , 28
20 , 0.75 , 15 , 7.83592203761 , 0.218228571429 , 28
20 , 0.75 , 20 , 6.91052043122 , 0.208821428571 , 28
20 , 0.75 , 25 , 6.20993883698 , 0.204296428571 , 28
20 , 0.75 , 30 , 5.67692691065 , 0.2005 , 28
20 , 0.75 , 35 , 5.19525404435 , 0.198114285714 , 28
20 , 1 , 10 , 9.67794276193 , 0.268703571429 , 28
20 , 1 , 15 , 9.03994811166 , 0.263575 , 28
20 , 1 , 20 , 8.81171294816 , 0.262639285714 , 28
20 , 1 , 25 , 8.75687499393 , 0.261885714286 , 28
20 , 1 , 30 , 8.73336027058 , 0.260657142857 , 28
20 , 1 , 35 , 8.72520707429 , 0.261960714286 , 28
21 ,  ,  , 29.662531794 , 0.333333333333 , 27
21 , 0.1 , 10 , 20.4103759516 , 0.395685185185 , 27
21 , 0.1 , 15 , 14.5679685103 , 0.413125925926 , 27
21 , 0.1 , 20 , 10.3614069756 , 0.422848148148 , 27
21 , 0.1 , 25 , 7.62436842288 , 0.429844444444 , 27
21 , 0.1 , 30 , 5.76256728188 , 0.434681481481 , 27
21 , 0.1 , 35 , 4.54828112968 , 0.438948148148 , 27
21 , 0.25 , 10 , 13.1450238434 , 0.411748148148 , 27
21 , 0.25 , 15 , 8.42609095035 , 0.433788888889 , 27
21 , 0.25 , 20 , 6.09824947113 , 0.446955555556 , 27
21 , 0.25 , 25 , 4.82530467783 , 0.454955555556 , 27
21 , 0.25 , 30 , 4.02845037883 , 0.460407407407 , 27
21 , 0.25 , 35 , 3.43105736631 , 0.462811111111 , 27
21 , 0.5 , 10 , 9.20519122902 , 0.421911111111 , 27
21 , 0.5 , 15 , 5.8307048762 , 0.44017037037 , 27
21 , 0.5 , 20 , 4.20280501742 , 0.447703703704 , 27
21 , 0.5 , 25 , 3.33851519137 , 0.449918518519 , 27
21 , 0.5 , 30 , 2.85917259161 , 0.4512 , 27
21 , 0.5 , 35 , 2.49905403453 , 0.450855555556 , 27
21 , 0.75 , 10 , 6.40948934252 , 0.442107407407 , 27
21 , 0.75 , 15 , 4.10393743108 , 0.457840740741 , 27
21 , 0.75 , 20 , 3.15527339291 , 0.462492592593 , 27
21 , 0.75 , 25 , 2.69596201078 , 0.463811111111 , 27
21 , 0.75 , 30 , 2.47360486246 , 0.462914814815 , 27
21 , 0.75 , 35 , 2.3345818964 , 0.462977777778 , 27
21 , 1 , 10 , 4.43499298953 , 0.420714814815 , 27
21 , 1 , 15 , 3.01703817319 , 0.423996296296 , 27
21 , 1 , 20 , 2.63011744758 , 0.424448148148 , 27
21 , 1 , 25 , 2.46499623063 , 0.42492962963 , 27
21 , 1 , 30 , 2.37100885439 , 0.425274074074 , 27
21 , 1 , 35 , 2.30374707713 , 0.425688888889 , 27
22 ,  ,  , 39.5500423921 , 0.333333333333 , 36
22 , 0.1 , 10 , 30.5455227705 , 0.430663888889 , 36
22 , 0.1 , 15 , 23.8731346746 , 0.460086111111 , 36
22 , 0.1 , 20 , 18.6098359373 , 0.478738888889 , 36
22 , 0.1 , 25 , 14.7244090882 , 0.489847222222 , 36
22 , 0.1 , 30 , 12.0923312015 , 0.49855 , 36
22 , 0.1 , 35 , 10.1902668355 , 0.504205555556 , 36
22 , 0.25 , 10 , 24.333982635 , 0.430508333333 , 36
22 , 0.25 , 15 , 18.117708432 , 0.435130555556 , 36
22 , 0.25 , 20 , 14.1524290872 , 0.431105555556 , 36
22 , 0.25 , 25 , 11.5300303359 , 0.426802777778 , 36
22 , 0.25 , 30 , 9.68581675375 , 0.422794444444 , 36
22 , 0.25 , 35 , 8.16250259602 , 0.420088888889 , 36
22 , 0.5 , 10 , 15.1492192899 , 0.415591666667 , 36
22 , 0.5 , 15 , 9.61882306318 , 0.411052777778 , 36
22 , 0.5 , 20 , 6.90810567834 , 0.406294444444 , 36
22 , 0.5 , 25 , 5.43422425186 , 0.403205555556 , 36
22 , 0.5 , 30 , 4.61557692813 , 0.401586111111 , 36
22 , 0.5 , 35 , 4.08726977247 , 0.400119444444 , 36
22 , 0.75 , 10 , 13.6574480654 , 0.414425 , 36
22 , 0.75 , 15 , 10.0815077055 , 0.407241666667 , 36
22 , 0.75 , 20 , 8.34001038109 , 0.398769444444 , 36
22 , 0.75 , 25 , 7.28088159331 , 0.391786111111 , 36
22 , 0.75 , 30 , 6.56351171843 , 0.385644444444 , 36
22 , 0.75 , 35 , 5.96214953857 , 0.380894444444 , 36
22 , 1 , 10 , 13.5404019795 , 0.41235 , 36
22 , 1 , 15 , 11.5159665389 , 0.412669444444 , 36
22 , 1 , 20 , 10.354699761 , 0.412152777778 , 36
22 , 1 , 25 , 9.66288989434 , 0.411980555556 , 36
22 , 1 , 30 , 9.1492104619 , 0.411891666667 , 36
22 , 1 , 35 , 8.73039037296 , 0.412086111111 , 36
23 ,  ,  , 17.5777966187 , 0.333333333333 , 16
23 , 0.1 , 10 , 13.7497722668 , 0.43849375 , 16
23 , 0.1 , 15 , 10.8529012787 , 0.46666875 , 16
23 , 0.1 , 20 , 8.57851257751 , 0.4806125 , 16
23 , 0.1 , 25 , 6.86803191631 , 0.4891125 , 16
23 , 0.1 , 30 , 5.73789212028 , 0.49309375 , 16
23 , 0.1 , 35 , 4.89335523559 , 0.49594375 , 16
23 , 0.25 , 10 , 7.49074047585 , 0.48705625 , 16
23 , 0.25 , 15 , 4.54919359501 , 0.49494375 , 16
23 , 0.25 , 20 , 3.2291627229 , 0.49456875 , 16
23 , 0.25 , 25 , 2.559731632 , 0.49380625 , 16
23 , 0.25 , 30 , 2.22586322115 , 0.49186875 , 16
23 , 0.25 , 35 , 2.052389583 , 0.49191875 , 16
23 , 0.5 , 10 , 4.5046127456 , 0.5346625 , 16
23 , 0.5 , 15 , 3.04380889257 , 0.5432625 , 16
23 , 0.5 , 20 , 2.56562335838 , 0.54908125 , 16
23 , 0.5 , 25 , 2.33742527117 , 0.5526375 , 16
23 , 0.5 , 30 , 2.15479604204 , 0.5579875 , 16
23 , 0.5 , 35 , 2.02971793593 , 0.56141875 , 16
23 , 0.75 , 10 , 3.80507510519 , 0.540475 , 16
23 , 0.75 , 15 , 2.17239637086 , 0.531875 , 16
23 , 0.75 , 20 , 1.63022081735 , 0.52810625 , 16
23 , 0.75 , 25 , 1.40319464424 , 0.5250875 , 16
23 , 0.75 , 30 , 1.27641803831 , 0.5232375 , 16
23 , 0.75 , 35 , 1.223366621 , 0.5221875 , 16
23 , 1 , 10 , 6.24005098086 , 0.55074375 , 16
23 , 1 , 15 , 5.02646183305 , 0.54311875 , 16
23 , 1 , 20 , 4.01627670524 , 0.537725 , 16
23 , 1 , 25 , 3.27466893902 , 0.5372875 , 16
23 , 1 , 30 , 2.74953690695 , 0.53473125 , 16
23 , 1 , 35 , 2.30912902028 , 0.5325875 , 16
24 ,  ,  , 23.070858062 , 0.333333333333 , 21
24 , 0.1 , 10 , 13.9221029025 , 0.488942857143 , 21
24 , 0.1 , 15 , 10.0983285915 , 0.515176190476 , 21
24 , 0.1 , 20 , 7.86193350413 , 0.523733333333 , 21
24 , 0.1 , 25 , 6.42534921018 , 0.529566666667 , 21
24 , 0.1 , 30 , 5.59783493892 , 0.529171428571 , 21
24 , 0.1 , 35 , 4.95327535419 , 0.529252380952 , 21
24 , 0.25 , 10 , 8.01693904821 , 0.574761904762 , 21
24 , 0.25 , 15 , 5.81011715496 , 0.591838095238 , 21
24 , 0.25 , 20 , 4.78444135952 , 0.600019047619 , 21
24 , 0.25 , 25 , 4.1051759488 , 0.606542857143 , 21
24 , 0.25 , 30 , 3.65045233779 , 0.609761904762 , 21
24 , 0.25 , 35 , 3.24494959358 , 0.614171428571 , 21
24 , 0.5 , 10 , 4.53538897753 , 0.6132 , 21
24 , 0.5 , 15 , 2.89204456808 , 0.6217 , 21
24 , 0.5 , 20 , 2.08894380318 , 0.6277 , 21
24 , 0.5 , 25 , 1.68299460358 , 0.630552380952 , 21
24 , 0.5 , 30 , 1.45170894563 , 0.632242857143 , 21
24 , 0.5 , 35 , 1.30713937259 , 0.633138095238 , 21
24 , 0.75 , 10 , 4.10340667981 , 0.609280952381 , 21
24 , 0.75 , 15 , 2.80040072592 , 0.613414285714 , 21
24 , 0.75 , 20 , 2.22148338212 , 0.616628571429 , 21
24 , 0.75 , 25 , 1.93411611635 , 0.618247619048 , 21
24 , 0.75 , 30 , 1.78766841214 , 0.620776190476 , 21
24 , 0.75 , 35 , 1.73539644097 , 0.621457142857 , 21
24 , 1 , 10 , 6.23242309081 , 0.589295238095 , 21
24 , 1 , 15 , 5.63316238039 , 0.599547619048 , 21
24 , 1 , 20 , 5.1018027809 , 0.606161904762 , 21
24 , 1 , 25 , 4.67137190845 , 0.6073 , 21
24 , 1 , 30 , 4.37415097458 , 0.607785714286 , 21
24 , 1 , 35 , 4.108464954 , 0.607271428571 , 21
25 ,  ,  , 117.551514887 , 0.333333333333 , 107
25 , 0.1 , 10 , 101.263942217 , 0.340777570093 , 107
25 , 0.1 , 15 , 88.2480083667 , 0.340581308411 , 107
25 , 0.1 , 20 , 76.2234306432 , 0.338586915888 , 107
25 , 0.1 , 25 , 65.6750924528 , 0.336078504673 , 107
25 , 0.1 , 30 , 56.85721447 , 0.333372897196 , 107
25 , 0.1 , 35 , 49.8031908365 , 0.33081588785 , 107
25 , 0.25 , 10 , 83.6348707702 , 0.328814953271 , 107
25 , 0.25 , 15 , 66.0716124622 , 0.323676635514 , 107
25 , 0.25 , 20 , 54.3739476699 , 0.320014018692 , 107
25 , 0.25 , 25 , 46.2577337622 , 0.317228971963 , 107
25 , 0.25 , 30 , 40.4548736816 , 0.315356074766 , 107
25 , 0.25 , 35 , 35.8675565428 , 0.313238317757 , 107
25 , 0.5 , 10 , 65.5707922615 , 0.308568224299 , 107
25 , 0.5 , 15 , 48.8850440163 , 0.303030841121 , 107
25 , 0.5 , 20 , 38.3296872913 , 0.299200934579 , 107
25 , 0.5 , 25 , 31.0574389407 , 0.297326168224 , 107
25 , 0.5 , 30 , 25.9480753758 , 0.296872897196 , 107
25 , 0.5 , 35 , 22.0029825024 , 0.296170093458 , 107
25 , 0.75 , 10 , 58.636668705 , 0.300941121495 , 107
25 , 0.75 , 15 , 43.4236724184 , 0.298840186916 , 107
25 , 0.75 , 20 , 33.3618188702 , 0.298913084112 , 107
25 , 0.75 , 25 , 26.7981793777 , 0.299870093458 , 107
25 , 0.75 , 30 , 22.352804912 , 0.300477570093 , 107
25 , 0.75 , 35 , 19.2299071283 , 0.301352336449 , 107
25 , 1 , 10 , 57.4509480411 , 0.301812149533 , 107
25 , 1 , 15 , 46.3953954366 , 0.30308411215 , 107
25 , 1 , 20 , 39.8798483921 , 0.304189719626 , 107
25 , 1 , 25 , 35.7375221673 , 0.305417757009 , 107
25 , 1 , 30 , 32.7883923494 , 0.30514953271 , 107
25 , 1 , 35 , 30.5602727022 , 0.304797196262 , 107
26 ,  ,  , 20.8736334847 , 0.333333333333 , 19
26 , 0.1 , 10 , 12.135680465 , 0.330278947368 , 19
26 , 0.1 , 15 , 7.33572013551 , 0.328421052632 , 19
26 , 0.1 , 20 , 4.34875828543 , 0.327389473684 , 19
26 , 0.1 , 25 , 2.83405071729 , 0.328694736842 , 19
26 , 0.1 , 30 , 2.03922050216 , 0.330036842105 , 19
26 , 0.1 , 35 , 1.63666867465 , 0.330931578947 , 19
26 , 0.25 , 10 , 7.37627294411 , 0.356157894737 , 19
26 , 0.25 , 15 , 4.37380478584 , 0.348894736842 , 19
26 , 0.25 , 20 , 2.88706158006 , 0.343126315789 , 19
26 , 0.25 , 25 , 2.05692350597 , 0.338963157895 , 19
26 , 0.25 , 30 , 1.65677124616 , 0.336263157895 , 19
26 , 0.25 , 35 , 1.43501206506 , 0.334884210526 , 19
26 , 0.5 , 10 , 9.55975621941 , 0.446536842105 , 19
26 , 0.5 , 15 , 8.45944644275 , 0.474942105263 , 19
26 , 0.5 , 20 , 7.57393519249 , 0.497552631579 , 19
26 , 0.5 , 25 , 6.81958711725 , 0.513210526316 , 19
26 , 0.5 , 30 , 6.17158025027 , 0.526768421053 , 19
26 , 0.5 , 35 , 5.65225537093 , 0.535936842105 , 19
26 , 0.75 , 10 , 7.90478119441 , 0.477157894737 , 19
26 , 0.75 , 15 , 6.37053616438 , 0.490815789474 , 19
26 , 0.75 , 20 , 5.52156874369 , 0.497973684211 , 19
26 , 0.75 , 25 , 5.00784255959 , 0.503263157895 , 19
26 , 0.75 , 30 , 4.63107561162 , 0.508163157895 , 19
26 , 0.75 , 35 , 4.30039316283 , 0.513415789474 , 19
26 , 1 , 10 , 7.10908960804 , 0.462536842105 , 19
26 , 1 , 15 , 5.95305809641 , 0.457310526316 , 19
26 , 1 , 20 , 5.24880811048 , 0.455347368421 , 19
26 , 1 , 25 , 4.64671517489 , 0.452126315789 , 19
26 , 1 , 30 , 4.15852862916 , 0.452442105263 , 19
26 , 1 , 35 , 3.81427821407 , 0.453294736842 , 19
27 ,  ,  , 30.7611440827 , 0.333333333333 , 28
27 , 0.1 , 10 , 24.8504757465 , 0.298192857143 , 28
27 , 0.1 , 15 , 22.4292517438 , 0.293864285714 , 28
27 , 0.1 , 20 , 20.7611293776 , 0.293867857143 , 28
27 , 0.1 , 25 , 19.4731309201 , 0.293782142857 , 28
27 , 0.1 , 30 , 18.6067789051 , 0.293528571429 , 28
27 , 0.1 , 35 , 17.9465586231 , 0.295439285714 , 28
27 , 0.25 , 10 , 21.861833748 , 0.292010714286 , 28
27 , 0.25 , 15 , 19.6121007657 , 0.294292857143 , 28
27 , 0.25 , 20 , 18.2635549011 , 0.298021428571 , 28
27 , 0.25 , 25 , 17.2965824724 , 0.304821428571 , 28
27 , 0.25 , 30 , 16.5835109256 , 0.311185714286 , 28
27 , 0.25 , 35 , 15.9800500327 , 0.316907142857 , 28
27 , 0.5 , 10 , 22.3063274903 , 0.2987 , 28
27 , 0.5 , 15 , 20.7027315384 , 0.305821428571 , 28
27 , 0.5 , 20 , 19.2144445258 , 0.314739285714 , 28
27 , 0.5 , 25 , 17.7866061842 , 0.324160714286 , 28
27 , 0.5 , 30 , 16.4008496971 , 0.333292857143 , 28
27 , 0.5 , 35 , 15.1700009184 , 0.340660714286 , 28
27 , 0.75 , 10 , 22.9202509205 , 0.310589285714 , 28
27 , 0.75 , 15 , 21.4422213357 , 0.316075 , 28
27 , 0.75 , 20 , 20.0830724965 , 0.322507142857 , 28
27 , 0.75 , 25 , 18.9501614793 , 0.327614285714 , 28
27 , 0.75 , 30 , 17.9698756469 , 0.334414285714 , 28
27 , 0.75 , 35 , 17.1076454086 , 0.341003571429 , 28
27 , 1 , 10 , 23.487177146 , 0.344778571429 , 28
27 , 1 , 15 , 22.2497492996 , 0.350789285714 , 28
27 , 1 , 20 , 21.2157945005 , 0.357046428571 , 28
27 , 1 , 25 , 20.3882639403 , 0.361625 , 28
27 , 1 , 30 , 19.8391988111 , 0.365317857143 , 28
27 , 1 , 35 , 19.3179537738 , 0.367853571429 , 28
28 ,  ,  , 29.662531794 , 0.333333333333 , 27
28 , 0.1 , 10 , 23.1438355845 , 0.40127037037 , 27
28 , 0.1 , 15 , 19.6002437989 , 0.409055555556 , 27
28 , 0.1 , 20 , 16.9382475663 , 0.412792592593 , 27
28 , 0.1 , 25 , 14.8907268026 , 0.413737037037 , 27
28 , 0.1 , 30 , 13.1808981759 , 0.415559259259 , 27
28 , 0.1 , 35 , 11.914875753 , 0.416277777778 , 27
28 , 0.25 , 10 , 16.8775601634 , 0.422751851852 , 27
28 , 0.25 , 15 , 12.5656502138 , 0.431455555556 , 27
28 , 0.25 , 20 , 10.0487776504 , 0.441703703704 , 27
28 , 0.25 , 25 , 8.39969394483 , 0.449014814815 , 27
28 , 0.25 , 30 , 7.28103914562 , 0.455088888889 , 27
28 , 0.25 , 35 , 6.38437193683 , 0.460303703704 , 27
28 , 0.5 , 10 , 11.9374317224 , 0.409151851852 , 27
28 , 0.5 , 15 , 8.16360969079 , 0.407866666667 , 27
28 , 0.5 , 20 , 6.14810309617 , 0.407437037037 , 27
28 , 0.5 , 25 , 4.88048661999 , 0.408933333333 , 27
28 , 0.5 , 30 , 4.05288392342 , 0.411533333333 , 27
28 , 0.5 , 35 , 3.42998762967 , 0.41267037037 , 27
28 , 0.75 , 10 , 10.5840852895 , 0.390088888889 , 27
28 , 0.75 , 15 , 7.73057593564 , 0.384148148148 , 27
28 , 0.75 , 20 , 6.1579776273 , 0.382566666667 , 27
28 , 0.75 , 25 , 4.98493517246 , 0.38097037037 , 27
28 , 0.75 , 30 , 4.17815511012 , 0.380688888889 , 27
28 , 0.75 , 35 , 3.55973219319 , 0.38117037037 , 27
28 , 1 , 10 , 9.95663746982 , 0.377918518519 , 27
28 , 1 , 15 , 7.46994063176 , 0.373351851852 , 27
28 , 1 , 20 , 6.35013444417 , 0.373477777778 , 27
28 , 1 , 25 , 5.75160617456 , 0.375107407407 , 27
28 , 1 , 30 , 5.34828552163 , 0.376503703704 , 27
28 , 1 , 35 , 5.05456524256 , 0.379440740741 , 27
29 ,  ,  , 16.47918433 , 0.333333333333 , 15
29 , 0.1 , 10 , 15.7209782309 , 0.362126666667 , 15
29 , 0.1 , 15 , 14.8660772297 , 0.370993333333 , 15
29 , 0.1 , 20 , 13.863309467 , 0.376786666667 , 15
29 , 0.1 , 25 , 12.818120876 , 0.381926666667 , 15
29 , 0.1 , 30 , 11.7734464777 , 0.38426 , 15
29 , 0.1 , 35 , 10.912164269 , 0.384466666667 , 15
29 , 0.25 , 10 , 13.8967565573 , 0.384026666667 , 15
29 , 0.25 , 15 , 12.0299242151 , 0.391733333333 , 15
29 , 0.25 , 20 , 10.6774005052 , 0.39448 , 15
29 , 0.25 , 25 , 9.73967478801 , 0.3936 , 15
29 , 0.25 , 30 , 9.06429317227 , 0.39208 , 15
29 , 0.25 , 35 , 8.53437882474 , 0.390613333333 , 15
29 , 0.5 , 10 , 12.6878456805 , 0.39832 , 15
29 , 0.5 , 15 , 11.4134655926 , 0.40194 , 15
29 , 0.5 , 20 , 10.5530017204 , 0.402013333333 , 15
29 , 0.5 , 25 , 10.0661510119 , 0.398846666667 , 15
29 , 0.5 , 30 , 9.69473237996 , 0.394113333333 , 15
29 , 0.5 , 35 , 9.34791288538 , 0.39204 , 15
29 , 0.75 , 10 , 12.8053420618 , 0.395746666667 , 15
29 , 0.75 , 15 , 11.7382627939 , 0.403926666667 , 15
29 , 0.75 , 20 , 10.742135051 , 0.405013333333 , 15
29 , 0.75 , 25 , 10.034431343 , 0.405686666667 , 15
29 , 0.75 , 30 , 9.37784318901 , 0.40812 , 15
29 , 0.75 , 35 , 8.82042566203 , 0.407066666667 , 15
29 , 1 , 10 , 12.5820042453 , 0.396206666667 , 15
29 , 1 , 15 , 11.2753033408 , 0.40564 , 15
29 , 1 , 20 , 10.0256404517 , 0.414173333333 , 15
29 , 1 , 25 , 8.9566190285 , 0.423353333333 , 15
29 , 1 , 30 , 8.10003544913 , 0.426886666667 , 15
29 , 1 , 35 , 7.40819563444 , 0.429866666667 , 15
30 ,  ,  , 18.6764089074 , 0.333333333333 , 17
30 , 0.1 , 10 , 16.5962061152 , 0.377329411765 , 17
30 , 0.1 , 15 , 14.5534902644 , 0.397158823529 , 17
30 , 0.1 , 20 , 12.4269879087 , 0.414229411765 , 17
30 , 0.1 , 25 , 10.4390380783 , 0.427747058824 , 17
30 , 0.1 , 30 , 8.66341477296 , 0.438629411765 , 17
30 , 0.1 , 35 , 7.29258184264 , 0.448329411765 , 17
30 , 0.25 , 10 , 14.0286342207 , 0.405770588235 , 17
30 , 0.25 , 15 , 11.2191778856 , 0.427588235294 , 17
30 , 0.25 , 20 , 9.22057700577 , 0.446405882353 , 17
30 , 0.25 , 25 , 8.01065779357 , 0.459252941176 , 17
30 , 0.25 , 30 , 7.15112179111 , 0.4698 , 17
30 , 0.25 , 35 , 6.48673045255 , 0.479117647059 , 17
30 , 0.5 , 10 , 11.3488780339 , 0.426105882353 , 17
30 , 0.5 , 15 , 8.30993570306 , 0.432135294118 , 17
30 , 0.5 , 20 , 6.55452376336 , 0.434758823529 , 17
30 , 0.5 , 25 , 5.66230371582 , 0.435076470588 , 17
30 , 0.5 , 30 , 5.09931023106 , 0.436852941176 , 17
30 , 0.5 , 35 , 4.66676958632 , 0.441458823529 , 17
30 , 0.75 , 10 , 10.1344657306 , 0.450723529412 , 17
30 , 0.75 , 15 , 7.3596832132 , 0.455611764706 , 17
30 , 0.75 , 20 , 5.76160697122 , 0.461405882353 , 17
30 , 0.75 , 25 , 4.80865928696 , 0.466447058824 , 17
30 , 0.75 , 30 , 4.19567605907 , 0.471017647059 , 17
30 , 0.75 , 35 , 3.8315100838 , 0.475317647059 , 17
30 , 1 , 10 , 9.83442592623 , 0.490976470588 , 17
30 , 1 , 15 , 7.56155012304 , 0.497111764706 , 17
30 , 1 , 20 , 6.18089351317 , 0.495529411765 , 17
30 , 1 , 25 , 5.31057494584 , 0.492670588235 , 17
30 , 1 , 30 , 4.6908828448 , 0.489482352941 , 17
30 , 1 , 35 , 4.30067046561 , 0.486682352941 , 17
31 ,  ,  , 24.1694703507 , 0.333333333333 , 22
31 , 0.1 , 10 , 16.0869868959 , 0.493868181818 , 22
31 , 0.1 , 15 , 11.813673808 , 0.532959090909 , 22
31 , 0.1 , 20 , 8.9976436072 , 0.553281818182 , 22
31 , 0.1 , 25 , 7.22561023937 , 0.567627272727 , 22
31 , 0.1 , 30 , 5.99312928452 , 0.575327272727 , 22
31 , 0.1 , 35 , 5.20898112677 , 0.579372727273 , 22
31 , 0.25 , 10 , 11.444751548 , 0.553172727273 , 22
31 , 0.25 , 15 , 7.87570538531 , 0.585009090909 , 22
31 , 0.25 , 20 , 5.78391324561 , 0.601945454545 , 22
31 , 0.25 , 25 , 4.45594687314 , 0.611327272727 , 22
31 , 0.25 , 30 , 3.60232794851 , 0.617577272727 , 22
31 , 0.25 , 35 , 2.97650347531 , 0.620931818182 , 22
31 , 0.5 , 10 , 9.14790515356 , 0.581654545455 , 22
31 , 0.5 , 15 , 7.44549667385 , 0.601759090909 , 22
31 , 0.5 , 20 , 6.77922125506 , 0.611886363636 , 22
31 , 0.5 , 25 , 6.40003072729 , 0.620213636364 , 22
31 , 0.5 , 30 , 6.1118298501 , 0.626190909091 , 22
31 , 0.5 , 35 , 5.80914849599 , 0.633613636364 , 22
31 , 0.75 , 10 , 8.3905705633 , 0.530581818182 , 22
31 , 0.75 , 15 , 6.27507308569 , 0.538736363636 , 22
31 , 0.75 , 20 , 4.97063512853 , 0.542454545455 , 22
31 , 0.75 , 25 , 4.23100147983 , 0.544131818182 , 22
31 , 0.75 , 30 , 3.74035637099 , 0.546522727273 , 22
31 , 0.75 , 35 , 3.4942681792 , 0.547204545455 , 22
31 , 1 , 10 , 8.85945584257 , 0.443222727273 , 22
31 , 1 , 15 , 7.70270246928 , 0.439077272727 , 22
31 , 1 , 20 , 7.03458205114 , 0.440281818182 , 22
31 , 1 , 25 , 6.68316841563 , 0.441127272727 , 22
31 , 1 , 30 , 6.45095037195 , 0.442240909091 , 22
31 , 1 , 35 , 6.2853539296 , 0.44435 , 22
32 ,  ,  , 20.8736334847 , 0.333333333333 , 19
32 , 0.1 , 10 , 16.9501793708 , 0.284726315789 , 19
32 , 0.1 , 15 , 13.7758117094 , 0.267852631579 , 19
32 , 0.1 , 20 , 11.0858700249 , 0.256342105263 , 19
32 , 0.1 , 25 , 9.00808917184 , 0.246605263158 , 19
32 , 0.1 , 30 , 7.40431602743 , 0.239368421053 , 19
32 , 0.1 , 35 , 6.30944040918 , 0.232678947368 , 19
32 , 0.25 , 10 , 10.3095119992 , 0.263152631579 , 19
32 , 0.25 , 15 , 6.76160383825 , 0.246615789474 , 19
32 , 0.25 , 20 , 5.038081404 , 0.234084210526 , 19
32 , 0.25 , 25 , 4.14105867157 , 0.225205263158 , 19
32 , 0.25 , 30 , 3.67903695918 , 0.218863157895 , 19
32 , 0.25 , 35 , 3.42412907769 , 0.214947368421 , 19
32 , 0.5 , 10 , 7.0006240995 , 0.2623 , 19
32 , 0.5 , 15 , 4.87581782606 , 0.247347368421 , 19
32 , 0.5 , 20 , 4.02478430628 , 0.241705263158 , 19
32 , 0.5 , 25 , 3.60625908577 , 0.2399 , 19
32 , 0.5 , 30 , 3.34174336523 , 0.239442105263 , 19
32 , 0.5 , 35 , 3.16856858113 , 0.238889473684 , 19
32 , 0.75 , 10 , 7.25087820711 , 0.286063157895 , 19
32 , 0.75 , 15 , 4.97315093602 , 0.273405263158 , 19
32 , 0.75 , 20 , 3.78844038377 , 0.268784210526 , 19
32 , 0.75 , 25 , 3.0715488391 , 0.268184210526 , 19
32 , 0.75 , 30 , 2.58085426799 , 0.268884210526 , 19
32 , 0.75 , 35 , 2.29580698547 , 0.268763157895 , 19
32 , 1 , 10 , 8.15574602864 , 0.348273684211 , 19
32 , 1 , 15 , 6.23862157827 , 0.333842105263 , 19
32 , 1 , 20 , 4.95689671312 , 0.325094736842 , 19
32 , 1 , 25 , 4.06933887805 , 0.320005263158 , 19
32 , 1 , 30 , 3.47663463809 , 0.317473684211 , 19
32 , 1 , 35 , 3.05578375322 , 0.314310526316 , 19
33 ,  ,  , 35.1555932374 , 0.333333333333 , 32
33 , 0.1 , 10 , 24.7175446571 , 0.274359375 , 32
33 , 0.1 , 15 , 18.2043275165 , 0.2595625 , 32
33 , 0.1 , 20 , 14.0593343685 , 0.25359375 , 32
33 , 0.1 , 25 , 11.4691924742 , 0.25269375 , 32
33 , 0.1 , 30 , 9.96152475437 , 0.253575 , 32
33 , 0.1 , 35 , 9.08690191666 , 0.255784375 , 32
33 , 0.25 , 10 , 15.5419400008 , 0.254290625 , 32
33 , 0.25 , 15 , 10.8748710801 , 0.253146875 , 32
33 , 0.25 , 20 , 8.96344482936 , 0.25563125 , 32
33 , 0.25 , 25 , 8.15420388005 , 0.25681875 , 32
33 , 0.25 , 30 , 7.75746767298 , 0.25685625 , 32
33 , 0.25 , 35 , 7.5412986781 , 0.25673125 , 32
33 , 0.5 , 10 , 16.669926474 , 0.2364 , 32
33 , 0.5 , 15 , 13.3373236393 , 0.225009375 , 32
33 , 0.5 , 20 , 11.3959841549 , 0.220153125 , 32
33 , 0.5 , 25 , 10.0109913956 , 0.219459375 , 32
33 , 0.5 , 30 , 9.00590066623 , 0.21848125 , 32
33 , 0.5 , 35 , 8.24255347901 , 0.216671875 , 32
33 , 0.75 , 10 , 16.6712562166 , 0.25530625 , 32
33 , 0.75 , 15 , 13.3922554666 , 0.24885 , 32
33 , 0.75 , 20 , 11.3465846153 , 0.24395 , 32
33 , 0.75 , 25 , 9.90473446313 , 0.242028125 , 32
33 , 0.75 , 30 , 8.83630683766 , 0.23965625 , 32
33 , 0.75 , 35 , 7.94858401789 , 0.23796875 , 32
33 , 1 , 10 , 14.1399126059 , 0.30454375 , 32
33 , 1 , 15 , 11.522261332 , 0.30848125 , 32
33 , 1 , 20 , 9.82047784447 , 0.306503125 , 32
33 , 1 , 25 , 8.51066534729 , 0.303903125 , 32
33 , 1 , 30 , 7.50042224016 , 0.3019 , 32
33 , 1 , 35 , 6.64201515158 , 0.29955625 , 32
34 ,  ,  , 21.9722457734 , 0.333333333333 , 20
34 , 0.1 , 10 , 15.5421816161 , 0.437305 , 20
34 , 0.1 , 15 , 11.2755662527 , 0.464865 , 20
34 , 0.1 , 20 , 8.26000689134 , 0.478995 , 20
34 , 0.1 , 25 , 6.29797241632 , 0.48813 , 20
34 , 0.1 , 30 , 4.93615461364 , 0.49271 , 20
34 , 0.1 , 35 , 4.11315868333 , 0.49645 , 20
34 , 0.25 , 10 , 10.3058182226 , 0.474035 , 20
34 , 0.25 , 15 , 6.43021353665 , 0.49689 , 20
34 , 0.25 , 20 , 4.76724129192 , 0.508055 , 20
34 , 0.25 , 25 , 3.9206189123 , 0.51517 , 20
34 , 0.25 , 30 , 3.4522269312 , 0.51849 , 20
34 , 0.25 , 35 , 3.10268750835 , 0.52185 , 20
34 , 0.5 , 10 , 9.04361442358 , 0.48645 , 20
34 , 0.5 , 15 , 6.39587034638 , 0.509555 , 20
34 , 0.5 , 20 , 5.11621080201 , 0.523445 , 20
34 , 0.5 , 25 , 4.31243780506 , 0.53214 , 20
34 , 0.5 , 30 , 3.77938848892 , 0.536845 , 20
34 , 0.5 , 35 , 3.39755079545 , 0.541515 , 20
34 , 0.75 , 10 , 8.01213254868 , 0.47458 , 20
34 , 0.75 , 15 , 5.64646065749 , 0.484725 , 20
34 , 0.75 , 20 , 4.61628849157 , 0.49082 , 20
34 , 0.75 , 25 , 4.02154332505 , 0.49412 , 20
34 , 0.75 , 30 , 3.64951070349 , 0.49784 , 20
34 , 0.75 , 35 , 3.31276413042 , 0.500995 , 20
34 , 1 , 10 , 8.23156944889 , 0.453215 , 20
34 , 1 , 15 , 5.557287786 , 0.459045 , 20
34 , 1 , 20 , 4.06092412025 , 0.45985 , 20
34 , 1 , 25 , 3.20815641517 , 0.46207 , 20
34 , 1 , 30 , 2.7161649007 , 0.463035 , 20
34 , 1 , 35 , 2.38914374994 , 0.463335 , 20
35 ,  ,  , 36.254205526 , 0.333333333333 , 33
35 , 0.1 , 10 , 21.6844042513 , 0.351306060606 , 33
35 , 0.1 , 15 , 15.0580759652 , 0.348906060606 , 33
35 , 0.1 , 20 , 10.5235520656 , 0.349466666667 , 33
35 , 0.1 , 25 , 7.61471746976 , 0.350706060606 , 33
35 , 0.1 , 30 , 5.72240331827 , 0.352218181818 , 33
35 , 0.1 , 35 , 4.37499081609 , 0.354312121212 , 33
35 , 0.25 , 10 , 17.9062131161 , 0.384436363636 , 33
35 , 0.25 , 15 , 13.871495765 , 0.383251515152 , 33
35 , 0.25 , 20 , 11.4686617834 , 0.380557575758 , 33
35 , 0.25 , 25 , 9.8678413088 , 0.378181818182 , 33
35 , 0.25 , 30 , 8.75732164142 , 0.375524242424 , 33
35 , 0.25 , 35 , 7.79038323623 , 0.373836363636 , 33
35 , 0.5 , 10 , 15.4035469414 , 0.408009090909 , 33
35 , 0.5 , 15 , 11.3867589991 , 0.404587878788 , 33
35 , 0.5 , 20 , 8.7069823389 , 0.399266666667 , 33
35 , 0.5 , 25 , 6.99955597757 , 0.396612121212 , 33
35 , 0.5 , 30 , 5.75731762806 , 0.395090909091 , 33
35 , 0.5 , 35 , 4.92442049498 , 0.393648484848 , 33
35 , 0.75 , 10 , 14.2085645282 , 0.409712121212 , 33
35 , 0.75 , 15 , 10.9204651485 , 0.418809090909 , 33
35 , 0.75 , 20 , 9.06287955149 , 0.421263636364 , 33
35 , 0.75 , 25 , 7.83510437322 , 0.421151515152 , 33
35 , 0.75 , 30 , 6.97450058308 , 0.421827272727 , 33
35 , 0.75 , 35 , 6.3552499083 , 0.418833333333 , 33
35 , 1 , 10 , 14.8102931429 , 0.361978787879 , 33
35 , 1 , 15 , 13.5423476687 , 0.363663636364 , 33
35 , 1 , 20 , 13.0186945875 , 0.362987878788 , 33
35 , 1 , 25 , 12.7257913864 , 0.361893939394 , 33
35 , 1 , 30 , 12.5501627416 , 0.360915151515 , 33
35 , 1 , 35 , 12.4338990311 , 0.360112121212 , 33
36 ,  ,  , 43.9444915467 , 0.333333333333 , 40
36 , 0.1 , 10 , 34.2820490205 , 0.3354825 , 40
36 , 0.1 , 15 , 27.3067020017 , 0.336135 , 40
36 , 0.1 , 20 , 21.6668461457 , 0.33478 , 40
36 , 0.1 , 25 , 17.6356925827 , 0.3319975 , 40
36 , 0.1 , 30 , 14.5983050196 , 0.3286825 , 40
36 , 0.1 , 35 , 12.3411569895 , 0.325395 , 40
36 , 0.25 , 10 , 22.3216142401 , 0.3079025 , 40
36 , 0.25 , 15 , 15.5101382243 , 0.2992125 , 40
36 , 0.25 , 20 , 11.3915869902 , 0.292225 , 40
36 , 0.25 , 25 , 8.76487334867 , 0.2892875 , 40
36 , 0.25 , 30 , 7.04575890404 , 0.2857425 , 40
36 , 0.25 , 35 , 5.76882549953 , 0.2845475 , 40
36 , 0.5 , 10 , 13.3453180076 , 0.2914975 , 40
36 , 0.5 , 15 , 8.73253310093 , 0.2804725 , 40
36 , 0.5 , 20 , 6.69515572493 , 0.2755775 , 40
36 , 0.5 , 25 , 5.65672795147 , 0.2734725 , 40
36 , 0.5 , 30 , 5.07225546213 , 0.273045 , 40
36 , 0.5 , 35 , 4.6154417474 , 0.2719075 , 40
36 , 0.75 , 10 , 11.2694014048 , 0.2819825 , 40
36 , 0.75 , 15 , 7.53521792934 , 0.28195 , 40
36 , 0.75 , 20 , 5.42350232919 , 0.2816575 , 40
36 , 0.75 , 25 , 4.22798206087 , 0.28086 , 40
36 , 0.75 , 30 , 3.45407010233 , 0.28109 , 40
36 , 0.75 , 35 , 2.90293694209 , 0.28119 , 40
36 , 1 , 10 , 14.925326154 , 0.2690975 , 40
36 , 1 , 15 , 13.7530172196 , 0.2699275 , 40
36 , 1 , 20 , 13.0604535993 , 0.27223 , 40
36 , 1 , 25 , 12.4742300326 , 0.2743925 , 40
36 , 1 , 30 , 11.9790435956 , 0.27571 , 40
36 , 1 , 35 , 11.5752405098 , 0.2781225 , 40
37 ,  ,  , 16.47918433 , 0.333333333333 , 15
37 , 0.1 , 10 , 16.1400641791 , 0.348166666667 , 15
37 , 0.1 , 15 , 15.7631998986 , 0.357593333333 , 15
37 , 0.1 , 20 , 15.301768319 , 0.365526666667 , 15
37 , 0.1 , 25 , 14.8953777857 , 0.370293333333 , 15
37 , 0.1 , 30 , 14.4599798763 , 0.37528 , 15
37 , 0.1 , 35 , 14.0802227699 , 0.380033333333 , 15
37 , 0.25 , 10 , 14.9279698666 , 0.371946666667 , 15
37 , 0.25 , 15 , 14.0397267494 , 0.3804 , 15
37 , 0.25 , 20 , 13.3650750844 , 0.389386666667 , 15
37 , 0.25 , 25 , 12.7760363368 , 0.395086666667 , 15
37 , 0.25 , 30 , 12.2047078303 , 0.394026666667 , 15
37 , 0.25 , 35 , 11.6494108999 , 0.3973 , 15
37 , 0.5 , 10 , 13.4548613967 , 0.387233333333 , 15
37 , 0.5 , 15 , 12.4163290621 , 0.392953333333 , 15
37 , 0.5 , 20 , 11.4505193371 , 0.394213333333 , 15
37 , 0.5 , 25 , 10.6618998307 , 0.3929 , 15
37 , 0.5 , 30 , 9.89396123779 , 0.387793333333 , 15
37 , 0.5 , 35 , 9.32288305873 , 0.3834 , 15
37 , 0.75 , 10 , 12.4634659295 , 0.391566666667 , 15
37 , 0.75 , 15 , 11.1539999095 , 0.387906666667 , 15
37 , 0.75 , 20 , 10.100683384 , 0.384586666667 , 15
37 , 0.75 , 25 , 9.25998838649 , 0.376333333333 , 15
37 , 0.75 , 30 , 8.72493609114 , 0.369493333333 , 15
37 , 0.75 , 35 , 8.30574102256 , 0.361493333333 , 15
37 , 1 , 10 , 11.5468120692 , 0.38276 , 15
37 , 1 , 15 , 10.0638766937 , 0.379773333333 , 15
37 , 1 , 20 , 9.00192137129 , 0.368166666667 , 15
37 , 1 , 25 , 8.34565922074 , 0.358406666667 , 15
37 , 1 , 30 , 7.83116750823 , 0.352906666667 , 15
37 , 1 , 35 , 7.40306829043 , 0.343093333333 , 15
38 ,  ,  , 41.7472669694 , 0.333333333333 , 38
38 , 0.1 , 10 , 29.663040505 , 0.438747368421 , 38
38 , 0.1 , 15 , 24.9523390466 , 0.443355263158 , 38
38 , 0.1 , 20 , 21.6287968446 , 0.443663157895 , 38
38 , 0.1 , 25 , 19.1177588669 , 0.440281578947 , 38
38 , 0.1 , 30 , 17.2445202127 , 0.438139473684 , 38
38 , 0.1 , 35 , 15.767796804 , 0.435231578947 , 38
38 , 0.25 , 10 , 26.5315243379 , 0.405721052632 , 38
38 , 0.25 , 15 , 21.5715467484 , 0.413568421053 , 38
38 , 0.25 , 20 , 17.9286884807 , 0.420515789474 , 38
38 , 0.25 , 25 , 15.3989766036 , 0.426718421053 , 38
38 , 0.25 , 30 , 13.447863408 , 0.430307894737 , 38
38 , 0.25 , 35 , 12.0077048317 , 0.431784210526 , 38
38 , 0.5 , 10 , 23.3002823042 , 0.390810526316 , 38
38 , 0.5 , 15 , 21.1930992835 , 0.393171052632 , 38
38 , 0.5 , 20 , 19.8020337286 , 0.396736842105 , 38
38 , 0.5 , 25 , 18.6923191887 , 0.401286842105 , 38
38 , 0.5 , 30 , 17.8288011298 , 0.404902631579 , 38
38 , 0.5 , 35 , 17.1132237237 , 0.406494736842 , 38
38 , 0.75 , 10 , 23.7473130156 , 0.397410526316 , 38
38 , 0.75 , 15 , 22.2489433468 , 0.402055263158 , 38
38 , 0.75 , 20 , 21.0453369539 , 0.408226315789 , 38
38 , 0.75 , 25 , 20.0824509553 , 0.413202631579 , 38
38 , 0.75 , 30 , 19.2086481957 , 0.418489473684 , 38
38 , 0.75 , 35 , 18.4706800507 , 0.423023684211 , 38
38 , 1 , 10 , 25.3232012333 , 0.412739473684 , 38
38 , 1 , 15 , 24.5810576344 , 0.423694736842 , 38
38 , 1 , 20 , 23.7431638292 , 0.429294736842 , 38
38 , 1 , 25 , 22.8581394435 , 0.437236842105 , 38
38 , 1 , 30 , 22.0374996957 , 0.443139473684 , 38
38 , 1 , 35 , 21.3155607885 , 0.447394736842 , 38
39 ,  ,  , 19.775021196 , 0.333333333333 , 18
39 , 0.1 , 10 , 16.1049125679 , 0.401777777778 , 18
39 , 0.1 , 15 , 13.4790897449 , 0.425505555556 , 18
39 , 0.1 , 20 , 11.406194593 , 0.443688888889 , 18
39 , 0.1 , 25 , 9.86879380873 , 0.455927777778 , 18
39 , 0.1 , 30 , 8.64917048049 , 0.465588888889 , 18
39 , 0.1 , 35 , 7.74980540353 , 0.472677777778 , 18
39 , 0.25 , 10 , 12.1842383116 , 0.391238888889 , 18
39 , 0.25 , 15 , 9.53647798837 , 0.395833333333 , 18
39 , 0.25 , 20 , 8.03182902468 , 0.398672222222 , 18
39 , 0.25 , 25 , 7.14772901534 , 0.399111111111 , 18
39 , 0.25 , 30 , 6.58847228123 , 0.399266666667 , 18
39 , 0.25 , 35 , 6.22963329513 , 0.3997 , 18
39 , 0.5 , 10 , 9.19422900948 , 0.305422222222 , 18
39 , 0.5 , 15 , 7.2064007459 , 0.290038888889 , 18
39 , 0.5 , 20 , 6.28794812339 , 0.281777777778 , 18
39 , 0.5 , 25 , 5.68378441354 , 0.274944444444 , 18
39 , 0.5 , 30 , 5.27938707926 , 0.270927777778 , 18
39 , 0.5 , 35 , 4.88279363963 , 0.267772222222 , 18
39 , 0.75 , 10 , 9.06463257676 , 0.278961111111 , 18
39 , 0.75 , 15 , 7.45221547615 , 0.26995 , 18
39 , 0.75 , 20 , 6.63737950974 , 0.265122222222 , 18
39 , 0.75 , 25 , 6.12897911564 , 0.2613 , 18
39 , 0.75 , 30 , 5.85161723137 , 0.259644444444 , 18
39 , 0.75 , 35 , 5.66932301151 , 0.25825 , 18
39 , 1 , 10 , 11.2683879742 , 0.277488888889 , 18
39 , 1 , 15 , 10.7922310505 , 0.272983333333 , 18
39 , 1 , 20 , 10.4247795064 , 0.269361111111 , 18
39 , 1 , 25 , 10.144016348 , 0.266444444444 , 18
39 , 1 , 30 , 9.89685205064 , 0.266061111111 , 18
39 , 1 , 35 , 9.72057302207 , 0.266422222222 , 18
40 ,  ,  , 43.9444915467 , 0.333333333333 , 40
40 , 0.1 , 10 , 39.910469238 , 0.3543725 , 40
40 , 0.1 , 15 , 36.9480239796 , 0.3488275 , 40
40 , 0.1 , 20 , 34.0178450153 , 0.3415 , 40
40 , 0.1 , 25 , 31.4648250707 , 0.3336475 , 40
40 , 0.1 , 30 , 29.1344962188 , 0.3236875 , 40
40 , 0.1 , 35 , 27.0196718681 , 0.3186175 , 40
40 , 0.25 , 10 , 32.5757466132 , 0.32343 , 40
40 , 0.25 , 15 , 26.014184 , 0.3109875 , 40
40 , 0.25 , 20 , 21.5342105412 , 0.30439 , 40
40 , 0.25 , 25 , 18.7279954182 , 0.3007175 , 40
40 , 0.25 , 30 , 16.8080534276 , 0.301335 , 40
40 , 0.25 , 35 , 15.6386043354 , 0.30051 , 40
40 , 0.5 , 10 , 24.7233214239 , 0.30993 , 40
40 , 0.5 , 15 , 19.731388226 , 0.3098725 , 40
40 , 0.5 , 20 , 17.1065411192 , 0.3117725 , 40
40 , 0.5 , 25 , 15.5674429814 , 0.3122425 , 40
40 , 0.5 , 30 , 14.4798896739 , 0.312025 , 40
40 , 0.5 , 35 , 13.7776498203 , 0.3145975 , 40
40 , 0.75 , 10 , 23.3733377291 , 0.3333525 , 40
40 , 0.75 , 15 , 20.6459133112 , 0.337475 , 40
40 , 0.75 , 20 , 18.8235419413 , 0.3404125 , 40
40 , 0.75 , 25 , 17.5439787934 , 0.34154 , 40
40 , 0.75 , 30 , 16.5295111154 , 0.341565 , 40
40 , 0.75 , 35 , 15.7769791618 , 0.342695 , 40
40 , 1 , 10 , 22.595990583 , 0.3492925 , 40
40 , 1 , 15 , 20.4245600498 , 0.3584675 , 40
40 , 1 , 20 , 18.7613180256 , 0.36437 , 40
40 , 1 , 25 , 17.5291943032 , 0.3669375 , 40
40 , 1 , 30 , 16.4997173863 , 0.37004 , 40
40 , 1 , 35 , 15.7251669995 , 0.36986 , 40
41 ,  ,  , 18.6764089074 , 0.333333333333 , 17
41 , 0.1 , 10 , 15.3004872361 , 0.301747058824 , 17
41 , 0.1 , 15 , 12.7070173348 , 0.304094117647 , 17
41 , 0.1 , 20 , 10.4561669062 , 0.314711764706 , 17
41 , 0.1 , 25 , 8.80767780661 , 0.323658823529 , 17
41 , 0.1 , 30 , 7.49908045007 , 0.332541176471 , 17
41 , 0.1 , 35 , 6.53891691688 , 0.340158823529 , 17
41 , 0.25 , 10 , 10.6864618792 , 0.312217647059 , 17
41 , 0.25 , 15 , 7.79909258867 , 0.336311764706 , 17
41 , 0.25 , 20 , 6.04615870649 , 0.3513 , 17
41 , 0.25 , 25 , 4.89828247662 , 0.363117647059 , 17
41 , 0.25 , 30 , 4.26629581333 , 0.368770588235 , 17
41 , 0.25 , 35 , 3.85184749195 , 0.372635294118 , 17
41 , 0.5 , 10 , 8.25673568613 , 0.343270588235 , 17
41 , 0.5 , 15 , 6.2582011648 , 0.367370588235 , 17
41 , 0.5 , 20 , 5.16561450274 , 0.379329411765 , 17
41 , 0.5 , 25 , 4.58365486616 , 0.384894117647 , 17
41 , 0.5 , 30 , 4.15945023685 , 0.3882 , 17
41 , 0.5 , 35 , 3.88557130495 , 0.390170588235 , 17
41 , 0.75 , 10 , 7.21580746676 , 0.372729411765 , 17
41 , 0.75 , 15 , 5.66383860973 , 0.403141176471 , 17
41 , 0.75 , 20 , 4.88003144281 , 0.418964705882 , 17
41 , 0.75 , 25 , 4.46659181222 , 0.427476470588 , 17
41 , 0.75 , 30 , 4.1880952228 , 0.431347058824 , 17
41 , 0.75 , 35 , 4.05125705994 , 0.433435294118 , 17
41 , 1 , 10 , 6.53785585339 , 0.365576470588 , 17
41 , 1 , 15 , 5.69591918123 , 0.382411764706 , 17
41 , 1 , 20 , 5.3302176457 , 0.391729411765 , 17
41 , 1 , 25 , 5.10255358401 , 0.397805882353 , 17
41 , 1 , 30 , 4.94474433839 , 0.402482352941 , 17
41 , 1 , 35 , 4.81721848274 , 0.404429411765 , 17
42 ,  ,  , 37.3528178147 , 0.333333333333 , 34
42 , 0.1 , 10 , 23.3954850511 , 0.493767647059 , 34
42 , 0.1 , 15 , 17.0370208346 , 0.525052941176 , 34
42 , 0.1 , 20 , 12.9042894286 , 0.545679411765 , 34
42 , 0.1 , 25 , 10.0358618619 , 0.559158823529 , 34
42 , 0.1 , 30 , 8.18229496823 , 0.569164705882 , 34
42 , 0.1 , 35 , 6.84706945311 , 0.576582352941 , 34
42 , 0.25 , 10 , 21.47755129 , 0.438523529412 , 34
42 , 0.25 , 15 , 16.3611524971 , 0.445608823529 , 34
42 , 0.25 , 20 , 13.3915938799 , 0.445044117647 , 34
42 , 0.25 , 25 , 11.4261907065 , 0.445852941176 , 34
42 , 0.25 , 30 , 10.0638534585 , 0.444838235294 , 34
42 , 0.25 , 35 , 9.02538158962 , 0.444285294118 , 34
42 , 0.5 , 10 , 17.7122328688 , 0.348279411765 , 34
42 , 0.5 , 15 , 13.3139889726 , 0.343097058824 , 34
42 , 0.5 , 20 , 10.6967515256 , 0.340823529412 , 34
42 , 0.5 , 25 , 9.12357143256 , 0.339611764706 , 34
42 , 0.5 , 30 , 7.9395854813 , 0.33825 , 34
42 , 0.5 , 35 , 7.14731700463 , 0.3393 , 34
42 , 0.75 , 10 , 13.8928997319 , 0.289408823529 , 34
42 , 0.75 , 15 , 10.8844164741 , 0.285123529412 , 34
42 , 0.75 , 20 , 9.00831877268 , 0.285082352941 , 34
42 , 0.75 , 25 , 7.64911154882 , 0.285570588235 , 34
42 , 0.75 , 30 , 6.64783133244 , 0.287032352941 , 34
42 , 0.75 , 35 , 5.95078770956 , 0.288526470588 , 34
42 , 1 , 10 , 12.3922760483 , 0.269082352941 , 34
42 , 1 , 15 , 11.5077582019 , 0.268258823529 , 34
42 , 1 , 20 , 11.2999439192 , 0.269391176471 , 34
42 , 1 , 25 , 11.2430947071 , 0.269229411765 , 34
42 , 1 , 30 , 11.2107956914 , 0.267882352941 , 34
42 , 1 , 35 , 11.206223686 , 0.268244117647 , 34
43 ,  ,  , 25.2680826394 , 0.333333333333 , 23
43 , 0.1 , 10 , 11.0548546706 , 0.283452173913 , 23
43 , 0.1 , 15 , 7.50381874395 , 0.272434782609 , 23
43 , 0.1 , 20 , 5.7593637562 , 0.267239130435 , 23
43 , 0.1 , 25 , 4.69645102352 , 0.265413043478 , 23
43 , 0.1 , 30 , 3.96444062613 , 0.263608695652 , 23
43 , 0.1 , 35 , 3.4497185826 , 0.263782608696 , 23
43 , 0.25 , 10 , 5.38244304732 , 0.26477826087 , 23
43 , 0.25 , 15 , 3.43829235384 , 0.262047826087 , 23
43 , 0.25 , 20 , 2.68138535566 , 0.263165217391 , 23
43 , 0.25 , 25 , 2.33511517055 , 0.265604347826 , 23
43 , 0.25 , 30 , 2.14054467008 , 0.266756521739 , 23
43 , 0.25 , 35 , 2.01003616568 , 0.268191304348 , 23
43 , 0.5 , 10 , 3.32695437246 , 0.26342173913 , 23
43 , 0.5 , 15 , 2.20987256501 , 0.267647826087 , 23
43 , 0.5 , 20 , 1.8533998763 , 0.270165217391 , 23
43 , 0.5 , 25 , 1.62719862639 , 0.27232173913 , 23
43 , 0.5 , 30 , 1.47796718976 , 0.27357826087 , 23
43 , 0.5 , 35 , 1.34949110693 , 0.2742 , 23
43 , 0.75 , 10 , 3.58900538869 , 0.268504347826 , 23
43 , 0.75 , 15 , 2.18996244155 , 0.272539130435 , 23
43 , 0.75 , 20 , 1.62180261635 , 0.273634782609 , 23
43 , 0.75 , 25 , 1.33950531111 , 0.2747 , 23
43 , 0.75 , 30 , 1.22029661065 , 0.274843478261 , 23
43 , 0.75 , 35 , 1.14619270713 , 0.275282608696 , 23
43 , 1 , 10 , 5.24057682021 , 0.275813043478 , 23
43 , 1 , 15 , 4.02871243522 , 0.286413043478 , 23
43 , 1 , 20 , 3.28027705716 , 0.290939130435 , 23
43 , 1 , 25 , 2.78358009228 , 0.293952173913 , 23
43 , 1 , 30 , 2.44349914264 , 0.295856521739 , 23
43 , 1 , 35 , 2.22178042839 , 0.296239130435 , 23
44 ,  ,  , 34.0569809487 , 0.333333333333 , 31
44 , 0.1 , 10 , 31.9118036574 , 0.311935483871 , 31
44 , 0.1 , 15 , 29.8689878556 , 0.301009677419 , 31
44 , 0.1 , 20 , 27.7219054615 , 0.2942 , 31
44 , 0.1 , 25 , 25.5896230714 , 0.287974193548 , 31
44 , 0.1 , 30 , 23.6355871503 , 0.283064516129 , 31
44 , 0.1 , 35 , 21.7856138068 , 0.27745483871 , 31
44 , 0.25 , 10 , 25.3873189596 , 0.302 , 31
44 , 0.25 , 15 , 20.0784927494 , 0.291622580645 , 31
44 , 0.25 , 20 , 15.9373999876 , 0.286422580645 , 31
44 , 0.25 , 25 , 12.9104720566 , 0.285177419355 , 31
44 , 0.25 , 30 , 10.6326872431 , 0.283983870968 , 31
44 , 0.25 , 35 , 9.11209475968 , 0.283767741935 , 31
44 , 0.5 , 10 , 17.0441419916 , 0.316164516129 , 31
44 , 0.5 , 15 , 11.5415754634 , 0.313274193548 , 31
44 , 0.5 , 20 , 8.56827003018 , 0.311829032258 , 31
44 , 0.5 , 25 , 6.86126892409 , 0.309777419355 , 31
44 , 0.5 , 30 , 5.62232984904 , 0.307958064516 , 31
44 , 0.5 , 35 , 4.79014342694 , 0.307138709677 , 31
44 , 0.75 , 10 , 13.3281699647 , 0.344709677419 , 31
44 , 0.75 , 15 , 8.95347771593 , 0.339841935484 , 31
44 , 0.75 , 20 , 6.79488655238 , 0.334490322581 , 31
44 , 0.75 , 25 , 5.55675530941 , 0.32914516129 , 31
44 , 0.75 , 30 , 4.72240323455 , 0.325061290323 , 31
44 , 0.75 , 35 , 4.09098083679 , 0.321425806452 , 31
44 , 1 , 10 , 11.7051913766 , 0.376280645161 , 31
44 , 1 , 15 , 8.08957131815 , 0.379983870968 , 31
44 , 1 , 20 , 6.44313535813 , 0.380583870968 , 31
44 , 1 , 25 , 5.60606711842 , 0.3819 , 31
44 , 1 , 30 , 5.0423468497 , 0.38264516129 , 31
44 , 1 , 35 , 4.61478451395 , 0.383506451613 , 31
45 ,  ,  , 27.4653072167 , 0.333333333333 , 25
45 , 0.1 , 10 , 21.501179358 , 0.326396 , 25
45 , 0.1 , 15 , 17.0254587764 , 0.328812 , 25
45 , 0.1 , 20 , 13.2190978511 , 0.333956 , 25
45 , 0.1 , 25 , 10.3040292782 , 0.338188 , 25
45 , 0.1 , 30 , 8.17127622695 , 0.340644 , 25
45 , 0.1 , 35 , 6.4612070789 , 0.341488 , 25
45 , 0.25 , 10 , 14.299420741 , 0.327208 , 25
45 , 0.25 , 15 , 9.01474559529 , 0.33352 , 25
45 , 0.25 , 20 , 6.06383780271 , 0.339156 , 25
45 , 0.25 , 25 , 4.38372911719 , 0.34232 , 25
45 , 0.25 , 30 , 3.4389422855 , 0.343644 , 25
45 , 0.25 , 35 , 2.88724467232 , 0.344832 , 25
45 , 0.5 , 10 , 11.7137363507 , 0.321244 , 25
45 , 0.5 , 15 , 8.4227474404 , 0.325948 , 25
45 , 0.5 , 20 , 6.43440784703 , 0.330292 , 25
45 , 0.5 , 25 , 5.06853059419 , 0.334572 , 25
45 , 0.5 , 30 , 4.21018417277 , 0.336996 , 25
45 , 0.5 , 35 , 3.60065516572 , 0.339584 , 25
45 , 0.75 , 10 , 13.4886378503 , 0.311412 , 25
45 , 0.75 , 15 , 11.4702995166 , 0.314704 , 25
45 , 0.75 , 20 , 10.1657886389 , 0.314296 , 25
45 , 0.75 , 25 , 9.26868583586 , 0.314528 , 25
45 , 0.75 , 30 , 8.60645212613 , 0.314488 , 25
45 , 0.75 , 35 , 8.00443285682 , 0.315556 , 25
45 , 1 , 10 , 15.4619764458 , 0.305444 , 25
45 , 1 , 15 , 15.2499531422 , 0.304412 , 25
45 , 1 , 20 , 15.1399386667 , 0.304572 , 25
45 , 1 , 25 , 15.0125952163 , 0.301876 , 25
45 , 1 , 30 , 14.8780726721 , 0.302776 , 25
45 , 1 , 35 , 14.7058001773 , 0.300488 , 25
