0,0,0,0,27.4653072167,0,33.3333333333,0,25
0,0.1,10.0,0.0,25.7121690223,1.80914127918,31.688,9.11431050601,25
0,0.1,20.0,0.0,21.5644597999,3.08912751343,30.7,8.04325804634,25
0,0.1,30.0,0.0,17.4262252304,3.42071521844,29.76,7.3128927245,25
0,0.1,40.0,0.0,14.154649976,3.29918492275,29.812,6.5942896509,25
0,0.25,10.0,0.0,19.7408278022,3.06679447702,29.868,7.60937421869,25
0,0.25,20.0,0.0,11.980648421,3.39494159141,31.032,6.02320313455,25
0,0.25,30.0,0.0,8.46378726991,2.44636596868,32.016,5.39923550144,25
0,0.25,40.0,0.0,6.95792016849,2.10663897809,33.46,4.89534472739,25
0,0.5,10.0,0.0,12.8518375398,3.21039265486,29.8,6.42930789432,25
0,0.5,20.0,0.0,7.56662396439,2.32317092036,30.264,5.01779872055,25
0,0.5,30.0,0.0,5.61587044102,1.8042344537,30.976,4.26795313939,25
0,0.5,40.0,0.0,4.73989063576,1.70379306378,31.268,3.86059270061,25
0,0.75,10.0,0.0,9.12139003708,2.8478072185,29.204,5.21597392632,25
0,0.75,20.0,0.0,5.2489573348,1.72874973307,30.336,3.70716927048,25
0,0.75,30.0,0.0,4.28526460806,1.45667240449,30.496,3.29999757576,25
0,0.75,40.0,0.0,3.75671654235,1.27807911546,30.596,2.99278866611,25
0,1.0,10.0,0.0,7.16194282585,2.49146188275,29.592,4.73556079044,25
0,1.0,20.0,0.0,4.59518745164,1.24656213426,29.516,3.83532840836,25
0,1.0,30.0,0.0,4.13262690625,0.782485028712,29.136,3.89326392632,25
0,1.0,40.0,0.0,3.95364446467,0.815044955796,28.688,3.67132891471,25
1,0,0,0,27.4653072167,0,33.3333333333,0,25
1,0.1,10.0,0.0,27.1651855553,0.803448223739,32.692,9.44294106727,25
1,0.1,20.0,0.0,26.1113140001,1.61247439543,31.188,9.28292281558,25
1,0.1,30.0,0.0,24.6063056067,2.36840433078,29.852,8.50659132673,25
1,0.1,40.0,0.0,22.6702374459,2.8990314478,28.336,8.74065809879,25
1,0.25,10.0,0.0,26.0222980822,1.74215780707,30.896,8.70845474238,25
1,0.25,20.0,0.0,21.9691644102,3.15133982108,27.364,8.52076897938,25
1,0.25,30.0,0.0,16.6521875284,3.87931494269,24.16,6.99759958843,25
1,0.25,40.0,0.0,12.001057653,4.03584136268,21.612,5.83861764461,25
1,0.5,10.0,0.0,24.2176795434,2.43952085268,29.552,8.72096875353,25
1,0.5,20.0,0.0,16.7167458299,3.84675553026,25.056,7.12887536712,25
1,0.5,30.0,0.0,10.258273824,4.00681810191,21.748,5.69635813481,25
1,0.5,40.0,0.0,6.20332417426,3.34947181661,20.056,4.10619824168,25
1,0.75,10.0,0.0,23.3198065973,2.78822948802,29.804,8.47358153321,25
1,0.75,20.0,0.0,15.755298489,3.96062600573,25.8,6.65432190385,25
1,0.75,30.0,0.0,9.81309692497,3.59265681384,23.212,5.44380896065,25
1,0.75,40.0,0.0,6.89499240807,2.95648859987,21.8,4.67760622541,25
1,1.0,10.0,0.0,23.2146240689,2.77496790106,30.768,8.46180689924,25
1,1.0,20.0,0.0,15.807137255,3.70711414491,27.98,7.18551320366,25
1,1.0,30.0,0.0,11.0289334888,2.9444770386,25.892,6.123098562,25
1,1.0,40.0,0.0,8.51834596637,2.41625682312,24.984,5.46916300726,25
2,0,0,0,27.4653072167,0,33.3333333333,0,25
2,0.1,10.0,0.0,22.4178162411,2.88859896628,34.72,8.20107310052,25
2,0.1,20.0,0.0,14.4867195716,3.56108614135,36.812,6.81385764454,25
2,0.1,30.0,0.0,9.997268179,3.1096904818,37.436,6.07172990177,25
2,0.1,40.0,0.0,7.35602530526,2.62943782275,38.168,5.35198804184,25
2,0.25,10.0,0.0,16.9428344456,3.2907906434,36.076,7.1784555442,25
2,0.25,20.0,0.0,8.98636470054,3.07017902407,37.62,5.81443032463,25
2,0.25,30.0,0.0,5.8285529127,2.32500773525,37.5,4.78393143764,25
2,0.25,40.0,0.0,4.57983024871,1.836464378,37.76,4.11902901179,25
2,0.5,10.0,0.0,14.2546226667,3.17292173721,36.744,7.20600194283,25
2,0.5,20.0,0.0,8.09179054581,2.72066287993,35.328,5.29720832137,25
2,0.5,30.0,0.0,5.5543772138,2.35297175184,34.016,4.60258014596,25
2,0.5,40.0,0.0,4.01829634133,1.94924952495,33.2,3.69648481669,25
2,0.75,10.0,0.0,11.1786370756,3.20993001334,37.456,6.30111609161,25
2,0.75,20.0,0.0,6.05303266394,2.24719866487,37.524,4.50748532998,25
2,0.75,30.0,0.0,4.19889003288,1.79873332711,37.672,3.97447053078,25
2,0.75,40.0,0.0,3.45970813226,1.61509854615,37.688,3.54607614131,25
2,1.0,10.0,0.0,8.86138277813,2.9865224896,38.436,5.30979321631,25
2,1.0,20.0,0.0,5.03888775447,1.90323351365,36.764,4.00503483131,25
2,1.0,30.0,0.0,3.87793916248,1.63718887347,35.488,3.44932689086,25
2,1.0,40.0,0.0,3.13926195278,1.6478502699,34.736,2.89591160086,25
3,0,0,0,24.1694703507,0,33.3333333333,0,22
3,0.1,10.0,0.0,21.6963837884,1.79490422901,33.7181818182,9.43800563749,22
3,0.1,20.0,0.0,18.5405783376,2.48279790033,31.3954545455,9.05715437952,22
3,0.1,30.0,0.0,16.0927548855,2.49317491577,30.2818181818,8.10539561135,22
3,0.1,40.0,0.0,14.3789352063,2.4921359203,29.3409090909,7.58965014057,22
3,0.25,10.0,0.0,17.4585730714,2.49691605916,30.7909090909,8.72315717355,22
3,0.25,20.0,0.0,13.5602087816,2.1995260767,27.1909090909,7.41296050651,22
3,0.25,30.0,0.0,11.851768365,1.86161204215,25.8863636364,6.97097731982,22
3,0.25,40.0,0.0,10.8885101961,1.7736947764,25.2363636364,6.50698289888,22
3,0.5,10.0,0.0,14.0762225374,2.28814606867,26.9454545455,7.37263199131,22
3,0.5,20.0,0.0,11.2964153198,1.82777300872,22.9227272727,6.33948501441,22
3,0.5,30.0,0.0,10.0255846772,1.77312262071,21.2454545455,6.08093484549,22
3,0.5,40.0,0.0,9.11692118132,1.75520821769,20.1409090909,5.79119986426,22
3,0.75,10.0,0.0,12.0695312432,2.45009148806,25.9818181818,6.84139080152,22
3,0.75,20.0,0.0,8.46986834207,1.90926716628,23.6909090909,5.7371055564,22
3,0.75,30.0,0.0,7.24668148356,1.46916739779,22.3272727273,5.01290895572,22
3,0.75,40.0,0.0,6.75537275559,1.20142177081,21.9318181818,4.80696593368,22
3,1.0,10.0,0.0,11.0145622186,2.35236116947,26.0409090909,6.5674488424,22
3,1.0,20.0,0.0,7.93216868205,1.86908636422,23.5818181818,5.82218612204,22
3,1.0,30.0,0.0,6.81546884833,1.41072518376,22.6772727273,5.3722561707,22
3,1.0,40.0,0.0,6.33716046342,1.35320931519,22.3409090909,5.19013487301,22
4,0,0,0,20.8736334847,0,33.3333333333,0,19
4,0.1,10.0,0.0,20.2813432493,0.999820762991,36.1210526316,10.8913432294,19
4,0.1,20.0,0.0,19.185517064,1.67057112116,36.4473684211,10.609376243,19
4,0.1,30.0,0.0,17.8895905612,1.98503118755,37.3315789474,10.6523390328,19
4,0.1,40.0,0.0,16.587228364,2.07192339039,37.9210526316,10.1906684271,19
4,0.25,10.0,0.0,19.1080054173,1.66612302055,37.4684210526,10.7616315994,19
4,0.25,20.0,0.0,16.4871024787,2.14827588799,38.1473684211,10.292799301,19
4,0.25,30.0,0.0,14.5758233191,2.26923063028,37.4105263158,9.45368649605,19
4,0.25,40.0,0.0,13.1004468124,2.24795797567,37.2684210526,8.7445099516,19
4,0.5,10.0,0.0,17.6380804782,1.95832333574,37.5736842105,10.2268981604,19
4,0.5,20.0,0.0,14.3348436865,2.14139517798,37.4789473684,9.38313303729,19
4,0.5,30.0,0.0,12.499661183,2.12757872149,36.9789473684,8.43637421955,19
4,0.5,40.0,0.0,11.421041897,1.98640169739,37.2368421053,8.51489651164,19
4,0.75,10.0,0.0,17.1649028108,2.03206964328,38.6842105263,10.4675993962,19
4,0.75,20.0,0.0,14.1660518233,2.0646482682,38.9894736842,9.79221240694,19
4,0.75,30.0,0.0,12.6416278625,1.85366915828,38.3947368421,9.40615552566,19
4,0.75,40.0,0.0,11.662918472,1.85768633126,37.8894736842,9.02965106402,19
4,1.0,10.0,0.0,17.5446919949,1.9089284585,38.5,10.2783625565,19
4,1.0,20.0,0.0,15.282310114,1.87797821605,41.3052631579,10.2852609494,19
4,1.0,30.0,0.0,14.0726136837,1.6750666031,42.9,9.4417576067,19
4,1.0,40.0,0.0,13.3184100913,1.42696524786,43.5684210526,9.34520482309,19
5,0,0,0,27.4653072167,0,33.3333333333,0,25
5,0.1,10.0,0.0,25.5026087635,1.77649220785,32.992,9.46952670412,25
5,0.1,20.0,0.0,22.3290026203,2.27700647667,32.792,8.89475890623,25
5,0.1,30.0,0.0,20.1620894303,2.46317017901,32.444,8.326035311,25
5,0.1,40.0,0.0,18.3460711425,2.56955357061,32.472,7.73571043926,25
5,0.25,10.0,0.0,22.2457867953,2.39750595161,33.188,8.64110270741,25
5,0.25,20.0,0.0,17.550491655,2.69557010775,32.36,7.78295573674,25
5,0.25,30.0,0.0,14.5825973496,2.8681270823,32.132,6.95115645055,25
5,0.25,40.0,0.0,12.1940479467,2.82339281958,31.544,6.50784634115,25
5,0.5,10.0,0.0,18.8750288082,2.72248573715,32.476,7.9305374345,25
5,0.5,20.0,0.0,13.0281908022,2.923454491,32.924,6.38202350356,25
5,0.5,30.0,0.0,9.73768172413,2.8773981363,32.652,5.68848802407,25
5,0.5,40.0,0.0,7.53772574268,2.69773257314,32.628,5.06336014915,25
5,0.75,10.0,0.0,15.8922277569,2.74622430934,31.468,7.27220571766,25
5,0.75,20.0,0.0,10.9337553597,2.47268497019,30.828,5.85033469128,25
5,0.75,30.0,0.0,8.61834772184,2.15914364144,29.324,5.14344476008,25
5,0.75,40.0,0.0,7.39539850374,2.12555551631,28.244,5.0140267251,25
5,1.0,10.0,0.0,13.3019479726,2.98756772351,29.868,6.60776633969,25
5,1.0,20.0,0.0,7.49350275506,2.50843821213,29.54,4.78794319097,25
5,1.0,30.0,0.0,5.19785424964,2.1430148751,29.12,4.01915413987,25
5,1.0,40.0,0.0,4.27853433046,1.93782888075,29.004,3.7862889483,25
6,0,0,0,27.4653072167,0,33.3333333333,0,25
6,0.1,10.0,0.0,25.632041276,1.73420401421,29.88,8.44284312302,25
6,0.1,20.0,0.0,22.4155236956,2.50288453162,27.88,8.31105288155,25
6,0.1,30.0,0.0,19.5810344083,2.68055342772,26.992,7.54983019677,25
6,0.1,40.0,0.0,17.3141581249,2.82902521901,25.988,7.07671223097,25
6,0.25,10.0,0.0,22.5069007846,2.52307438286,27.468,8.07495981414,25
6,0.25,20.0,0.0,17.0654285262,3.00503393346,23.9,7.17816132446,25
6,0.25,30.0,0.0,13.537885718,3.05613841617,21.52,5.76832731388,25
6,0.25,40.0,0.0,10.6682592125,2.7755633539,19.648,5.36396271426,25
6,0.5,10.0,0.0,18.7785545404,2.92661601419,26.3,6.8985505724,25
6,0.5,20.0,0.0,12.0328296917,3.32694443307,23.492,5.53515455972,25
6,0.5,30.0,0.0,7.97581263185,2.914951761,22.616,4.49405651945,25
6,0.5,40.0,0.0,5.88691412384,2.78645668377,22.172,3.8908117405,25
6,0.75,10.0,0.0,15.4624406825,3.14807653486,26.864,6.4291137803,25
6,0.75,20.0,0.0,9.05456069051,2.87253433358,25.456,4.4891050333,25
6,0.75,30.0,0.0,6.13310238726,2.31158730202,25.448,3.6898910553,25
6,0.75,40.0,0.0,4.70872525028,1.89764863145,25.392,3.34878127085,25
6,1.0,10.0,0.0,13.5552066958,3.01345871257,25.92,6.0287312098,25
6,1.0,20.0,0.0,8.06611885256,2.71372031322,24.056,4.67812612057,25
6,1.0,30.0,0.0,5.75236112942,2.10793918462,23.784,3.97408404541,25
6,1.0,40.0,0.0,4.65449298685,1.73972293974,23.792,3.71654893685,25
7,0,0,0,27.4653072167,0,33.3333333333,0,25
7,0.1,10.0,0.0,26.292800567,1.47971739077,30.748,8.95770595633,25
7,0.1,20.0,0.0,23.6695136832,2.35787504947,28.028,8.58365982551,25
7,0.1,30.0,0.0,20.7385171,2.922134571,25.604,7.76885989061,25
7,0.1,40.0,0.0,17.8147839508,3.06092332441,25.228,7.46913756735,25
7,0.25,10.0,0.0,23.0703950055,2.54543325763,27.664,8.54254669288,25
7,0.25,20.0,0.0,17.6367076783,2.80590240748,25.796,7.45482286845,25
7,0.25,30.0,0.0,14.2978709134,2.72157326849,25.272,6.51997055208,25
7,0.25,40.0,0.0,12.5047563517,2.26362082333,25.028,6.12529313584,25
7,0.5,10.0,0.0,19.2619087684,2.68856278053,27.136,7.5824470984,25
7,0.5,20.0,0.0,14.6868750855,2.33500602541,25.52,6.29361581287,25
7,0.5,30.0,0.0,12.8254236439,2.01654172667,24.684,6.20935938725,25
7,0.5,40.0,0.0,11.8262531318,1.77213400418,24.932,5.58671424005,25
7,0.75,10.0,0.0,17.271872575,2.21611622726,26.256,7.30359254066,25
7,0.75,20.0,0.0,14.4177788331,1.70505769401,24.528,6.60251588412,25
7,0.75,30.0,0.0,13.2067154541,1.6366939587,24.448,6.42178293,25
7,0.75,40.0,0.0,12.4659043935,1.40578787214,23.296,6.34353087799,25
7,1.0,10.0,0.0,15.1778762172,2.32729769378,24.56,6.91016642347,25
7,1.0,20.0,0.0,12.4328969391,1.8428579405,24.032,6.43233829956,25
7,1.0,30.0,0.0,11.2477813914,1.69348204852,24.004,6.10704380204,25
7,1.0,40.0,0.0,10.4074168241,1.66882132699,23.664,5.94769736957,25
8,0,0,0,27.4653072167,0,33.3333333333,0,25
8,0.1,10.0,0.0,22.2730879302,2.79822892634,39.356,8.45797044213,25
8,0.1,20.0,0.0,15.7795297737,3.16929553016,42.312,7.19323682357,25
8,0.1,30.0,0.0,11.6373872098,3.12375031216,43.976,6.42490653629,25
8,0.1,40.0,0.0,9.11159412162,2.90431413872,45.436,5.53695800959,25
8,0.25,10.0,0.0,15.5281666041,3.3756990446,40.16,7.03408842708,25
8,0.25,20.0,0.0,8.43952190791,3.05907530579,42.328,5.0331318282,25
8,0.25,30.0,0.0,5.26738226837,2.56553844981,43.284,4.08892944424,25
8,0.25,40.0,0.0,3.56895761824,2.20345651721,44.532,3.4019077001,25
8,0.5,10.0,0.0,12.7925315351,2.41352805938,41.72,6.653840996,25
8,0.5,20.0,0.0,8.96337088118,2.22716668802,44.572,5.56352550098,25
8,0.5,30.0,0.0,7.11826821113,2.22397235504,45.676,4.90132879942,25
8,0.5,40.0,0.0,5.79352340743,2.04308427025,46.288,4.16233780465,25
8,0.75,10.0,0.0,12.2842903965,2.32335040483,47.04,6.99988571335,25
8,0.75,20.0,0.0,8.51712267877,2.28911791334,49.28,5.02410190979,25
8,0.75,30.0,0.0,6.7607525938,2.02351217588,49.636,4.64020516788,25
8,0.75,40.0,0.0,5.68300156214,1.80915542753,49.576,4.26476540973,25
8,1.0,10.0,0.0,9.07601326656,2.62403506399,52.452,5.52554938445,25
8,1.0,20.0,0.0,4.45633590239,2.40635061649,55.052,3.55714717154,25
8,1.0,30.0,0.0,2.58098825077,1.81075546126,56.076,2.85275726272,25
8,1.0,40.0,0.0,1.86122623798,1.31690823414,56.684,2.52272551024,25
9,0,0,0,19.775021196,0,33.3333333333,0,18
9,0.1,10.0,0.0,18.7400367121,1.23602166111,32.3555555556,10.6704622876,18
9,0.1,20.0,0.0,16.9878054003,2.05940565238,31.0,10.2644057154,18
9,0.1,30.0,0.0,14.9925441302,2.34713329176,31.5444444444,9.57478040234,18
9,0.1,40.0,0.0,13.0413791529,2.68547422987,30.9166666667,8.8047668767,18
9,0.25,10.0,0.0,16.3997355469,2.12464055504,33.55,10.6450576836,18
9,0.25,20.0,0.0,12.1010650139,2.72378546184,33.9722222222,9.20241346497,18
9,0.25,30.0,0.0,8.86472726618,2.79047478308,34.8611111111,7.9570122037,18
9,0.25,40.0,0.0,6.81315412304,2.6371488067,36.45,6.92169384465,18
9,0.5,10.0,0.0,12.4978791902,2.74345968265,36.8666666667,9.54764530469,18
9,0.5,20.0,0.0,7.39129519061,2.54742442108,38.5277777778,7.84647243222,18
9,0.5,30.0,0.0,4.94729251867,1.92974854356,40.7333333333,6.42087644492,18
9,0.5,40.0,0.0,4.15299804019,1.77185239597,41.3611111111,5.7921162895,18
9,0.75,10.0,0.0,9.6138429909,2.68059633036,38.9,8.93390683621,18
9,0.75,20.0,0.0,5.16315810403,2.06120803473,36.75,6.62201481778,18
9,0.75,30.0,0.0,3.8109122687,1.76641269296,36.5888888889,5.55723308007,18
9,0.75,40.0,0.0,3.15853114972,1.40470113809,36.6333333333,5.17938696978,18
9,1.0,10.0,0.0,7.70952080155,2.28242106539,41.5111111111,8.2611989086,18
9,1.0,20.0,0.0,4.89569067348,1.64812744586,41.1833333333,6.51311829131,18
9,1.0,30.0,0.0,3.90296064655,1.67349943631,40.6277777778,5.69554460917,18
9,1.0,40.0,0.0,3.16409325885,1.53753998562,40.8388888889,5.07900240521,18
10,0,0,0,27.4653072167,0,33.3333333333,0,25
10,0.1,10.0,0.0,23.8858965804,2.28502156112,40.44,8.83981900267,25
10,0.1,20.0,0.0,18.234251945,3.08268755219,42.336,8.22381322745,25
10,0.1,30.0,0.0,14.292030745,3.18471128799,43.492,7.46712367649,25
10,0.1,40.0,0.0,11.2883634145,2.97935534715,43.496,6.70298321645,25
10,0.25,10.0,0.0,19.3916771268,3.24231921998,43.34,8.20319449971,25
10,0.25,20.0,0.0,11.566894522,3.40684752271,45.304,6.37460461519,25
10,0.25,30.0,0.0,7.38449723744,3.02332624444,44.62,5.21378940887,25
10,0.25,40.0,0.0,5.13847837938,2.65877208779,43.892,4.22236142461,25
10,0.5,10.0,0.0,15.9546782551,3.63717073677,44.648,7.53844121818,25
10,0.5,20.0,0.0,7.73206527019,2.95303653257,45.62,5.37397432074,25
10,0.5,30.0,0.0,4.71298992829,2.26108782366,44.844,4.34599401748,25
10,0.5,40.0,0.0,3.47606949793,1.87450709053,44.104,3.72091171623,25
10,0.75,10.0,0.0,13.735830531,3.40563707883,42.528,6.85924310693,25
10,0.75,20.0,0.0,6.53554225166,2.73236629768,43.884,5.14145349099,25
10,0.75,30.0,0.0,4.26127459841,2.12018130355,45.116,4.21646107536,25
10,0.75,40.0,0.0,3.11248414005,1.50579792625,46.128,3.64192476583,25
10,1.0,10.0,0.0,11.4461391411,3.25475279133,37.68,6.17038086345,25
10,1.0,20.0,0.0,5.45495669801,2.56662462513,35.672,4.22805108768,25
10,1.0,30.0,0.0,3.06184878751,2.04984899819,34.56,3.18596924028,25
10,1.0,40.0,0.0,2.14600387444,1.686038303,34.064,2.66456450475,25
11,0,0,0,27.4653072167,0,33.3333333333,0,25
11,0.1,10.0,0.0,27.04993346,0.922614617427,31.6,9.12491095847,25
11,0.1,20.0,0.0,25.7827047639,1.81001072402,30.752,8.91260321118,25
11,0.1,30.0,0.0,24.1450375787,2.34236911938,30.124,8.37428349174,25
11,0.1,40.0,0.0,22.3842748851,2.59468017972,29.6,8.09938269253,25
11,0.25,10.0,0.0,25.4234209171,1.8173078214,31.228,9.30182863742,25
11,0.25,20.0,0.0,21.8111639916,2.62794669156,30.576,7.84781651162,25
11,0.25,30.0,0.0,18.787682403,2.82225300746,30.384,7.36780455767,25
11,0.25,40.0,0.0,16.5723096843,2.61606100464,30.32,6.71428328267,25
11,0.5,10.0,0.0,21.6922276161,2.77697507776,31.968,8.76715324378,25
11,0.5,20.0,0.0,15.9253907253,2.83620024116,33.24,7.11719045691,25
11,0.5,30.0,0.0,12.9450062405,2.55857612343,34.152,6.38066579598,25
11,0.5,40.0,0.0,11.0152965595,2.48085858308,34.304,6.02690501004,25
11,0.75,10.0,0.0,18.4044925798,2.63572703857,33.652,7.28223152612,25
11,0.75,20.0,0.0,13.8470982015,2.46868837293,35.788,6.69828754235,25
11,0.75,30.0,0.0,11.3729409904,2.35398836466,36.676,6.04574428834,25
11,0.75,40.0,0.0,9.8332479119,2.14101511405,36.6,5.3389137472,25
11,1.0,10.0,0.0,15.7307716668,2.84787756066,33.084,6.9760263761,25
11,1.0,20.0,0.0,10.9789153875,2.47294503319,33.592,5.72097334376,25
11,1.0,30.0,0.0,8.74135182293,2.29504956924,34.304,5.19110624048,25
11,1.0,40.0,0.0,7.30166100025,2.07881175555,34.18,4.71588803938,25
12,0,0,0,27.4653072167,0,33.3333333333,0,25
12,0.1,10.0,0.0,26.4488474393,1.43005613946,32.8,9.1459280557,25
12,0.1,20.0,0.0,23.8074183431,2.46298690243,31.476,8.56396076591,25
12,0.1,30.0,0.0,20.7910469051,2.99237573491,31.68,7.99759963989,25
12,0.1,40.0,0.0,18.0706412794,3.25964159982,32.676,7.82246917539,25
12,0.25,10.0,0.0,24.3460077354,2.31367013666,31.992,8.70309921809,25
12,0.25,20.0,0.0,19.2073297923,2.96242681395,31.668,7.69426903611,25
12,0.25,30.0,0.0,15.5617300406,3.31812631009,32.828,6.99274023542,25
12,0.25,40.0,0.0,12.471734984,3.27508816721,33.912,5.98065682012,25
12,0.5,10.0,0.0,21.3757492042,2.68331685729,31.656,8.391046657,25
12,0.5,20.0,0.0,15.6493990696,3.0036842482,32.232,6.90580741116,25
12,0.5,30.0,0.0,12.3220350638,2.67851798993,32.788,6.34248027194,25
12,0.5,40.0,0.0,10.4386442636,2.47520194304,34.076,5.80157082177,25
12,0.75,10.0,0.0,19.0480508507,2.92130194308,30.468,8.02028528171,25
12,0.75,20.0,0.0,13.1600926498,2.68217241143,31.572,6.43683276154,25
12,0.75,30.0,0.0,10.8960219982,2.13491014256,32.624,5.93520210271,25
12,0.75,40.0,0.0,9.61582373113,1.90761568962,33.072,5.81333088685,25
12,1.0,10.0,0.0,16.9666754559,2.96914303133,30.356,7.58533216148,25
12,1.0,20.0,0.0,11.1637109306,2.34465006904,31.392,5.95838367345,25
12,1.0,30.0,0.0,9.17376596847,2.32656001403,32.428,5.57932038872,25
12,1.0,40.0,0.0,7.78683936176,1.97733011028,33.24,5.18443825308,25
13,0,0,0,17.5777966187,0,33.3333333333,0,16
13,0.1,10.0,0.0,17.5540533916,0.275986713109,35.525,12.0774583419,16
13,0.1,20.0,0.0,17.4254334892,0.57722165176,38.69375,12.1586501487,16
13,0.1,30.0,0.0,17.2439923242,0.847892137922,41.3125,11.9502549659,16
13,0.1,40.0,0.0,16.9983954803,1.12281623339,43.93125,12.212568769,16
13,0.25,10.0,0.0,17.4546715185,0.561635875018,37.00625,12.6872829415,16
13,0.25,20.0,0.0,16.9930254589,1.06910425001,41.58125,12.1619780849,16
13,0.25,30.0,0.0,16.3602919016,1.48342390719,44.69375,12.084014169,16
13,0.25,40.0,0.0,15.5484823619,1.91541169412,48.61875,11.5720551735,16
13,0.5,10.0,0.0,17.1545828018,0.919235000461,38.6625,11.8410765452,16
13,0.5,20.0,0.0,16.0418674734,1.66067355307,43.4375,11.3390572249,16
13,0.5,30.0,0.0,14.6014768969,1.94029214227,48.49375,10.7291203478,16
13,0.5,40.0,0.0,13.3921792686,2.19971567178,51.61875,10.6835135109,16
13,0.75,10.0,0.0,16.808328482,1.20936429181,39.79375,11.8590534377,16
13,0.75,20.0,0.0,15.0987262615,1.80874553391,45.41875,10.9575013547,16
13,0.75,30.0,0.0,13.5455741365,1.94068521535,50.1375,10.0730069369,16
13,0.75,40.0,0.0,12.4378842964,1.97499305102,53.81875,9.89333543035,16
13,1.0,10.0,0.0,16.4611744233,1.44631389744,40.2625,11.5085498109,16
13,1.0,20.0,0.0,14.4406196313,1.79592295255,46.85625,10.6249834559,16
13,1.0,30.0,0.0,13.0827117194,1.86768043832,50.44375,9.85829084768,16
13,1.0,40.0,0.0,12.17398258,1.66635315466,53.1375,9.72672703174,16
14,0,0,0,16.47918433,0,33.3333333333,0,15
14,0.1,10.0,0.0,14.4188253734,1.85757421981,35.2,11.3521412567,15
14,0.1,20.0,0.0,11.3101292837,2.31964529581,35.7333333333,10.2986514759,15
14,0.1,30.0,0.0,9.11398716376,2.31957548325,36.38,8.65165623193,15
14,0.1,40.0,0.0,7.76658905176,2.22333761438,36.2266666667,7.86453078349,15
14,0.25,10.0,0.0,11.4767583738,2.32141873395,37.4933333333,10.242881539,15
14,0.25,20.0,0.0,7.96915408172,1.96319777454,37.72,8.21661189975,15
14,0.25,30.0,0.0,6.63883636445,1.70024775748,38.3666666667,7.1584448963,15
14,0.25,40.0,0.0,5.81375146765,1.48977002884,38.4866666667,6.73125710564,15
14,0.5,10.0,0.0,8.16362901003,2.57559502283,36.92,8.06792276722,15
14,0.5,20.0,0.0,4.05942397841,2.27090465792,35.9533333333,5.67470410389,15
14,0.5,30.0,0.0,2.23395689371,1.75528851062,35.38,4.03733135183,15
14,0.5,40.0,0.0,1.53091072382,1.27641238737,35.4533333333,3.45688363189,15
14,0.75,10.0,0.0,5.99725053067,2.52105535016,35.2933333333,6.82988205527,15
14,0.75,20.0,0.0,2.56984953279,1.74444998257,34.1333333333,4.56849111974,15
14,0.75,30.0,0.0,1.70634240937,1.23826505485,34.7466666667,3.93873076003,15
14,0.75,40.0,0.0,1.41394480889,0.885656620767,35.0266666667,3.67262546114,15
14,1.0,10.0,0.0,6.03813653278,2.22948629738,33.4666666667,7.89824171713,15
14,1.0,20.0,0.0,3.36790045748,1.66137443637,31.8,6.12862137842,15
14,1.0,30.0,0.0,2.42417830266,1.03038053037,31.2666666667,5.20640631018,15
14,1.0,40.0,0.0,2.16067540581,1.05303942502,30.88,4.93772777252,15
15,0,0,0,23.070858062,0,33.3333333333,0,21
15,0.1,10.0,0.0,22.7990329203,0.629644572693,33.780952381,10.1788585312,21
15,0.1,20.0,0.0,22.3997269781,0.81129819636,34.2904761905,10.3417773268,21
15,0.1,30.0,0.0,22.1280526315,0.906659633887,34.1285714286,10.2365569165,21
15,0.1,40.0,0.0,21.8841552674,0.887009984227,34.2619047619,9.92828593857,21
15,0.25,10.0,0.0,22.2892935343,0.854135548622,33.980952381,10.0401732737,21
15,0.25,20.0,0.0,21.7869438777,0.987285505802,34.0238095238,10.146293851,21
15,0.25,30.0,0.0,21.4034156363,1.04517863254,33.9380952381,9.54149667139,21
15,0.25,40.0,0.0,20.9704352134,1.26638201156,33.1047619048,9.4685252559,21
15,0.5,10.0,0.0,21.8082571989,0.935530899161,33.9142857143,10.1609675116,21
15,0.5,20.0,0.0,21.0619280271,1.25626972991,32.7142857143,9.54889553277,21
15,0.5,30.0,0.0,20.1134956079,1.6242848944,32.1047619048,9.44183290557,21
15,0.5,40.0,0.0,19.1672364085,1.98836516521,31.5047619048,9.00307833472,21
15,0.75,10.0,0.0,21.3674010044,1.02451463703,33.2761904762,9.65370465704,21
15,0.75,20.0,0.0,20.2883138772,1.64446918443,31.8142857143,9.20568566301,21
15,0.75,30.0,0.0,18.9213185767,2.02813322968,31.2,8.79509242667,21
15,0.75,40.0,0.0,17.4328934114,2.44428887372,29.1619047619,8.33078056138,21
15,1.0,10.0,0.0,21.0690594625,1.18198728247,33.0714285714,9.40397826753,21
15,1.0,20.0,0.0,19.5633340643,1.83608205238,30.7142857143,8.7927768748,21
15,1.0,30.0,0.0,17.4702450242,2.42063992946,28.8238095238,8.534564909,21
15,1.0,40.0,0.0,15.7456116365,2.66223280274,27.7142857143,7.73659326083,21
16,0,0,0,21.9722457734,0,33.3333333333,0,20
16,0.1,10.0,0.0,21.639243203,0.770204187069,33.03,10.7130341174,20
16,0.1,20.0,0.0,20.790130338,1.47514608709,33.98,10.0453770462,20
16,0.1,30.0,0.0,19.5927022542,2.0547482757,34.165,9.85026776286,20
16,0.1,40.0,0.0,18.0430042256,2.38449459627,34.87,9.28079199207,20
16,0.25,10.0,0.0,21.0409214201,1.43073421793,33.845,10.5043312495,20
16,0.25,20.0,0.0,18.431440016,2.26635982151,34.625,9.91888980683,20
16,0.25,30.0,0.0,15.9954945703,2.65110193023,34.57,9.28520866755,20
16,0.25,40.0,0.0,13.6957655378,2.85643931687,34.035,8.00273546983,20
16,0.5,10.0,0.0,18.8560860054,2.3851358786,34.17,9.93031218039,20
16,0.5,20.0,0.0,14.3148024522,2.6814641108,33.335,9.13798528123,20
16,0.5,30.0,0.0,11.2378455279,2.62984407752,31.99,8.24256634793,20
16,0.5,40.0,0.0,9.39384136631,2.41709431078,31.26,7.48748288813,20
16,0.75,10.0,0.0,16.5745999353,2.49445126513,34.15,9.58266664348,20
16,0.75,20.0,0.0,12.1234715372,2.54364831331,32.635,8.55171181694,20
16,0.75,30.0,0.0,9.65611001647,2.23455642396,31.315,7.52633875135,20
16,0.75,40.0,0.0,8.17521535938,1.92599127462,31.31,6.88359644372,20
16,1.0,10.0,0.0,14.577543536,2.49122181307,34.155,8.78697758049,20
16,1.0,20.0,0.0,9.72300598289,2.6236246872,33.15,7.78636628987,20
16,1.0,30.0,0.0,7.27547849679,2.22577623088,33.385,6.53198093996,20
16,1.0,40.0,0.0,6.01940135346,1.90878742718,33.365,6.00014791484,20
17,0,0,0,27.4653072167,0,33.3333333333,0,25
17,0.1,10.0,0.0,15.1705884102,4.12704500401,63.496,7.86295008251,25
17,0.1,20.0,0.0,5.47881854759,3.29151405452,73.52,4.30367285002,25
17,0.1,30.0,0.0,2.47510984434,2.01137193272,76.164,2.83779914723,25
17,0.1,40.0,0.0,1.63629155448,1.40522535257,76.808,2.1732777089,25
17,0.25,10.0,0.0,11.9753376411,3.4308531163,64.024,6.84919148513,25
17,0.25,20.0,0.0,5.28288071431,2.41000186149,70.044,4.62320927495,25
17,0.25,30.0,0.0,3.36987856016,1.75213212806,71.14,3.72832402025,25
17,0.25,40.0,0.0,2.42766204035,1.2375747298,71.028,3.09309165723,25
17,0.5,10.0,0.0,10.9279681428,3.02127252691,56.948,6.88282616372,25
17,0.5,20.0,0.0,6.32624687958,2.05595785482,59.348,5.42649942412,25
17,0.5,30.0,0.0,4.95086853776,1.85860619695,58.576,4.66006695231,25
17,0.5,40.0,0.0,4.08375959537,1.67288036929,58.0,4.33774134775,25
17,0.75,10.0,0.0,10.2457063427,3.00810752486,52.02,6.9085164833,25
17,0.75,20.0,0.0,5.29633416406,2.44512156577,52.764,4.80086492207,25
17,0.75,30.0,0.0,3.31325435363,2.03830337336,53.012,3.51224372731,25
17,0.75,40.0,0.0,2.37094292669,1.64203541958,52.792,2.9087344327,25
17,1.0,10.0,0.0,9.16724701342,2.92869407371,47.844,6.06825048923,25
17,1.0,20.0,0.0,4.68735253141,2.17049651988,47.3,4.39340414713,25
17,1.0,30.0,0.0,3.27022615695,1.53217511454,47.004,3.7029696191,25
17,1.0,40.0,0.0,2.72809133535,1.29661282418,47.14,3.35803513978,25
18,0,0,0,17.5777966187,0,33.3333333333,0,16
18,0.1,10.0,0.0,15.5423802372,1.83433845321,32.7125,10.8095082566,16
18,0.1,20.0,0.0,11.4007811523,2.70787095204,33.21875,9.58468627225,16
18,0.1,30.0,0.0,8.5266097746,2.66423217315,34.9625,8.18049318501,16
18,0.1,40.0,0.0,6.83917770922,2.24402194104,36.5,7.61987532706,16
18,0.25,10.0,0.0,9.79484870837,2.86343527636,34.6125,8.75124098343,16
18,0.25,20.0,0.0,5.53719761258,1.88507270505,38.56875,7.10347351213,16
18,0.25,30.0,0.0,4.45648223224,1.19495302517,40.1875,6.08244143005,16
18,0.25,40.0,0.0,4.20951806858,0.953602783969,40.63125,6.05959659858,16
18,0.5,10.0,0.0,5.82559012984,2.0161471456,38.80625,6.99698316687,16
18,0.5,20.0,0.0,4.21204715783,0.945653686357,40.64375,5.89620839502,16
18,0.5,30.0,0.0,3.99795745709,0.202014378508,40.59375,6.02720071323,16
18,0.5,40.0,0.0,3.98906210444,0.0226179770021,40.84375,5.8855457213,16
18,0.75,10.0,0.0,5.67368047889,1.44839150593,39.28125,6.6958913475,16
18,0.75,20.0,0.0,4.47716326392,1.1631535705,40.11875,6.58905045796,16
18,0.75,30.0,0.0,4.09908609802,0.702935767057,40.575,5.78905216767,16
18,0.75,40.0,0.0,4.01929621164,0.429277107966,40.39375,6.16387852229,16
18,1.0,10.0,0.0,6.285160113,0.698260072403,38.3875,7.39994721265,16
18,1.0,20.0,0.0,6.12694157713,0.59792494452,38.8375,7.17037089348,16
18,1.0,30.0,0.0,6.01442833993,0.584643252778,39.45625,7.29680741403,16
18,1.0,40.0,0.0,5.86781498274,0.7202032743,39.61875,7.19178948089,16
19,0,0,0,27.4653072167,0,33.3333333333,0,25
19,0.1,10.0,0.0,24.6766528419,2.06863136063,36.428,9.29821574282,25
19,0.1,20.0,0.0,20.4522476419,2.98156281933,35.296,9.06247118616,25
19,0.1,30.0,0.0,16.7910547991,2.89058572198,33.528,8.42479768303,25
19,0.1,40.0,0.0,14.3006839783,2.89493728743,32.672,7.44663789908,25
19,0.25,10.0,0.0,20.8942584818,3.04009315157,34.952,8.8193931764,25
19,0.25,20.0,0.0,13.6814289759,3.13254543686,33.26,7.44018816966,25
19,0.25,30.0,0.0,9.78271086392,2.87336934084,31.848,6.16902715183,25
19,0.25,40.0,0.0,7.86967019356,2.62898812001,31.964,5.73120441094,25
19,0.5,10.0,0.0,16.7774838558,3.20212718362,32.18,7.38319713945,25
19,0.5,20.0,0.0,10.6342334003,2.72467115968,31.412,6.13108929963,25
19,0.5,30.0,0.0,8.07804169182,2.03223005326,31.58,5.85146135593,25
19,0.5,40.0,0.0,6.80522867724,2.08821219345,31.232,5.26594492945,25
19,0.75,10.0,0.0,13.4935992161,3.28374846473,29.668,6.68025268983,25
19,0.75,20.0,0.0,7.45350427535,2.49644264385,29.552,5.23290512049,25
19,0.75,30.0,0.0,5.15031691802,2.22635690963,29.404,4.09057257606,25
19,0.75,40.0,0.0,3.90997634002,1.93957448935,30.04,3.70923172638,25
19,1.0,10.0,0.0,10.6939715004,2.90763777261,28.992,5.79171270006,25
19,1.0,20.0,0.0,6.02207127703,2.23892085428,30.908,4.59994956494,25
19,1.0,30.0,0.0,4.21056154549,2.13656314489,32.08,3.86077712384,25
19,1.0,40.0,0.0,2.90566748687,1.92532898583,32.96,3.0262848511,25
20,0,0,0,27.4653072167,0,33.3333333333,0,25
20,0.1,10.0,0.0,26.6695162874,1.25650991479,35.252,9.23647638442,25
20,0.1,20.0,0.0,24.3613611768,2.30909183846,35.716,8.83987239727,25
20,0.1,30.0,0.0,21.6450533266,2.85173100306,36.632,8.36280909743,25
20,0.1,40.0,0.0,19.2462492606,3.07024342417,37.764,7.80822028378,25
20,0.25,10.0,0.0,23.8748135274,2.40213223355,37.704,8.99468643144,25
20,0.25,20.0,0.0,18.4489632128,3.00187329919,40.004,7.55036317007,25
20,0.25,30.0,0.0,14.7755646071,2.76442976223,40.728,6.52487670382,25
20,0.25,40.0,0.0,12.9857710944,2.70506187729,41.236,5.96190439373,25
20,0.5,10.0,0.0,20.2782980788,2.71100253519,41.448,8.00895099248,25
20,0.5,20.0,0.0,15.1626697194,2.4380351602,40.98,6.95007913624,25
20,0.5,30.0,0.0,12.9665160777,2.20994827371,39.968,5.98656629463,25
20,0.5,40.0,0.0,11.6513100825,2.16744204251,38.984,5.66177922565,25
20,0.75,10.0,0.0,18.3419866482,2.62655278484,42.976,7.44307893281,25
20,0.75,20.0,0.0,14.695619097,2.16646691061,41.628,6.61797673009,25
20,0.75,30.0,0.0,12.704825878,2.07895999785,39.748,6.16704921336,25
20,0.75,40.0,0.0,11.3817400591,2.20628109824,38.496,5.728,25
20,1.0,10.0,0.0,16.0558375571,2.54317664602,45.84,7.09974647435,25
20,1.0,20.0,0.0,12.5522995006,2.14300161723,46.5,6.38043885638,25
20,1.0,30.0,0.0,10.7403335087,1.98323210938,46.108,6.06533890232,25
20,1.0,40.0,0.0,9.64300715915,1.73439492041,45.484,5.71784434905,25
21,0,0,0,27.4653072167,0,33.3333333333,0,25
21,0.1,10.0,0.0,26.0406026818,1.60866914855,30.068,9.00640749689,25
21,0.1,20.0,0.0,23.0489976019,2.57298424748,26.864,8.09873471599,25
21,0.1,30.0,0.0,19.6618745951,3.11316025748,25.988,7.10604362497,25
21,0.1,40.0,0.0,16.9162852505,3.35297945335,25.84,6.79811738645,25
21,0.25,10.0,0.0,21.1087293216,2.8344863487,26.54,7.78282724979,25
21,0.25,20.0,0.0,14.2086804202,3.26608731076,24.972,6.4621371078,25
21,0.25,30.0,0.0,10.1580641156,2.94047698137,24.476,5.22584194174,25
21,0.25,40.0,0.0,7.72041147139,2.81406119516,24.296,4.71003014852,25
21,0.5,10.0,0.0,12.9049014101,3.51797697984,22.852,5.83867245185,25
21,0.5,20.0,0.0,5.91200117643,2.89448560041,21.42,4.06147756365,25
21,0.5,30.0,0.0,3.42450449532,1.94143868825,21.184,3.20595446006,25
21,0.5,40.0,0.0,2.62605073676,1.51603509429,21.12,2.83859119987,25
21,0.75,10.0,0.0,7.84557350384,3.07110331515,19.888,4.23927540978,25
21,0.75,20.0,0.0,3.66831949596,1.577143175,19.02,2.92020547222,25
21,0.75,30.0,0.0,3.11049207887,1.13424088411,18.548,2.66302384518,25
21,0.75,40.0,0.0,2.82766805592,0.848051807581,18.372,2.60875755869,25
21,1.0,10.0,0.0,7.12693519766,2.47974790756,18.936,3.62048394555,25
21,1.0,20.0,0.0,4.20034874073,1.67486002206,19.24,2.87861077605,25
21,1.0,30.0,0.0,3.46094179084,1.06841379159,19.252,2.72479283616,25
21,1.0,40.0,0.0,3.25080939665,0.668120855369,19.46,2.76195582876,25
22,0,0,0,27.4653072167,0,33.3333333333,0,25
22,0.1,10.0,0.0,26.3895043032,1.45077167278,31.992,8.9245692333,25
22,0.1,20.0,0.0,24.1229878161,2.36726517831,31.504,8.54786429466,25
22,0.1,30.0,0.0,21.3552616124,2.81278973874,30.108,7.8702182943,25
22,0.1,40.0,0.0,18.8356666373,3.0292161255,29.748,7.37566918998,25
22,0.25,10.0,0.0,23.9066118455,2.3921595144,31.256,8.69703765658,25
22,0.25,20.0,0.0,18.0301107366,3.30432758079,29.328,7.37756165681,25
22,0.25,30.0,0.0,13.4269493132,3.28358384477,28.88,6.17815506442,25
22,0.25,40.0,0.0,10.6707423228,3.20754532023,28.28,5.2262414793,25
22,0.5,10.0,0.0,20.3729149821,2.83747019982,32.212,7.92180888434,25
22,0.5,20.0,0.0,14.0997821421,3.01984006811,32.752,6.34306676616,25
22,0.5,30.0,0.0,10.1725498268,2.84590929852,33.336,5.47056706384,25
22,0.5,40.0,0.0,8.01268971169,2.71928047115,33.74,4.89207522428,25
22,0.75,10.0,0.0,18.2267049899,2.77905965639,37.372,7.33795720892,25
22,0.75,20.0,0.0,13.140543496,2.5061004768,39.14,6.21839207513,25
22,0.75,30.0,0.0,11.0417355101,2.29047209493,39.824,5.85431669796,25
22,0.75,40.0,0.0,9.42282224941,2.15662665037,39.616,5.29570996185,25
22,1.0,10.0,0.0,16.5458184901,2.58727643884,41.632,7.73928782253,25
22,1.0,20.0,0.0,12.5559905453,2.23171095777,44.312,6.32444906691,25
22,1.0,30.0,0.0,10.9128222658,1.730165664,44.828,6.02946233092,25
22,1.0,40.0,0.0,10.1692299339,1.49202972714,45.52,5.84273908368,25
23,0,0,0,17.5777966187,0,33.3333333333,0,16
23,0.1,10.0,0.0,10.1839733325,2.92728826531,45.60625,8.86264765392,16
23,0.1,20.0,0.0,5.11941398737,2.345201234,48.7,6.15152420137,16
23,0.1,30.0,0.0,3.29381102815,1.91442177356,50.33125,5.00074603809,16
23,0.1,40.0,0.0,2.29169950742,1.62784281787,51.1875,4.16411380128,16
23,0.25,10.0,0.0,5.49538566289,2.66387233862,49.33125,6.13503960358,16
23,0.25,20.0,0.0,2.108495798,1.69669452028,51.40625,3.80365264417,16
23,0.25,30.0,0.0,1.44091922959,1.19438725428,51.7375,3.33492409959,16
23,0.25,40.0,0.0,1.14958528591,0.556660965769,52.10625,2.99368475921,16
23,0.5,10.0,0.0,4.04440049661,2.13035432764,53.76875,5.40323615415,16
23,0.5,20.0,0.0,2.26656703534,1.11569348001,55.3125,4.46995176148,16
23,0.5,30.0,0.0,1.91913490869,0.654623870381,56.10625,4.1479993295,16
23,0.5,40.0,0.0,1.80321919555,0.672577719365,56.46875,4.10684927134,16
23,0.75,10.0,0.0,4.09943577728,2.28489152819,54.66875,5.83962421201,16
23,0.75,20.0,0.0,1.92270423521,1.29398847543,56.9375,3.99169058796,16
23,0.75,30.0,0.0,1.47090100979,0.706321762733,57.5625,3.62230503271,16
23,0.75,40.0,0.0,1.32659311321,0.651024737282,58.10625,3.31185724896,16
23,1.0,10.0,0.0,6.86447585505,1.7024075104,53.8125,7.41066587764,16
23,1.0,20.0,0.0,4.65697439369,1.88617763701,57.05,6.19858854902,16
23,1.0,30.0,0.0,3.28414568659,1.65436255804,58.575,5.24261385189,16
23,1.0,40.0,0.0,2.48758930452,1.45884518553,59.1375,4.64588191305,16
24,0,0,0,23.070858062,0,33.3333333333,0,21
24,0.1,10.0,0.0,22.3695788179,1.23019437617,31.6523809524,10.1579264315,21
24,0.1,20.0,0.0,20.1657676353,2.20219794662,30.7095238095,9.4249620316,21
24,0.1,30.0,0.0,17.2743188863,2.9918025083,29.3285714286,8.97934010676,21
24,0.1,40.0,0.0,14.4471640242,3.09722503512,28.6238095238,7.31363929435,21
24,0.25,10.0,0.0,19.9743592532,2.2289098959,31.9142857143,9.11403691754,21
24,0.25,20.0,0.0,14.6764036867,3.05035875212,30.6,7.97462529064,21
24,0.25,30.0,0.0,10.7975549359,3.19033932297,30.3,6.94851653853,21
24,0.25,40.0,0.0,7.95176539373,3.08741561549,30.7857142857,5.71582320586,21
24,0.5,10.0,0.0,17.560900544,2.40547342253,33.4333333333,8.81731830212,21
24,0.5,20.0,0.0,12.91260193,2.84611158998,34.5428571429,7.56451316414,21
24,0.5,30.0,0.0,9.56472244261,2.95276954036,34.4666666667,6.35559281977,21
24,0.5,40.0,0.0,7.17931880326,2.72602869155,34.5238095238,5.39484090498,21
24,0.75,10.0,0.0,16.8696022868,2.04024575643,37.5571428571,9.11034770874,21
24,0.75,20.0,0.0,13.5313329989,2.47970893255,39.0380952381,8.11593432839,21
24,0.75,30.0,0.0,10.9003409712,2.64965149587,39.3,6.87924842966,21
24,0.75,40.0,0.0,8.79472615984,2.63946984087,38.5904761905,6.13747272324,21
24,1.0,10.0,0.0,15.8828823401,2.01644514039,41.0380952381,8.91134974036,21
24,1.0,20.0,0.0,12.4689173966,2.34899527975,44.5666666667,7.91410663943,21
24,1.0,30.0,0.0,10.2220167438,2.30055874756,46.7857142857,7.16880208654,21
24,1.0,40.0,0.0,8.79102679159,2.39447038688,47.6761904762,6.80112035589,21
25,0,0,0,27.4653072167,0,33.3333333333,0,25
25,0.1,10.0,0.0,27.356547546,0.453939379446,33.604,9.45236393713,25
25,0.1,20.0,0.0,27.0628687848,0.907118149199,34.12,9.3441746559,25
25,0.1,30.0,0.0,26.5751395283,1.38057996885,34.596,9.39770099546,25
25,0.1,40.0,0.0,25.9381439272,1.77633674839,34.828,9.5775996993,25
25,0.25,10.0,0.0,27.0554613996,0.896876886997,34.9,9.45674362558,25
25,0.25,20.0,0.0,25.921573633,1.77016921587,36.076,9.35062693085,25
25,0.25,30.0,0.0,24.2542038285,2.24439177247,38.112,8.9667974216,25
25,0.25,40.0,0.0,22.2103563412,2.7394797612,39.964,8.75526721465,25
25,0.5,10.0,0.0,26.3940603515,1.40123064729,38.48,9.86760355912,25
25,0.5,20.0,0.0,23.8020610022,2.35677749769,41.58,9.25632756551,25
25,0.5,30.0,0.0,21.5499730872,2.6770151255,43.708,8.34809774739,25
25,0.5,40.0,0.0,19.1741745233,2.92737488379,46.428,8.25450277122,25
25,0.75,10.0,0.0,25.5534238147,1.7670833853,39.2,9.17736345581,25
25,0.75,20.0,0.0,22.318250673,2.53229304251,43.216,8.61402019965,25
25,0.75,30.0,0.0,19.4843314543,2.72540337773,45.164,8.21931286666,25
25,0.75,40.0,0.0,17.1729692641,2.85699944607,46.968,7.56141362445,25
25,1.0,10.0,0.0,24.4670342238,2.24151307395,39.696,8.64613115792,25
25,1.0,20.0,0.0,19.9140694565,2.76428529639,41.652,8.03435722382,25
25,1.0,30.0,0.0,16.6369172148,2.91570522411,43.24,7.23093354969,25
25,1.0,40.0,0.0,14.1453811089,2.99477541485,42.604,6.79905758175,25
26,0,0,0,20.8736334847,0,33.3333333333,0,19
26,0.1,10.0,0.0,20.5577981318,0.769481522646,35.3263157895,11.0062384727,19
26,0.1,20.0,0.0,19.7299729218,1.45877859474,37.5631578947,10.6573827037,19
26,0.1,30.0,0.0,18.4661733997,2.06631760438,39.0105263158,10.4791786699,19
26,0.1,40.0,0.0,17.1159788734,2.44288850077,40.1842105263,9.68732072482,19
26,0.25,10.0,0.0,19.8278872282,1.46756211322,36.8105263158,10.8195524252,19
26,0.25,20.0,0.0,17.1882498662,2.34938654799,39.4210526316,9.8716135187,19
26,0.25,30.0,0.0,14.5229365191,2.82304731389,40.8263157895,9.2577002463,19
26,0.25,40.0,0.0,12.1590778233,2.89663622245,42.0578947368,8.48808681203,19
26,0.5,10.0,0.0,18.0569334831,2.18994339329,35.8684210526,9.77131167531,19
26,0.5,20.0,0.0,13.3157720834,2.88277376962,35.6842105263,8.46632567057,19
26,0.5,30.0,0.0,10.0102551614,2.86865043975,34.8947368421,7.50087714169,19
26,0.5,40.0,0.0,7.87308720719,2.42011171742,33.8210526316,6.73709703465,19
26,0.75,10.0,0.0,15.3516909758,2.75758773557,33.9947368421,9.57883024798,19
26,0.75,20.0,0.0,9.32279844024,2.89325320621,32.0526315789,7.24310733581,19
26,0.75,30.0,0.0,6.71039476419,2.29356593352,31.0421052632,6.15945999,19
26,0.75,40.0,0.0,5.42054500666,1.85022536562,30.8736842105,5.71251238808,19
26,1.0,10.0,0.0,12.0985117212,3.0190973077,30.8157894737,8.19765353901,19
26,1.0,20.0,0.0,7.37370416427,2.16156389813,30.9315789474,6.8377941884,19
26,1.0,30.0,0.0,5.889066205,1.59155408807,30.7105263158,6.01884160729,19
26,1.0,40.0,0.0,5.25913498527,1.36721748543,30.8631578947,5.7498741405,19
27,0,0,0,27.4653072167,0,33.3333333333,0,25
27,0.1,10.0,0.0,27.0588273615,0.846677133503,31.632,9.13326754234,25
27,0.1,20.0,0.0,26.0108081608,1.50128355545,30.24,9.4508412324,25
27,0.1,30.0,0.0,24.9369976576,1.94308412373,28.636,8.71754001998,25
27,0.1,40.0,0.0,23.6776900235,2.28567227594,27.548,8.70515341622,25
27,0.25,10.0,0.0,25.671180858,1.57547737237,32.012,8.94336938743,25
27,0.25,20.0,0.0,23.2364818694,2.20048500777,31.432,8.6992744525,25
27,0.25,30.0,0.0,20.5366024528,2.61520621848,31.464,8.0200189526,25
27,0.25,40.0,0.0,18.2305150347,2.97971984546,30.88,7.84,25
27,0.5,10.0,0.0,23.9872357355,2.04106424965,34.968,8.86650867027,25
27,0.5,20.0,0.0,19.6494983787,2.83587606974,36.616,8.03819283173,25
27,0.5,30.0,0.0,16.268501363,3.10600858323,36.756,7.30509849352,25
27,0.5,40.0,0.0,13.3661952765,3.00942602205,36.728,6.94305523527,25
27,0.75,10.0,0.0,23.1637744338,2.24574871995,36.828,8.74725191131,25
27,0.75,20.0,0.0,18.0192901786,3.13896429312,39.796,7.74844397282,25
27,0.75,30.0,0.0,13.9301079134,3.13753305376,40.312,6.51142503604,25
27,0.75,40.0,0.0,11.1924120507,2.96361408717,40.188,5.71425025703,25
27,1.0,10.0,0.0,22.3835293571,2.44398700021,38.136,8.75702597918,25
27,1.0,20.0,0.0,16.9807102122,3.08027780244,41.936,7.22190445797,25
27,1.0,30.0,0.0,13.2254619084,2.92699977159,43.384,6.51678939356,25
27,1.0,40.0,0.0,11.0437002355,2.87314698193,43.912,5.93769787039,25
28,0,0,0,27.4653072167,0,33.3333333333,0,25
28,0.1,10.0,0.0,25.0366698713,2.03331758435,31.72,8.29756590814,25
28,0.1,20.0,0.0,20.0266240338,3.1572278668,30.832,7.78587027891,25
28,0.1,30.0,0.0,15.1799507116,3.71090191191,30.148,6.68207273232,25
28,0.1,40.0,0.0,11.1735732112,3.4865649399,29.616,5.89071676454,25
28,0.25,10.0,0.0,17.8017783066,3.47417749785,30.716,7.38426326725,25
28,0.25,20.0,0.0,9.30697547045,3.52061827084,30.908,5.33437306532,25
28,0.25,30.0,0.0,5.5799426297,2.62494922927,30.776,4.07600588812,25
28,0.25,40.0,0.0,4.0284524028,2.02502037889,30.736,3.71406838925,25
28,0.5,10.0,0.0,11.1727728326,3.31763125533,33.94,5.83201508914,25
28,0.5,20.0,0.0,5.81298485673,2.29753822941,35.72,4.39108187125,25
28,0.5,30.0,0.0,4.0223158438,1.80511247163,36.772,3.77730274138,25
28,0.5,40.0,0.0,3.25973920491,1.46983633276,37.624,3.34942144258,25
28,0.75,10.0,0.0,9.2049541296,2.93682041868,36.852,5.26973395913,25
28,0.75,20.0,0.0,5.64117436854,1.52423714091,37.744,4.2254542951,25
28,0.75,30.0,0.0,4.91929868702,1.21076257754,37.336,3.80409043005,25
28,0.75,40.0,0.0,4.51617758799,1.24583353346,37.036,3.49609839678,25
28,1.0,10.0,0.0,8.35100263571,2.64034215921,38.2,5.32991557156,25
28,1.0,20.0,0.0,5.00105070869,1.58006715444,38.74,4.28163520165,25
28,1.0,30.0,0.0,4.13678023764,1.26920894172,38.388,3.76635845347,25
28,1.0,40.0,0.0,3.79636264839,1.14039725558,38.148,3.72801502143,25
29,0,0,0,16.47918433,0,33.3333333333,0,15
29,0.1,10.0,0.0,16.4180475277,0.325652478843,33.48,11.718012725,15
29,0.1,20.0,0.0,16.2871585793,0.63434744205,33.6866666667,12.4368466886,15
29,0.1,30.0,0.0,16.0510164419,0.901277944109,33.4533333333,11.9623037543,15
29,0.1,40.0,0.0,15.8152847531,1.12107908097,33.18,12.0267682923,15
29,0.25,10.0,0.0,16.2872138484,0.617968146662,33.34,12.0977481835,15
29,0.25,20.0,0.0,15.7864863958,1.07458705264,33.8666666667,12.1976318284,15
29,0.25,30.0,0.0,15.0777906511,1.50197923193,32.66,11.7242370043,15
29,0.25,40.0,0.0,14.2517176215,1.68617201154,32.3466666667,12.044539565,15
29,0.5,10.0,0.0,16.0026529963,0.905694282963,32.3066666667,11.8364484163,15
29,0.5,20.0,0.0,14.8811397416,1.5049960881,31.9066666667,11.3062499923,15
29,0.5,30.0,0.0,13.6775953111,1.70236832205,31.2133333333,10.8992884579,15
29,0.5,40.0,0.0,12.7762576998,1.85472249009,31.58,10.8111691217,15
29,0.75,10.0,0.0,15.5697093141,1.32240715917,31.8066666667,11.6820070574,15
29,0.75,20.0,0.0,13.6806833297,1.98919209926,29.1133333333,11.243390157,15
29,0.75,30.0,0.0,12.0437349065,2.25848977435,28.9733333333,10.341467766,15
29,0.75,40.0,0.0,10.5218294053,2.30634524793,28.6466666667,9.78613758788,15
29,1.0,10.0,0.0,14.910808783,1.77321755905,30.16,11.5266338924,15
29,1.0,20.0,0.0,11.6844820877,2.5308541143,27.4,9.60994854883,15
29,1.0,30.0,0.0,8.96394364719,2.52146657866,26.4133333333,8.63212604171,15
29,1.0,40.0,0.0,7.16327563211,2.48153170035,26.0133333333,7.68373751648,15
30,0,0,0,18.6764089074,0,33.3333333333,0,17
30,0.1,10.0,0.0,18.1167484239,1.02032810592,32.1882352941,11.5797460694,17
30,0.1,20.0,0.0,16.5520553365,1.80702728256,32.2647058824,10.4065706553,17
30,0.1,30.0,0.0,14.8374940903,2.37441081406,32.3823529412,9.744087019,17
30,0.1,40.0,0.0,13.1242958987,2.57319090795,32.3058823529,9.36742496736,17
30,0.25,10.0,0.0,17.0147924478,1.78736101918,32.0882352941,10.6501051865,17
30,0.25,20.0,0.0,13.6657939893,2.51002287097,32.2176470588,9.5531132265,17
30,0.25,30.0,0.0,10.6178964025,2.70669300489,31.9352941176,8.51816499888,17
30,0.25,40.0,0.0,8.57452889676,2.40113962544,32.9705882353,7.59478741294,17
30,0.5,10.0,0.0,15.5936953239,2.14394890538,29.8588235294,9.8188153536,17
30,0.5,20.0,0.0,11.5570853622,2.68864220884,28.0647058824,8.17320925224,17
30,0.5,30.0,0.0,8.70282599255,2.50100922616,28.6117647059,7.28914441465,17
30,0.5,40.0,0.0,7.45658942596,2.30697694756,28.1882352941,6.98177558444,17
30,0.75,10.0,0.0,14.1653726038,2.57571114183,26.4529411765,9.33422285265,17
30,0.75,20.0,0.0,9.52535766118,2.5161755587,23.3470588235,7.60176404586,17
30,0.75,30.0,0.0,7.5179469828,1.94496913896,21.6882352941,6.69925110725,17
30,0.75,40.0,0.0,6.52066662703,1.96934653032,20.5647058824,6.45984134271,17
30,1.0,10.0,0.0,11.9156459016,2.86356164165,23.9588235294,8.67257340192,17
30,1.0,20.0,0.0,6.65341152326,2.4721959945,20.4176470588,6.4254010417,17
30,1.0,30.0,0.0,4.74625481991,1.95548491209,18.5705882353,5.60014520326,17
30,1.0,40.0,0.0,3.73799281718,1.69447407183,17.2,4.87995688903,17
31,0,0,0,24.1694703507,0,33.3333333333,0,22
31,0.1,10.0,0.0,14.2557279554,2.65445804824,37.6727272727,7.44547119545,22
31,0.1,20.0,0.0,9.64375386225,2.26660788991,38.8545454545,6.47259959016,22
31,0.1,30.0,0.0,7.67062734081,2.19051144541,39.5909090909,5.78524055372,22
31,0.1,40.0,0.0,6.71948384421,1.99273019172,40.1090909091,5.53169679407,22
31,0.25,10.0,0.0,9.18196727824,2.40977566041,39.4545454545,5.93630098811,22
31,0.25,20.0,0.0,6.25095395571,1.77781820997,40.4863636364,5.25457494487,22
31,0.25,30.0,0.0,5.22901218113,1.39952231561,41.1954545455,4.85966490359,22
31,0.25,40.0,0.0,4.81796116659,1.25795508385,41.4954545455,4.5417234687,22
31,0.5,10.0,0.0,7.07209269138,2.21059611053,40.6227272727,5.79082881349,22
31,0.5,20.0,0.0,5.09007258729,1.1364924834,42.3181818182,4.87848201563,22
31,0.5,30.0,0.0,4.76426358848,0.924073936678,42.3318181818,4.81696168084,22
31,0.5,40.0,0.0,4.51604286373,0.760721737533,42.4136363636,4.44767327045,22
31,0.75,10.0,0.0,6.28452749132,1.87169524598,42.1863636364,5.29704229026,22
31,0.75,20.0,0.0,4.90947122995,0.919711545522,43.5590909091,4.89794821269,22
31,0.75,30.0,0.0,4.61173217167,0.874291997839,44.4727272727,4.58470327636,22
31,0.75,40.0,0.0,4.35623861319,0.896453682781,45.1590909091,4.41348188102,22
31,1.0,10.0,0.0,6.24846895937,1.87895036637,42.5181818182,4.69456341099,22
31,1.0,20.0,0.0,4.86092855921,0.945387504058,43.5681818182,4.38530368729,22
31,1.0,30.0,0.0,4.60584256081,0.695866115435,43.85,4.14208146262,22
31,1.0,40.0,0.0,4.46206638408,0.592720975793,44.4954545455,4.27001606438,22
32,0,0,0,20.8736334847,0,33.3333333333,0,19
32,0.1,10.0,0.0,20.4304970646,0.960268725179,35.9,10.8438411998,19
32,0.1,20.0,0.0,19.1129278274,1.91833875472,38.4526315789,10.8430812029,19
32,0.1,30.0,0.0,17.074469117,2.54757362286,42.0421052632,10.019172756,19
32,0.1,40.0,0.0,15.1081269593,2.85203085376,44.0421052632,9.34796110022,19
32,0.25,10.0,0.0,19.6277476167,1.38328600443,37.8421052632,10.6465501676,19
32,0.25,20.0,0.0,17.358238858,2.20844860396,41.9263157895,10.2040728385,19
32,0.25,30.0,0.0,14.9137202834,2.55583933279,44.6105263158,9.11518169847,19
32,0.25,40.0,0.0,12.6839014359,2.74092214174,47.0842105263,8.52092747218,19
32,0.5,10.0,0.0,18.4912067829,1.79479915206,35.6421052632,10.3859269795,19
32,0.5,20.0,0.0,15.4386027947,2.54511420803,37.3842105263,9.05261780905,19
32,0.5,30.0,0.0,12.7061428584,2.71630289161,37.4473684211,7.9989178631,19
32,0.5,40.0,0.0,10.4554592829,2.40945084442,36.8789473684,7.66860527901,19
32,0.75,10.0,0.0,15.5849282218,2.41879794264,33.4368421053,9.10753090105,19
32,0.75,20.0,0.0,11.2972428859,2.1832680854,33.5052631579,7.90533323958,19
32,0.75,30.0,0.0,9.61911382525,2.16966984957,33.3789473684,7.14130430291,19
32,0.75,40.0,0.0,8.42972219467,1.96634364866,32.4526315789,6.56196545112,19
32,1.0,10.0,0.0,12.3397681555,2.28177342697,29.8052631579,8.52799041384,19
32,1.0,20.0,0.0,9.27456384029,2.07174607521,29.3315789474,7.08216714098,19
32,1.0,30.0,0.0,7.50218786596,1.9050024665,28.8157894737,6.51734315292,19
32,1.0,40.0,0.0,6.51744265502,1.80523329065,28.5842105263,5.88730499556,19
33,0,0,0,27.4653072167,0,33.3333333333,0,25
33,0.1,10.0,0.0,26.7229302639,1.19330259189,33.156,8.98663808106,25
33,0.1,20.0,0.0,24.9261373557,1.94435565657,33.924,8.88291753874,25
33,0.1,30.0,0.0,23.1234308163,2.42574521019,34.472,8.48346721571,25
33,0.1,40.0,0.0,21.4692231624,2.34807988868,35.004,8.42377492577,25
33,0.25,10.0,0.0,24.3943183586,2.10683431617,33.824,8.67369725088,25
33,0.25,20.0,0.0,20.3069868717,2.543130057,35.152,8.16142732615,25
33,0.25,30.0,0.0,17.8333015279,2.37130012614,36.212,7.50060370904,25
33,0.25,40.0,0.0,16.2660528672,2.28766163949,37.432,7.28816684771,25
33,0.5,10.0,0.0,19.8351296996,2.79851646271,34.276,7.85390501598,25
33,0.5,20.0,0.0,15.1190399,2.15719765674,35.516,7.10645790813,25
33,0.5,30.0,0.0,13.2802712112,2.0340433303,37.6,6.83988303994,25
33,0.5,40.0,0.0,11.9914780921,2.11476318677,38.964,6.54084887457,25
33,0.75,10.0,0.0,17.072870926,2.69602700788,34.964,7.48536598972,25
33,0.75,20.0,0.0,12.8244973096,2.33585106874,37.328,6.74539961752,25
33,0.75,30.0,0.0,10.9028063153,2.10098254588,39.212,5.95743703282,25
33,0.75,40.0,0.0,9.6680654318,1.98979235173,40.412,5.74719548998,25
33,1.0,10.0,0.0,16.3017409094,2.87266800406,34.54,7.23964087507,25
33,1.0,20.0,0.0,12.0574038758,2.3831279303,36.9,6.42292768136,25
33,1.0,30.0,0.0,10.1465090897,1.92517476353,39.176,5.86455659023,25
33,1.0,40.0,0.0,9.26191911724,1.69534343882,39.892,5.4878352745,25
34,0,0,0,21.9722457734,0,33.3333333333,0,20
34,0.1,10.0,0.0,20.6172273884,1.54427789696,33.69,10.0341367342,20
34,0.1,20.0,0.0,17.7167079242,2.47196518714,33.12,9.1714557187,20
34,0.1,30.0,0.0,14.7178465762,2.7580397221,32.83,8.55517971757,20
34,0.1,40.0,0.0,12.3656176652,3.17605079331,31.94,7.90167070941,20
34,0.25,10.0,0.0,18.164413329,2.37326640399,33.35,9.94371660899,20
34,0.25,20.0,0.0,12.9625864475,3.06712842347,32.3,7.67528501099,20
34,0.25,30.0,0.0,9.35719776168,2.90250229355,31.64,7.09298244746,20
34,0.25,40.0,0.0,7.29333036577,2.7118811368,31.555,6.08744404492,20
34,0.5,10.0,0.0,14.6079097034,2.99158492098,32.63,8.24215384472,20
34,0.5,20.0,0.0,8.39280740516,2.72762793625,31.95,6.73405524183,20
34,0.5,30.0,0.0,5.56625776072,2.19556970443,32.705,5.64428693459,20
34,0.5,40.0,0.0,4.38175094511,1.8526682892,32.94,5.20638070064,20
34,0.75,10.0,0.0,12.7451987918,2.9912309741,33.37,7.74229294202,20
34,0.75,20.0,0.0,7.17016134491,2.50635662085,33.375,5.73012870711,20
34,0.75,30.0,0.0,4.97550154959,2.15072556326,33.635,4.62188002873,20
34,0.75,40.0,0.0,3.83646338719,2.00074382846,33.3,3.9,20
34,1.0,10.0,0.0,10.6934484386,3.204008585,37.79,6.90042752299,20
34,1.0,20.0,0.0,4.83047470256,2.50034822222,39.475,4.37599988574,20
34,1.0,30.0,0.0,2.83592166445,1.93872868792,40.645,3.5012819081,20
34,1.0,40.0,0.0,2.05766486293,1.61491066671,41.02,2.98489530805,20
35,0,0,0,27.4653072167,0,33.3333333333,0,25
35,0.1,10.0,0.0,25.4324424224,1.71867634495,35.556,9.64545820581,25
35,0.1,20.0,0.0,22.7089729062,2.13390634009,36.692,8.77366149336,25
35,0.1,30.0,0.0,20.5629887036,2.42318952309,38.196,8.56933976453,25
35,0.1,40.0,0.0,18.7521857308,2.51669518969,40.668,8.66543570745,25
35,0.25,10.0,0.0,22.3665684098,2.36351807838,32.98,8.65607301263,25
35,0.25,20.0,0.0,17.9495820846,2.65344727485,32.248,7.87924463385,25
35,0.25,30.0,0.0,14.8250597529,2.85343616944,31.436,7.20568553297,25
35,0.25,40.0,0.0,12.5285309277,2.78312796144,29.752,6.79547614226,25
35,0.5,10.0,0.0,17.8057495655,3.03849061953,27.292,7.57645933138,25
35,0.5,20.0,0.0,11.1966079194,2.72560480391,24.536,6.00272471466,25
35,0.5,30.0,0.0,8.86441572976,2.21649681095,23.408,5.23999389313,25
35,0.5,40.0,0.0,7.75435108204,1.53932481289,23.384,4.83699741575,25
35,0.75,10.0,0.0,14.0576220994,3.01737457277,24.12,6.78952133806,25
35,0.75,20.0,0.0,9.21332345908,1.96413136917,22.936,5.70367460502,25
35,0.75,30.0,0.0,8.08210029923,1.40291679504,22.952,5.01733953406,25
35,0.75,40.0,0.0,7.59595635996,1.07629970573,23.156,4.69975148279,25
35,1.0,10.0,0.0,12.1382451157,2.52176945746,24.12,6.45117043644,25
35,1.0,20.0,0.0,9.35091569593,1.52063871664,24.292,5.54208769328,25
35,1.0,30.0,0.0,8.45667320577,1.27731706769,24.104,5.02366240904,25
35,1.0,40.0,0.0,8.03145527352,1.38261243955,24.388,4.79931828492,25
36,0,0,0,27.4653072167,0,33.3333333333,0,25
36,0.1,10.0,0.0,20.9365801899,2.84923401536,32.336,7.98292577944,25
36,0.1,20.0,0.0,14.8469149966,2.83931264847,31.32,6.99382584856,25
36,0.1,30.0,0.0,11.8005643211,2.53512226437,31.904,6.4738538754,25
36,0.1,40.0,0.0,10.000377859,2.3688331838,31.708,5.88920503973,25
36,0.25,10.0,0.0,13.766253499,2.76530975565,29.924,6.9254764457,25
36,0.25,20.0,0.0,9.00144542553,2.13550149841,30.164,5.84098484847,25
36,0.25,30.0,0.0,7.46751870398,1.83319459927,31.192,5.22638842797,25
36,0.25,40.0,0.0,6.63745743101,1.51106375988,31.184,5.00940555356,25
36,0.5,10.0,0.0,7.79070653798,2.3339303287,25.828,5.19099373916,25
36,0.5,20.0,0.0,5.88223788348,0.91249008032,25.368,4.80172635622,25
36,0.5,30.0,0.0,5.7013425222,0.400957497417,24.896,4.63693691999,25
36,0.5,40.0,0.0,5.63456788414,0.511589800702,24.672,4.67123281372,25
36,0.75,10.0,0.0,7.49882363646,1.92035486419,26.484,5.232756826,25
36,0.75,20.0,0.0,5.89270048002,1.18691127795,26.856,4.55403820801,25
36,0.75,30.0,0.0,5.51120862311,0.778797224627,27.28,4.62272646822,25
36,0.75,40.0,0.0,5.32164876043,0.712396782079,27.62,4.25953049056,25
36,1.0,10.0,0.0,8.70859631092,1.30968781881,26.852,5.12036092478,25
36,1.0,20.0,0.0,7.85703549006,1.12251116707,26.724,4.63937754446,25
36,1.0,30.0,0.0,7.34925878452,1.01034983238,26.924,4.51245210501,25
36,1.0,40.0,0.0,6.93624340228,1.12231320396,27.2,4.4864239657,25
37,0,0,0,16.47918433,0,33.3333333333,0,15
37,0.1,10.0,0.0,16.4098760014,0.336853478876,33.24,12.1175795163,15
37,0.1,20.0,0.0,16.2618486029,0.66784585763,32.8733333333,11.8588719718,15
37,0.1,30.0,0.0,15.9431011677,1.02485928317,33.5066666667,11.9207084055,15
37,0.1,40.0,0.0,15.6017649486,1.3051924757,32.8466666667,11.5732853302,15
37,0.25,10.0,0.0,16.1870076109,0.768840520884,34.02,12.33674007,15
37,0.25,20.0,0.0,15.366829821,1.36517416117,32.7666666667,11.6652856325,15
37,0.25,30.0,0.0,14.3325505005,2.00203837005,32.5133333333,11.6273069396,15
37,0.25,40.0,0.0,13.1144131172,2.3581681228,31.38,10.8220987901,15
37,0.5,10.0,0.0,15.6121907189,1.23596203246,32.8533333333,12.0200129414,15
37,0.5,20.0,0.0,13.8833417398,1.98555051201,31.9133333333,11.943628706,15
37,0.5,30.0,0.0,11.9928922771,2.36503552322,30.1733333333,10.5437164015,15
37,0.5,40.0,0.0,10.40524635,2.53745203834,29.1466666667,10.092056282,15
37,0.75,10.0,0.0,15.1434056041,1.46913094053,32.2666666667,11.3654447046,15
37,0.75,20.0,0.0,13.0202163047,1.8896372552,30.2933333333,11.1595778494,15
37,0.75,30.0,0.0,11.5163963161,2.02343123707,30.0466666667,10.978668205,15
37,0.75,40.0,0.0,10.2912263421,1.92691609094,29.2266666667,10.1248736618,15
37,1.0,10.0,0.0,14.6061011723,1.44532221761,31.3466666667,11.4254997459,15
37,1.0,20.0,0.0,12.667684573,1.66399784451,30.5133333333,10.7415517191,15
37,1.0,30.0,0.0,11.588355602,1.68018602796,30.1866666667,10.5981465885,15
37,1.0,40.0,0.0,10.771369022,1.76250008758,29.82,10.1483901296,15
38,0,0,0,27.4653072167,0,33.3333333333,0,25
38,0.1,10.0,0.0,26.1949509607,1.49148523751,30.416,9.00593937355,25
38,0.1,20.0,0.0,23.6543562166,2.24934215414,28.484,8.39271970222,25
38,0.1,30.0,0.0,21.4548496853,2.63419609645,26.008,7.76865084812,25
38,0.1,40.0,0.0,18.9135323345,2.81524315977,24.112,7.37912298312,25
38,0.25,10.0,0.0,23.1324659143,2.39715595643,27.66,8.24793307441,25
38,0.25,20.0,0.0,18.1019352894,2.7285585344,23.92,7.30982899937,25
38,0.25,30.0,0.0,14.598865834,2.59778393418,22.22,6.45597397764,25
38,0.25,40.0,0.0,13.1551382931,2.4206332622,21.504,5.97946352109,25
38,0.5,10.0,0.0,19.6246536806,2.68220619606,24.692,7.30487070385,25
38,0.5,20.0,0.0,14.7000050263,2.56964840925,21.368,6.203271395,25
38,0.5,30.0,0.0,12.14579383,2.42195917947,20.012,5.70612442907,25
38,0.5,40.0,0.0,10.6083535412,2.13043273414,19.348,5.47347202423,25
38,0.75,10.0,0.0,17.9898857957,2.52703332424,24.704,7.02569455641,25
38,0.75,20.0,0.0,14.0719539645,2.22798956797,21.044,5.72276716283,25
38,0.75,30.0,0.0,12.3048809341,2.03766126549,20.164,5.24796189011,25
38,0.75,40.0,0.0,10.9599507129,1.77976214593,19.396,5.1818128102,25
38,1.0,10.0,0.0,16.0212722977,2.43013351668,26.656,6.88779093759,25
38,1.0,20.0,0.0,13.0725542129,1.93503317487,26.28,5.86392360114,25
38,1.0,30.0,0.0,11.7872069437,1.65845075175,27.16,5.9166206571,25
38,1.0,40.0,0.0,11.0245363815,1.55354532179,27.432,5.79080098087,25
39,0,0,0,19.775021196,0,33.3333333333,0,18
39,0.1,10.0,0.0,19.180303585,1.11260006781,35.1722222222,10.8716402501,18
39,0.1,20.0,0.0,17.6202485582,1.78200082042,36.4277777778,10.5945930188,18
39,0.1,30.0,0.0,16.1589245859,2.11492088794,36.2833333333,10.0723294718,18
39,0.1,40.0,0.0,14.9443894118,2.11842641551,37.0666666667,10.1416145499,18
39,0.25,10.0,0.0,16.9421555301,1.97875743165,34.8111111111,10.7572025828,18
39,0.25,20.0,0.0,14.0645494966,1.91620107492,34.6388888889,10.128457343,18
39,0.25,30.0,0.0,12.7010134684,1.84971985377,33.6277777778,9.75026273783,18
39,0.25,40.0,0.0,11.6412923583,1.73792256701,32.75,9.16914949541,18
39,0.5,10.0,0.0,13.9192326495,2.23763309796,33.9055555556,9.61671480828,18
39,0.5,20.0,0.0,10.9606706167,2.10719092387,31.4388888889,9.2608278301,18
39,0.5,30.0,0.0,9.4503369471,1.89020287901,32.0277777778,8.03498330988,18
39,0.5,40.0,0.0,8.40557700231,1.78215569168,31.2277777778,7.87902160687,18
39,0.75,10.0,0.0,11.6801623696,2.36761123214,32.4555555556,8.74366790283,18
39,0.75,20.0,0.0,8.1740716414,1.97010352186,30.9722222222,7.63029819976,18
39,0.75,30.0,0.0,6.8332070475,1.6230771696,31.0222222222,7.09491210501,18
39,0.75,40.0,0.0,6.05509819343,1.51593720442,31.4666666667,6.76114534822,18
39,1.0,10.0,0.0,10.3488670033,2.1981704474,33.6833333333,8.01817187686,18
39,1.0,20.0,0.0,7.85755405791,1.7907733797,33.4222222222,7.47783556194,18
39,1.0,30.0,0.0,6.94785483459,1.50490320453,34.2166666667,6.91151972711,18
39,1.0,40.0,0.0,6.38136304335,1.14173685245,33.7222222222,6.64138725654,18
40,0,0,0,27.4653072167,0,33.3333333333,0,25
40,0.1,10.0,0.0,27.3171893684,0.562096849582,33.872,9.65067956156,25
40,0.1,20.0,0.0,26.8200053279,1.12586565426,34.196,9.01163603348,25
40,0.1,30.0,0.0,26.0012357792,1.64591883625,35.2,9.3175103971,25
40,0.1,40.0,0.0,24.94159924,2.12517997903,35.216,9.05236676234,25
40,0.25,10.0,0.0,27.0054197031,0.944692514243,33.936,9.50767605674,25
40,0.25,20.0,0.0,25.5903626228,1.85626885525,34.968,9.16116673792,25
40,0.25,30.0,0.0,23.5559091274,2.56038868111,35.676,8.60180353182,25
40,0.25,40.0,0.0,21.2473612126,2.98443373631,36.236,8.14814727407,25
40,0.5,10.0,0.0,26.5640037209,1.3742237096,33.516,9.10679658277,25
40,0.5,20.0,0.0,24.0214511466,2.3570333563,33.296,8.58745503627,25
40,0.5,30.0,0.0,21.2355138392,2.72325055344,33.744,8.16617805341,25
40,0.5,40.0,0.0,18.8665137111,2.93363149261,34.34,7.22304644869,25
40,0.75,10.0,0.0,25.7577918109,1.69126624498,32.376,9.30304380297,25
40,0.75,20.0,0.0,22.6526848873,2.57423599477,32.176,8.18981220786,25
40,0.75,30.0,0.0,19.9417732569,2.58610741277,32.132,7.57037489164,25
40,0.75,40.0,0.0,18.1499620941,2.29201279187,32.172,7.43521459004,25
40,1.0,10.0,0.0,25.0232596232,2.04308013234,31.28,8.35952151741,25
40,1.0,20.0,0.0,21.1274106368,2.49475125223,29.976,7.96990740222,25
40,1.0,30.0,0.0,19.0330726134,1.97222867462,29.892,7.47183618664,25
40,1.0,40.0,0.0,18.1496670494,1.9367651845,29.64,7.66279322441,25
41,0,0,0,18.6764089074,0,33.3333333333,0,17
41,0.1,10.0,0.0,17.1360131604,1.64019052141,39.6176470588,11.2332535874,17
41,0.1,20.0,0.0,13.7651466976,2.65540625955,43.2411764706,10.0410903198,17
41,0.1,30.0,0.0,10.4359173902,2.91827113555,46.2058823529,8.55670076768,17
41,0.1,40.0,0.0,8.23142066247,2.78682739654,47.6588235294,7.53675193686,17
41,0.25,10.0,0.0,13.6509681668,2.47751238356,43.9411764706,10.2479637609,17
41,0.25,20.0,0.0,8.79024738355,2.63783191343,48.0058823529,8.41213285908,17
41,0.25,30.0,0.0,6.44222487855,2.08052782634,49.1235294118,7.15570525155,17
41,0.25,40.0,0.0,5.50715054378,1.70663910679,50.1588235294,6.59052218712,17
41,0.5,10.0,0.0,10.679385598,2.48128916146,47.7411764706,9.6092227901,17
41,0.5,20.0,0.0,6.88996833935,2.10686894751,48.1529411765,7.70431955415,17
41,0.5,30.0,0.0,5.3695425289,1.75307767941,46.9941176471,6.75031461525,17
41,0.5,40.0,0.0,4.6376724609,1.44919492884,46.1176470588,6.29274311544,17
41,0.75,10.0,0.0,8.94514303284,2.29191201809,49.2647058824,9.31266763858,17
41,0.75,20.0,0.0,5.74749523689,1.74842217337,48.3705882353,7.44825517758,17
41,0.75,30.0,0.0,4.49800669286,1.49161227456,47.8176470588,6.01140496218,17
41,0.75,40.0,0.0,3.93957925181,1.4357865326,47.4,5.68685730617,17
41,1.0,10.0,0.0,7.73628420794,2.12841263401,48.8823529412,8.74850456821,17
41,1.0,20.0,0.0,5.26715823173,1.4441295867,47.1058823529,7.11238502622,17
41,1.0,30.0,0.0,4.53681029092,1.25902778378,46.3764705882,6.49339296894,17
41,1.0,40.0,0.0,4.13782364999,1.13883506855,46.3941176471,6.01679023283,17
42,0,0,0,27.4653072167,0,33.3333333333,0,25
42,0.1,10.0,0.0,24.9171220742,1.90271948173,32.688,8.91777191904,25
42,0.1,20.0,0.0,21.6496842342,2.38491494873,32.68,8.34179836726,25
42,0.1,30.0,0.0,19.2985952352,2.59458927167,32.136,7.7654043037,25
42,0.1,40.0,0.0,17.3004575603,2.73430601319,31.892,7.38243428687,25
42,0.25,10.0,0.0,21.0863771189,2.52542962255,33.304,8.30202288602,25
42,0.25,20.0,0.0,16.2996060298,2.7181144095,32.808,6.88092551914,25
42,0.25,30.0,0.0,13.214344525,2.71308227638,32.816,6.24356821057,25
42,0.25,40.0,0.0,11.3245775954,2.65396074284,32.664,5.51136135633,25
42,0.5,10.0,0.0,17.1787634341,2.83830511212,33.544,7.36804343093,25
42,0.5,20.0,0.0,11.3349499309,2.67045496949,33.792,5.90768448717,25
42,0.5,30.0,0.0,8.60286930344,2.452708502,33.316,5.06084419835,25
42,0.5,40.0,0.0,7.02941229956,2.24343206422,33.024,4.43705127309,25
42,0.75,10.0,0.0,16.4415701116,2.77915059722,33.92,6.89997101443,25
42,0.75,20.0,0.0,11.7445590657,2.36648126307,34.988,5.81720345183,25
42,0.75,30.0,0.0,9.57876409776,2.25083394742,34.928,5.32492403702,25
42,0.75,40.0,0.0,8.14386361101,2.12953096183,34.708,4.5968180299,25
42,1.0,10.0,0.0,16.963908314,1.84467429688,33.92,7.4206199202,25
42,1.0,20.0,0.0,14.758409819,1.87714115187,34.364,6.74533201555,25
42,1.0,30.0,0.0,13.223733447,2.16752801,33.724,6.02825215133,25
42,1.0,40.0,0.0,11.8446586512,2.25252931126,32.892,5.81758850384,25
43,0,0,0,25.2680826394,0,33.3333333333,0,23
43,0.1,10.0,0.0,21.9693928543,2.14475675222,35.9869565217,9.22340964309,23
43,0.1,20.0,0.0,17.3622724326,2.87619542855,36.9173913043,8.37667005046,23
43,0.1,30.0,0.0,13.870953692,3.06448087804,37.6130434783,7.26646360919,23
43,0.1,40.0,0.0,11.3227156422,3.01265166261,37.4347826087,6.4340481367,23
43,0.25,10.0,0.0,16.8242982009,2.86175650937,37.1826086957,8.10761270307,23
43,0.25,20.0,0.0,10.2530146138,2.85666227081,37.3,6.12065053315,23
43,0.25,30.0,0.0,7.29859202452,2.19250880924,37.6652173913,5.06560177679,23
43,0.25,40.0,0.0,6.00048988146,1.92163311067,37.9173913043,4.71725906447,23
43,0.5,10.0,0.0,12.641640844,2.95478218509,37.4565217391,6.90028217828,23
43,0.5,20.0,0.0,7.47029692729,2.38144564153,38.2956521739,5.21220031619,23
43,0.5,30.0,0.0,5.50134144497,2.05459626176,38.1043478261,4.40034368824,23
43,0.5,40.0,0.0,4.31477607949,1.85432780883,38.2652173913,3.77885620966,23
43,0.75,10.0,0.0,11.7732904679,2.47448811334,37.6347826087,6.8795524539,23
43,0.75,20.0,0.0,7.6545443683,2.34440573225,38.1956521739,5.11636796683,23
43,0.75,30.0,0.0,5.39700969013,2.28115499433,38.4347826087,4.08880624192,23
43,0.75,40.0,0.0,4.24357107137,2.01360519322,38.1782608696,3.54564884173,23
43,1.0,10.0,0.0,11.9554378337,2.16450591051,35.8739130435,6.98634774545,23
43,1.0,20.0,0.0,8.8884497297,1.91086720831,35.9608695652,5.77714517969,23
43,1.0,30.0,0.0,7.38352508272,1.89792817988,35.5869565217,4.9739871536,23
43,1.0,40.0,0.0,6.23462985131,1.90216555281,35.7130434783,4.61403300455,23
44,0,0,0,27.4653072167,0,33.3333333333,0,25
44,0.1,10.0,0.0,26.6748825785,1.17323762836,32.636,9.21886674163,25
44,0.1,20.0,0.0,24.8245056152,2.15484835964,31.7,8.90247156693,25
44,0.1,30.0,0.0,22.1383939819,2.88735726609,31.676,8.21163954396,25
44,0.1,40.0,0.0,19.4987382895,3.38430536078,31.608,7.81219149791,25
44,0.25,10.0,0.0,24.8030938198,2.27249317714,33.6,9.67140113944,25
44,0.25,20.0,0.0,19.4771617922,3.33850403996,34.764,7.90293008953,25
44,0.25,30.0,0.0,14.300850234,3.70325677375,35.352,6.87459787915,25
44,0.25,40.0,0.0,10.2890808521,3.48736251137,36.416,5.68391977424,25
44,0.5,10.0,0.0,21.6458913661,2.92890927031,37.06,8.60025581015,25
44,0.5,20.0,0.0,14.9142693332,3.21347948473,38.964,6.99018626361,25
44,0.5,30.0,0.0,10.782135458,2.96751049678,39.516,5.89013955692,25
44,0.5,40.0,0.0,8.56553975115,2.67469091018,39.236,5.2100195777,25
44,0.75,10.0,0.0,18.5193564692,2.93848816645,40.308,7.73467103373,25
44,0.75,20.0,0.0,12.2244284606,3.00219536079,41.528,6.42006355109,25
44,0.75,30.0,0.0,8.64136712986,2.84572657405,42.272,5.20826420221,25
44,0.75,40.0,0.0,6.43671464929,2.7460093457,43.156,4.40450496651,25
44,1.0,10.0,0.0,15.955315713,2.85501834031,41.8,7.3468360537,25
44,1.0,20.0,0.0,10.7818924156,2.50377595321,42.96,6.04304558977,25
44,1.0,30.0,0.0,8.31983915392,2.09314945621,43.12,5.41346469463,25
44,1.0,40.0,0.0,7.04857310725,2.14619128043,43.576,4.75775409201,25
45,0,0,0,27.4653072167,0,33.3333333333,0,25
45,0.1,10.0,0.0,27.4045000002,0.359367784518,32.872,9.21084230676,25
45,0.1,20.0,0.0,27.2143727518,0.690185920062,32.284,9.04739432102,25
45,0.1,30.0,0.0,26.9785435042,0.909381476823,31.576,9.27858954799,25
45,0.1,40.0,0.0,26.7064802039,1.10339803576,30.664,8.96075353974,25
45,0.25,10.0,0.0,26.9780843561,0.875651200873,31.768,9.46457479235,25
45,0.25,20.0,0.0,26.1941892846,1.28533470757,30.452,9.05912225329,25
45,0.25,30.0,0.0,25.3604815859,1.29027923911,29.48,8.51267290573,25
45,0.25,40.0,0.0,24.9738763133,1.29711808055,28.776,8.77666360299,25
45,0.5,10.0,0.0,26.0124108563,1.28974163087,30.512,9.02229771178,25
45,0.5,20.0,0.0,24.9361831405,1.18149973162,29.044,8.7643632969,25
45,0.5,30.0,0.0,24.4172813619,1.09151624522,28.868,8.83439731957,25
45,0.5,40.0,0.0,24.097835808,1.18543057425,28.868,8.61803782772,25
45,0.75,10.0,0.0,25.309480849,1.19619254288,28.944,9.15668411599,25
45,0.75,20.0,0.0,24.6103888631,0.967216591226,28.628,8.80213701325,25
45,0.75,30.0,0.0,24.1634876673,1.19514381154,27.424,8.46192791272,25
45,0.75,40.0,0.0,23.6161018912,1.34101446698,28.108,8.32564327845,25
45,1.0,10.0,0.0,24.9680616061,0.932620619885,29.468,8.58865391083,25
45,1.0,20.0,0.0,24.4411936835,0.839587696576,28.432,8.35256703056,25
45,1.0,30.0,0.0,24.0117160515,1.1854775861,28.08,8.35186206783,25
45,1.0,40.0,0.0,23.5846693702,1.4352670477,27.488,8.35570798915,25
