Date,Open,High,Low,Close,Volume
27-May-14,892,919.5,892,917,4034584
23-May-14,889.5,890,877,882,2492788
22-May-14,870,891,870,889.5,3811960
21-May-14,844.5,868.78,844.06,861,6762905
20-May-14,872,876,842.5,845,5345530
19-May-14,864.5,874,855,868,3733749
16-May-14,866,870.5,838,860.5,5810203
15-May-14,891.5,892.5,860.15,866,4349340
14-May-14,907.5,907.5,888.5,890.5,2677209
13-May-14,920,922.5,900.5,906.5,2815319
12-May-14,886.5,916.5,886.5,909.5,3561318
9-May-14,895,895.5,878.5,886,3288584
8-May-14,872.5,903.93,871.5,901.5,4317216
7-May-14,881.5,886.5,869,871.5,4090259
6-May-14,887,903,885,887,5501102
2-May-14,877,889,876,886,4407018
1-May-14,890.5,899.88,876,886,2799409
30-Apr-14,897.5,906.94,880.5,891.5,5173747
29-Apr-14,915,924.5,903,909,5393664
28-Apr-14,945,954.5,912,915,4221182
25-Apr-14,955,966.4,942,945.5,4220542
24-Apr-14,960,970,949.5,960,4777307
23-Apr-14,955.5,974,942.5,956,4277791
22-Apr-14,984,992,978,982.9,3564267
17-Apr-14,940,980,937.5,976.5,4416173
16-Apr-14,940,943.5,924.5,932,2590246
15-Apr-14,958.5,958.5,927.5,930,3954405
14-Apr-14,949.5,955,933,954.5,3304028
11-Apr-14,981,982.48,949.36,958.5,5466695
10-Apr-14,1037,1037.4,1000,1004,2576914
9-Apr-14,1002,1029,989.5,1028.95,3654155
8-Apr-14,980,995.21,960.5,984.4,6317788
7-Apr-14,976.5,977,965.5,972.5,3293258
4-Apr-14,1020,1023.52,994,996,3655132
3-Apr-14,1029,1040.16,1023,1026.5,2256635
2-Apr-14,1053,1054,1028,1030.9,3835480
1-Apr-14,1018,1048,1009.74,1044.02,4433616
31-Mar-14,984.5,1006,984.5,997.95,3146849
28-Mar-14,977.5,990,965,977.5,3630557
27-Mar-14,976,980.5,965,971.95,2534189
26-Mar-14,1000,1000,977.5,980.9,3841258
25-Mar-14,974.5,993,973.5,979.5,3651160
24-Mar-14,991,994,972.5,978.5,3681014
21-Mar-14,988,999.5,985,994.45,4920148
20-Mar-14,969,991.5,957,990.5,3603581
19-Mar-14,983.5,986.5,975,976.5,2947173
18-Mar-14,963,985,959,982.5,2715242
17-Mar-14,953.5,969.5,951,964,3285214
14-Mar-14,960,964,950,951.5,3637819
13-Mar-14,984,986,966,966,3429399
12-Mar-14,986,990,972,980.5,5389998
11-Mar-14,993.5,1002,980.5,992.5,3461459
10-Mar-14,997.5,1008,988.5,992,3910593
7-Mar-14,1010,1014,1000,1001,1731243
6-Mar-14,1010,1014,998.5,1007,2876721
5-Mar-14,1015,1021,1003,1008,2235597
4-Mar-14,992.5,1015,992.5,1014,2171341
3-Mar-14,987,991.5,973.5,986,3004699
28-Feb-14,996.5,1020,993.5,1010,5047697
27-Feb-14,989,994.5,973,992,2964716
26-Feb-14,974,994.5,970.5,991,3506364
25-Feb-14,985,990,964,975.5,5752139
24-Feb-14,970,990,970,989,3611931
21-Feb-14,953,977,953,970,3545260
20-Feb-14,941.5,951,930.5,947,2631544
19-Feb-14,945,958.5,934,950.5,3122928
18-Feb-14,939,948.5,890,946.5,4110715
17-Feb-14,934.5,940,929.5,939,2084999
14-Feb-14,933,934.5,923.5,931,4752315
13-Feb-14,916.5,940.5,916.5,937.5,6492524
12-Feb-14,933,935,922.5,925,5310565
11-Feb-14,916.5,938,915.5,937,4574474
10-Feb-14,901,919.5,895.5,916,3564223
7-Feb-14,896,910,893.5,906.66,9680086
6-Feb-14,904,909.5,895,900.5,4677937
5-Feb-14,885,919,877.5,892.5,9483188
4-Feb-14,900,910,835,875,19997882
3-Feb-14,925.5,949,919,930,7630654
31-Jan-14,951,951,918.5,935,6134319
30-Jan-14,940,947,932,946,4358887
29-Jan-14,949,957,918,941,5603227
28-Jan-14,941.5,954,925,944.5,5273464
27-Jan-14,971,973.5,952.5,957.5,4174994
24-Jan-14,975.5,984.5,971,978,3875430
23-Jan-14,1002,1016,966.5,973,4746356
22-Jan-14,994.5,1019,994.5,1004,2838538
21-Jan-14,998,1005,986.5,991,1919184
20-Jan-14,993.5,1005,992,999,1135931
17-Jan-14,983.5,996,981.5,989,3144636
16-Jan-14,1006,1009,982.5,986.5,3243194
15-Jan-14,1002,1018,1000,1007,2997929
14-Jan-14,961,999,957,997,4105887
13-Jan-14,975,986,967.5,978,2918051
10-Jan-14,980.5,996,967.5,972,5183629
9-Jan-14,1050,1050,991.5,997.5,6198674
8-Jan-14,1060,1071,1057,1067,3796216
7-Jan-14,1079,1082,1050,1055,3702146
6-Jan-14,1084,1094,1078,1078.72,2506547
3-Jan-14,1095,1101,1084,1087,2428182
2-Jan-14,1097,1102,1082,1095,3074135
31-Dec-13,1100,1103,1095,1099,1355741
30-Dec-13,1104,1111,1092,1096,1194973
27-Dec-13,1095,1109,1091,1106,1600359
24-Dec-13,1109,1110,1091,1095,573904
23-Dec-13,1095,1112,1087,1110,2933370
20-Dec-13,1063,1075,1050,1068,3934934
19-Dec-13,1049,1056,1038,1056,3348072
18-Dec-13,1001,1031,1001,1027,2704306
17-Dec-13,992.5,999,986.5,993,1832571
16-Dec-13,997,1009,987,995.5,2415612
13-Dec-13,978.5,1028,970,1001,4536213
12-Dec-13,984,986,970.5,972,3022075
11-Dec-13,994,1007,991.5,994.5,2648409
10-Dec-13,999,1011,996.5,999,2469067
9-Dec-13,1022,1023,1004,1011,1867988
6-Dec-13,998,1020,992,1018,2550316
5-Dec-13,998.5,1004,995.5,1002,1837057
4-Dec-13,1004,1014,998,1005,2009179
3-Dec-13,1008,1010,1000,1003,1872960
2-Dec-13,1017,1020,1008,1011,1742688
29-Nov-13,1013,1025,1013,1018,1724227
28-Nov-13,1003,1019,1003,1017,1220819
27-Nov-13,1000,1007,995,1004,1274004
26-Nov-13,1004,1007,1000,1003,3005289
25-Nov-13,1001,1010,998,1005,2829201
22-Nov-13,978,994,978,991,3126649
21-Nov-13,947.5,965,946.5,964,2902993
20-Nov-13,946,957,944.5,955,2057758
19-Nov-13,953,956,946,950,2310734
18-Nov-13,947.5,961.5,941,959.5,2282443
15-Nov-13,940,944,928,944,3637891
14-Nov-13,932,939.5,925,929.5,2519877
13-Nov-13,928.5,933.5,917.5,925.81,2944426
12-Nov-13,945.5,951,928.5,934.44,3401243
11-Nov-13,950,959,946,949.5,3167429
8-Nov-13,949,953.5,939.5,941,4297833
7-Nov-13,984,992,962,964,4188898
6-Nov-13,982.5,986.5,976,980,3574030
5-Nov-13,970,975.5,960,975.5,3867714
4-Nov-13,975,979.5,960.5,967,2665406
1-Nov-13,983.5,988.5,971.5,976,2307539
31-Oct-13,989,992.5,975.5,985.5,4176824
30-Oct-13,992,1021,989,994,3501964
29-Oct-13,963.5,991.5,955.5,991,3607859
28-Oct-13,987.5,989.5,966.5,972,2956464
25-Oct-13,956,989.5,952,983,4169209
24-Oct-13,945.5,963.5,944.5,960.5,3394655
23-Oct-13,973.5,994,947,953.5,7041721
22-Oct-13,1040,1059,961,1004,7462995
21-Oct-13,1018,1048,1015,1036.65,2273703
18-Oct-13,1019,1020,1001,1014,2340090
17-Oct-13,1024,1026,994.5,1005,3333755
16-Oct-13,1011,1041,998.5,1030,3780198
15-Oct-13,990.5,1021,989.5,1018,2000238
14-Oct-13,977,988.5,969,986.5,2079452
11-Oct-13,988,988,974,984,1536120
10-Oct-13,955,990,952,983.5,1997539
9-Oct-13,964.5,967,941,945.5,4209647
8-Oct-13,970,989,964.5,977.5,2652929
7-Oct-13,981,981,964.5,970,1851022
4-Oct-13,980.5,987,974.5,983,2674760
3-Oct-13,1000,1001,981.5,982,2552206
2-Oct-13,990.5,996.5,982,996.5,2460679
1-Oct-13,989.5,999,980,998,2059706
30-Sep-13,996.5,1001,984.5,986,3603573
27-Sep-13,1013,1013,997.5,1010,2152129
26-Sep-13,997,1007,993.5,1004,1948555
25-Sep-13,992.5,1003,984,994,1963993
24-Sep-13,991.5,1008,986,993,2680150
20-Sep-13,1000,1007,990,1001,3600568
19-Sep-13,996.5,1015,983.5,1001,4056725
18-Sep-13,961,989.5,959,984,3981273
17-Sep-13,971.5,971.5,953.5,953.5,3019459
16-Sep-13,986.5,988.5,968,972,1806660
13-Sep-13,984.5,989.5,965.5,972,2247191
12-Sep-13,991.5,996,972,986.5,4480573
11-Sep-13,996,998,974,986.5,6531122
10-Sep-13,929.5,944,927,941,3213141
9-Sep-13,900,918,897.5,917.5,3031113
6-Sep-13,897,902,884,892.5,2144181
5-Sep-13,880,900,880,894,2792823
4-Sep-13,884,884.5,869,875,2536167
3-Sep-13,900,907.5,881,884,3155783
2-Sep-13,880,896.5,880,893.5,1619194
30-Aug-13,895,898.5,874.5,875,3220230
29-Aug-13,868.5,885.5,865.5,882.5,2528141
28-Aug-13,858.5,865,849.5,863.5,3674584
27-Aug-13,888.5,897.5,871,872,2864084
23-Aug-13,878,895.5,876,890,1657447
22-Aug-13,869.5,884.5,869,878.5,1818532
21-Aug-13,885,887.5,871,871.5,2016156
20-Aug-13,881.5,890.5,875,887.5,2370609
19-Aug-13,874.5,889.5,870.5,889,2041746
16-Aug-13,872.5,877.5,857.5,870,3040986
15-Aug-13,898.5,900.5,868.5,874.5,2086977
14-Aug-13,900.5,906,894,897,2220889
13-Aug-13,889,897,881.5,891.5,1781342
12-Aug-13,877,887,869.5,886.5,1580748
9-Aug-13,883,885,869.5,875,2116018
8-Aug-13,863.5,888.5,862,880,3800822
7-Aug-13,882,888.5,859.5,860.5,2878276
6-Aug-13,872,886.5,871.5,886.5,2808075
5-Aug-13,884.5,889.5,870,872,1927870
2-Aug-13,896.5,896.5,880,881,2117710
1-Aug-13,882,891,875,889,3249055
31-Jul-13,866.5,882,859,875,4128113
30-Jul-13,861,868,856,865.5,2362328
29-Jul-13,869,873,849.5,858.5,2960526
26-Jul-13,862,867.5,842.5,846,3278439
25-Jul-13,860,868.5,825.5,859,8435574
24-Jul-13,927,953,875.5,894.31,11767481
23-Jul-13,915,916,893,898,3337925
22-Jul-13,897,914,897,906,2692596
19-Jul-13,906,906,888.41,897.5,4777160
18-Jul-13,906.5,922.08,903,921,4265156
17-Jul-13,914,917.24,892.5,908,5301484
16-Jul-13,913.5,924,907,912,4077377
15-Jul-13,902,911.32,898.5,908,3154266
12-Jul-13,873.5,898,869,897,4047320
11-Jul-13,865,871,857.5,869,3627935
10-Jul-13,858.5,864.5,844.5,854.5,3298651
9-Jul-13,864,871,857.5,863,3187365
8-Jul-13,862,868.08,856,860,2802612
5-Jul-13,853,861.5,837,841,5098846
4-Jul-13,830.5,853.5,826,851,4047196
3-Jul-13,821,824.5,810.75,820.5,4663520
2-Jul-13,802,813.45,784,807.5,3584066
1-Jul-13,801.5,806,789.74,805.5,4186761
28-Jun-13,805,813.5,788,795,3656632
27-Jun-13,796,815.5,787.07,803.5,4406924
26-Jun-13,789,804,782.9,795,6800613
25-Jun-13,790,796.5,776,786,5637518
24-Jun-13,759.5,771,752,758.5,4972737
21-Jun-13,795,808,772.35,772.5,7930519
20-Jun-13,803.5,814,792.56,799,8662763
19-Jun-13,844,846.15,833,835.5,3818268
18-Jun-13,827,855.5,823.34,846,7408574
17-Jun-13,865,868.5,814,830,8121442
14-Jun-13,869.5,875,859.5,862,3041256
13-Jun-13,845.95,860,838.5,857,3621033
12-Jun-13,860,869.5,857,858,4089038
11-Jun-13,866,889,853.61,866,5245440
10-Jun-13,860,873,856,869,4153183
7-Jun-13,880.42,880.5,861.5,864.5,6696428
6-Jun-13,884,903.5,876.5,878.5,6960037
5-Jun-13,919,937.5,891.5,893,6820402
4-Jun-13,926.5,942,900.5,924,6924504
3-Jun-13,970,974.15,915,919,7776430
31-May-13,994.5,996,981.5,988,3531841
30-May-13,975,1005,973.5,995,2699882
29-May-13,998,998.76,972,977.5,3957508
28-May-13,989,1020,989,1010,3261610
24-May-13,1001,1006,978.5,985.5,3684301
23-May-13,980.23,1014.29,975,995,7688477
22-May-13,1040,1050.97,1017.3,1050,6746402
21-May-13,1092,1111,1052.47,1065,6135087
20-May-13,1094,1100.15,1088,1096,2691487
17-May-13,1091,1098,1084.85,1088,1890281
16-May-13,1098,1108,1090.21,1096,3034727
15-May-13,1075,1099.64,1074,1097,2936137
14-May-13,1074,1079,1065,1076,1476928
13-May-13,1071,1076,1063,1068,1333294
10-May-13,1067,1075,1062,1072,1996285
9-May-13,1062,1070,1060,1069,2298505
8-May-13,1050,1068.42,1046,1068,3188509
7-May-13,1037,1046,1031,1046,3826172
3-May-13,1016,1033.34,1010,1032,3964003
2-May-13,1020,1022,1005.15,1013,4661326
1-May-13,999,1031,995.5,1026,3984101
30-Apr-13,985,1000.26,982.04,996,5341331
29-Apr-13,978.5,985.96,969.5,979,2679852
26-Apr-13,987.5,999.05,973,979,2818545
25-Apr-13,977.5,994.5,972.5,988.5,4531942
24-Apr-13,1010,1019,966.5,985,7573391
23-Apr-13,925.05,978.5,920.89,972,8838447
22-Apr-13,874.5,880.5,864,869,3005897
19-Apr-13,871,874,854.5,872.5,3659478
18-Apr-13,876,892,864,866,3132361
17-Apr-13,872,897,857,868,4847829
16-Apr-13,886.5,886.64,854,868,4476527
15-Apr-13,901.5,908.5,885.5,896.5,1898741
12-Apr-13,894,901,889.5,896,1703604
11-Apr-13,886,902,882.5,899.5,1883939
10-Apr-13,877,888.5,870,886.5,2756177
9-Apr-13,891,896.5,873,876.5,2079361
8-Apr-13,888,911,882.5,885.5,2088892
5-Apr-13,890,892,869.8,878,2956641
4-Apr-13,908,909,879.5,879.5,3706877
3-Apr-13,913,936,912.74,916,3096557
2-Apr-13,913,923,913,916,2293705
28-Mar-13,921.5,931.54,914.5,921,2333862
27-Mar-13,922,925,911,918.5,2700974
26-Mar-13,914.5,922,904.5,918,3216918
25-Mar-13,893,922.23,886.5,916,5053821
22-Mar-13,874,887.42,862.5,879,3326122
21-Mar-13,901.5,904.99,876,878.5,3480268
20-Mar-13,903.5,909,894.5,906.5,2881401
19-Mar-13,912,913.5,888,896.5,6474695
18-Mar-13,915,938.5,910,920.5,3513027
15-Mar-13,930,957.33,926,928.5,6963304
14-Mar-13,921,927.78,912,922.5,3426507
13-Mar-13,945,951.5,916,920,3481276
12-Mar-13,945.5,958,945.2,950,3225418
11-Mar-13,942.5,957.5,941,948.5,3024418
8-Mar-13,950.5,953.51,934.5,945.5,4469672
7-Mar-13,959.5,967,944.5,946,3106626
6-Mar-13,971.5,985,962.5,963,2203834
5-Mar-13,969,978,958.5,971.5,2879690
4-Mar-13,964,967.64,957,963,1957036
1-Mar-13,956,970.5,943,965.5,2651480
28-Feb-13,956.5,960,947.5,955,3009501
27-Feb-13,944,951.77,937.5,950,1915937
26-Feb-13,922.5,941.5,921,936,2557142
25-Feb-13,932,943.5,930.3,939,2935580
22-Feb-13,914.5,928.5,914.5,924,2224090
21-Feb-13,937.5,942.5,906,919.5,4908130
20-Feb-13,941.5,965.1,939.42,951.5,2669897
19-Feb-13,920.5,943,920.5,941.5,1906887
18-Feb-13,935.5,939.76,921,923,1032216
15-Feb-13,927,945.58,926.75,940,2748526
14-Feb-13,921,929.6,914.98,925,1389994
13-Feb-13,921,930,917,927,2204536
12-Feb-13,903,925,901.5,925,2684311
11-Feb-13,903.5,911.5,888.5,903.5,6403211
8-Feb-13,933,937.46,915,919,4425104
7-Feb-13,929.5,935.15,920.73,924.5,3047880
6-Feb-13,923.5,937,916.5,932.5,4919460
5-Feb-13,919.5,961.12,917,931,5855015
4-Feb-13,900,903.5,886,892,5078037
1-Feb-13,865,895.32,865,893.5,4096034
31-Jan-13,880,885.5,863,863,3846459
30-Jan-13,872,889.47,869,873.5,3685227
29-Jan-13,871,877,861,869.5,2065117
28-Jan-13,871,875,860,868.5,2221302
25-Jan-13,864,878,860,870.5,3687743
24-Jan-13,840,870.96,832,867.5,3996739
23-Jan-13,848,857,845.5,849.5,2902933
22-Jan-13,857,860,844.55,849,2944175
21-Jan-13,867,869.5,854.5,855,1804835
18-Jan-13,856.5,871.5,854.22,861,4325521
17-Jan-13,848.5,858.14,842,855.5,4621845
16-Jan-13,817,844.5,816,843.5,6740088
15-Jan-13,849,876.94,833.5,841,9552503
14-Jan-13,867,874,861,873,4988233
11-Jan-13,870,875.5,863,870,5096796
10-Jan-13,833.5,869.32,828.5,863.5,6389197
9-Jan-13,812,829.5,811.5,827,3454400
8-Jan-13,799,818.5,798.5,808.5,3697957
7-Jan-13,797,804.62,788,799.5,3032983
4-Jan-13,796,806.5,794.5,802,2626266
3-Jan-13,796,798.5,788.3,796,2430796
2-Jan-13,784,798.5,782,796.5,2967478
31-Dec-12,766,771,763,768,537944
28-Dec-12,771,776,764.5,770,1090420
27-Dec-12,771.5,782.5,766,768.5,1699873
24-Dec-12,780.5,789,770.5,770.5,587954
21-Dec-12,777.5,778.5,767,776,3694326
20-Dec-12,774,784,772.27,782.5,3164206
19-Dec-12,763,775,760.5,775,2634658
18-Dec-12,751.5,758,746.5,757,3282129
17-Dec-12,739,747,734.5,745,4100004
14-Dec-12,752.5,757,739.73,743,2681562
13-Dec-12,760,760,750.5,751,2925484
12-Dec-12,764.5,768,758.5,759,2301673
11-Dec-12,759,766.5,757.5,764,2807580
10-Dec-12,754,762,746,759,2024356
7-Dec-12,756,756.5,744.34,754,2690222
6-Dec-12,756,757.5,744.5,755,4399047
5-Dec-12,764,766,746.89,752,5758331
4-Dec-12,768,768,757,762,4485695
3-Dec-12,775.5,780,766.5,770.5,3915864
30-Nov-12,762.5,777.02,759,774,3239640
29-Nov-12,776.5,780.9,761,762.5,5064983
28-Nov-12,770,778,759,772.5,5079383
27-Nov-12,747,758,744.5,758,3474187
26-Nov-12,739,745,732,740.5,2065454
23-Nov-12,738.5,745.84,732,742.5,1632297
22-Nov-12,739,744.5,737,738.5,1657479
21-Nov-12,722,742,721,737,2777189
20-Nov-12,744,746.38,723.5,726.5,4749408
19-Nov-12,725,747.5,723.5,747,5242089
16-Nov-12,722,728.22,711,711,3368833
15-Nov-12,716,725,713.25,715.5,2588345
14-Nov-12,718,731.5,717.5,723,3963859
13-Nov-12,717.5,722.16,712.5,720,3524899
12-Nov-12,710,718.5,708.5,715.5,2841789
9-Nov-12,705.5,714,705,712.5,3383822
8-Nov-12,709.5,718,707.5,709.5,4319889
7-Nov-12,720,720.5,702.5,705,5047168
6-Nov-12,710,735.5,700.5,709.5,8728960
5-Nov-12,688.5,695.5,683.5,695,3184655
2-Nov-12,692.5,702.13,687.5,696,4012051
1-Nov-12,663.5,694.5,663.5,694,5949217
31-Oct-12,675.5,688.5,663.75,665,5160044
30-Oct-12,669,677,664,675.5,2361381
29-Oct-12,653,667.64,652.5,665.5,2106000
26-Oct-12,657.5,665.1,645.23,656.5,5340522
25-Oct-12,669.5,672,658,665,4753726
24-Oct-12,645.5,686,645.5,675.5,13633715
23-Oct-12,600,640.11,598.5,640,13183389
22-Oct-12,590,597.97,587.5,594.5,5695852
19-Oct-12,592.5,596,586.35,591,3320263
18-Oct-12,599.5,601.5,591.5,592.5,2707319
17-Oct-12,595,600,592.5,599.5,2930741
16-Oct-12,581,596.5,581,596,4036363
15-Oct-12,576.5,579,573,577.5,3900196
12-Oct-12,574,581.7,570,578.5,2866120
11-Oct-12,577.5,584.5,574,579,3372623
10-Oct-12,594,595.5,578.5,578.5,3629537
9-Oct-12,597,602.5,591.5,595.5,3475536
8-Oct-12,595.5,599,589.67,595,2415908
5-Oct-12,593.5,601.5,589.5,598.5,3466114
4-Oct-12,592,601.2,587,589.5,4114329
3-Oct-12,573.5,590.5,572,589,3443762
2-Oct-12,577,585.5,574,577,3230323
1-Oct-12,573.5,590.5,573.5,586,2715931
28-Sep-12,575.5,578.5,569.5,575,3952542
27-Sep-12,569.5,574,562,571,3369360
26-Sep-12,576.5,577,560.5,566,3935446
25-Sep-12,571.5,587.5,569.5,585,4529958
24-Sep-12,576,580.5,567.5,572.5,2162866
21-Sep-12,580,582.15,575,578.5,5006096
20-Sep-12,582,586,575.87,579,2848585
19-Sep-12,591,591,581,585,3216725
18-Sep-12,584,592.65,582,588.5,4710480
17-Sep-12,581.5,597.14,576.5,584.5,3882854
14-Sep-12,572.5,593,569.5,582,8560316
13-Sep-12,557,567,552.75,562,5848769
12-Sep-12,549,560,544.5,555,4986841
11-Sep-12,551,557.81,548.15,552,3888026
10-Sep-12,547.5,551.38,540.74,549,3305866
7-Sep-12,549.5,558,545.5,547,3978085
6-Sep-12,529,547,527.5,547,5684881
5-Sep-12,521,537.5,519.5,531,6634800
4-Sep-12,558.5,559.5,524.65,528,5946858
3-Sep-12,557,563.63,550.5,559.5,3266926
31-Aug-12,572,581.5,570,574,2439847
30-Aug-12,576,579.06,570,572,1896624
29-Aug-12,576,581,573,577,2126542
28-Aug-12,579,579.59,568.09,576,3274597
24-Aug-12,580,583.65,575,579,1650765
23-Aug-12,585,586,575.5,580,1620442
22-Aug-12,583,586,578.68,580,1555130
21-Aug-12,586,590.84,583,588.5,2389236
20-Aug-12,583.5,590.5,579.65,584,2459263
17-Aug-12,583,592,581,582.5,1993368
16-Aug-12,582.5,584.51,572,575.5,2139343
15-Aug-12,576,586,576,584,2302658
14-Aug-12,571.5,578,569.5,574,2518682
13-Aug-12,575,577,570,570.5,3504488
10-Aug-12,580,580,570,574,3286485
9-Aug-12,575,581.93,573,581,2494614
8-Aug-12,577,580,567.5,575,3598438
7-Aug-12,573.5,578.69,569.5,578,2629808
6-Aug-12,575,577.5,569.5,573,2021985
3-Aug-12,560.5,578,559.5,570,2514275
2-Aug-12,563,569,553.5,558.5,3014424
1-Aug-12,554.5,565.5,554,563.5,2873222
31-Jul-12,553,560.5,548.42,552.34,4150630
30-Jul-12,554,559.5,549.5,554,3676091
27-Jul-12,540,549,537,548,3708402
26-Jul-12,530,545,516.53,544,6978395
25-Jul-12,504.5,530,488,526.5,9718942
24-Jul-12,484.4,488.1,477.5,484.8,3073391
23-Jul-12,496.1,501,478.9,481.3,4346760
20-Jul-12,494,498.26,492,494.4,5292039
19-Jul-12,485,492.5,483.2,491.6,4388949
18-Jul-12,465.9,478.92,463.6,478.1,7558585
17-Jul-12,488,488.2,467.7,469,6233215
16-Jul-12,492.1,494.8,484.6,487.7,2432291
13-Jul-12,490,494.8,486.2,490.7,3624757
12-Jul-12,486.9,486.9,480.3,486.5,4318490
11-Jul-12,475.9,495,475.9,488,6987182
10-Jul-12,491.6,496.43,480.1,480.5,7689878
9-Jul-12,507,509.5,495.4,495.9,5222721
6-Jul-12,520,522.5,508,509,2977465
5-Jul-12,511,521.31,510.5,521,3135997
4-Jul-12,514,518.82,509.5,512,1828559
3-Jul-12,511,519.35,510.5,517,2609074
2-Jul-12,507,515,503,511,2802295
29-Jun-12,504,508.5,499.2,505.5,4669522
28-Jun-12,500,504.84,491,499,4974113
27-Jun-12,490,497.6,486.7,497.4,4351360
26-Jun-12,496.5,497.55,483.5,483.6,6430807
25-Jun-12,502.5,507.5,499.6,499.7,2293114
22-Jun-12,509,511.27,505,506,2486497
21-Jun-12,516,523.5,513,517,4939142
20-Jun-12,511,524.6,508.5,519.5,4913026
19-Jun-12,497,511.3,494.2,508,5491047
18-Jun-12,496.5,498.9,489.9,490.6,4212747
15-Jun-12,496,499.8,484.73,486.7,10902028
14-Jun-12,510.5,511.5,501,502,3938037
13-Jun-12,506,513.81,503.5,512,5274438
12-Jun-12,498,504.5,486.9,504,7229505
11-Jun-12,511,516.11,505.5,505.5,2965783
8-Jun-12,510.5,511,501.5,504.5,3439961
7-Jun-12,506.5,515.5,501.5,510.5,4403785
6-Jun-12,501.5,505,495.5,503.5,5391475
1-Jun-12,510,511,493.9,497.9,6765751
31-May-12,510.5,517.46,504,506.5,5317366
30-May-12,509,511.88,502.5,508.5,4446391
29-May-12,503,511,503,507.5,4051981
28-May-12,497.9,505.34,495.98,501.5,2146802
25-May-12,500,506,488.93,491.2,5280987
24-May-12,488.6,498.72,481.6,495.2,6650823
23-May-12,485,493,480,482.4,6597424
22-May-12,483.5,496.36,483.4,489.8,6363349
21-May-12,467.6,481.88,467.3,478,5654124
18-May-12,473,477.6,466.5,470,6337400
17-May-12,486.1,487.9,476.6,477.5,5352661
16-May-12,482.7,496.07,480.32,487,4949143
15-May-12,490,497.8,484.3,487.3,5075235
14-May-12,501,504,489.8,491.3,4000204
11-May-12,504,509,498.7,507,5308536
10-May-12,492,513.63,489,507.5,9367107
9-May-12,480.8,490.61,472.6,487.5,8103596
8-May-12,505,506.98,479.7,480.5,8310558
4-May-12,515,523.5,503.5,507,5704949
3-May-12,519.5,523.07,512,514,4108262
2-May-12,524,525.91,511.5,515.5,5669656
1-May-12,520,527.16,515,522,3287477
30-Apr-12,533,534.5,524,524,5495952
27-Apr-12,529,544.02,526.5,537,5060941
26-Apr-12,534,539.22,528,533,6351187
25-Apr-12,545,557.32,533.56,537.5,13114470
24-Apr-12,573.5,576,523,531.5,12227527
23-Apr-12,578,582.5,562.1,566.5,7376060
20-Apr-12,604,604.5,583,589.53,6794872
19-Apr-12,607,614.5,603,607.5,4455955
18-Apr-12,598.5,609.5,596.5,608,6806521
17-Apr-12,587.5,599,585,599,5953225
16-Apr-12,593,604,591,599,6717503
13-Apr-12,588,592.5,583,588.5,4110480
12-Apr-12,582.5,593,579,591.5,4304664
11-Apr-12,575,588.5,573.5,582.5,4534324
10-Apr-12,583,590,579.88,582.5,3799764
5-Apr-12,593,601,588.5,600,2885512
4-Apr-12,604,609.41,591.5,592.5,6178549
3-Apr-12,607.5,611.5,603,611,5231001
2-Apr-12,594,608.5,590.5,607.5,5196567
30-Mar-12,590,595,587,592,5366599
29-Mar-12,595,598.2,588.6,592.5,3934442
28-Mar-12,600,605.12,598.5,600,4924370
27-Mar-12,599,602.5,596,601,5047235
26-Mar-12,596.5,601.59,593.59,597.5,2772965
23-Mar-12,596,598.08,588,593.5,3546997
22-Mar-12,593,598,588,592,4934345
21-Mar-12,585.5,595.5,584,593.5,5493314
20-Mar-12,589,591.5,578,584.5,5392151
19-Mar-12,575,585.5,575,580,3473855
16-Mar-12,574,582.01,564.5,576.5,6171146
15-Mar-12,569,577,565,573,4465511
14-Mar-12,574.5,576,565,566.5,4103377
13-Mar-12,575,579.33,571.5,573,2786155
12-Mar-12,570,577,565,572.5,2887640
9-Mar-12,568.5,572,562.5,570,4285699
8-Mar-12,561.5,571,560.5,569,8394548
7-Mar-12,535.5,550,535.5,549.5,3847039
6-Mar-12,543,543.57,530,535.5,5245690
5-Mar-12,550,551,539.5,543.5,5264847
2-Mar-12,562,564.8,553,554,3452427
1-Mar-12,567,575.5,560,561,4057438
29-Feb-12,583.5,587.11,569.3,569.5,7326644
28-Feb-12,578.5,587.5,569.14,583.5,4192360
27-Feb-12,573.5,576.5,560,575.5,3381423
24-Feb-12,580.5,582.5,568.9,574,2766271
23-Feb-12,577.5,586.68,572.92,573.5,3224767
22-Feb-12,580.5,582.08,573.8,578.5,2689509
21-Feb-12,583,586.5,578,582,2755218
20-Feb-12,585.5,591,583,586,2060727
17-Feb-12,590,592,579,584,4202068
16-Feb-12,585,589.01,575.4,585.5,4362549
15-Feb-12,585,592.1,579.5,590.5,5251656
14-Feb-12,576.5,583.72,574.5,582.5,5711231
13-Feb-12,570,578.25,567.5,575.5,3865251
10-Feb-12,550,573,550,567.5,10773344
9-Feb-12,569.5,573,558,561.5,4487187
8-Feb-12,568.5,576,564.8,566.5,4705653
7-Feb-12,570,581.62,564.9,568,6836216
6-Feb-12,585,586.2,576.4,577,4831493
3-Feb-12,573,589.5,573,588,7177157
2-Feb-12,596,597,575,577,8379829
1-Feb-12,614,614,590.5,592.5,8593124
31-Jan-12,620,640,609.2,609.5,11643713
30-Jan-12,590.5,605.52,590.5,597.5,4991521
27-Jan-12,590,600.67,583.5,596,5269479
26-Jan-12,591,607,587,598,4892911
25-Jan-12,603,609.5,595,597.5,5965463
24-Jan-12,585.5,591.5,579,580,4141086
23-Jan-12,576,595.5,570,590.5,4034884
20-Jan-12,584,584,575.5,575.5,4694260
19-Jan-12,578,583.47,572,580.5,5469318
18-Jan-12,580,590,575.5,585,2895578
17-Jan-12,587,589.66,579,582,5313788
16-Jan-12,573,587,572.14,581,2606567
13-Jan-12,592,592,567.5,575,8594114
12-Jan-12,589,594.71,582,584.5,4294052
11-Jan-12,600,602,586.5,588.5,6453327
10-Jan-12,613,616.5,603.5,604,4524911
9-Jan-12,612,626,610,613,5360685
6-Jan-12,612,615.12,606,609.5,3533320
5-Jan-12,610,618.59,605.5,610,4258982
4-Jan-12,597,605.5,591,594.5,2846049
3-Jan-12,600,613,597,604,3422829
30-Dec-11,592.5,598.1,584.62,592,822329
29-Dec-11,583.5,592.85,581.5,591.5,1780994
28-Dec-11,585.5,593.5,580.48,581.14,3202685
23-Dec-11,0,0,0,579.5,0
22-Dec-11,566.5,575,562.5,575,2724573
21-Dec-11,574,580,558,564.5,4274972
20-Dec-11,555.5,578,553,576,3617466
19-Dec-11,550,560.5,548.24,555.5,2541438
16-Dec-11,556,558.61,550,550.5,4119915
15-Dec-11,540,558.5,535.5,551,5867736
14-Dec-11,562,567.5,546.5,548,6028328
13-Dec-11,567,578,567,569.5,3301454
12-Dec-11,570,572,564.5,565,5834430
9-Dec-11,564.5,576.62,560,570,3798099
8-Dec-11,579,586,570,570,3950999
7-Dec-11,594,594.5,569.9,575,3767282
6-Dec-11,584,595.5,583.5,591,3124917
5-Dec-11,600,603,588.5,589.5,2477923
2-Dec-11,596,604.5,592,600.5,3841967
1-Dec-11,595.5,600.62,587.5,592,5307393
30-Nov-11,570,597.63,566.22,594,6023242
29-Nov-11,572.5,579.5,568.5,576.5,3854661
28-Nov-11,561,582.62,559.99,574,4789996
25-Nov-11,560,561.5,541.5,553,3503552
24-Nov-11,560,565.8,553.5,560,2695162
23-Nov-11,565.5,570,554,557,4298049
22-Nov-11,567.5,578.64,569.9,568,2891672
21-Nov-11,589.5,592,567.11,568,5151986
18-Nov-11,611.5,612,595,598,5275410
17-Nov-11,625,632,618.72,622.5,4787945
16-Nov-11,626,636,621.5,634,7596718
15-Nov-11,620,627,614.82,627,3642425
14-Nov-11,639.5,642,627,632,4438145
11-Nov-11,625.5,636.5,620,634.5,2703845
10-Nov-11,610,633.55,608.5,624,5580727
9-Nov-11,616,626,602.5,616,6210728
8-Nov-11,620,634.5,619,624,3230260
7-Nov-11,642,643,615.5,620.5,5218892
4-Nov-11,609.5,647.5,604.3,645,9015509
3-Nov-11,575.5,603,573,602,4516658
2-Nov-11,596,602,577,587,5173329
1-Nov-11,562,579,554.89,572,4151213
31-Oct-11,599,601.5,584.5,584.5,4304536
28-Oct-11,612,617.5,598,602.5,4592454
27-Oct-11,588,607.5,585.5,606.5,3823599
26-Oct-11,592,604,578,585.5,4207343
25-Oct-11,578.5,595,560,590,6349298
24-Oct-11,567,582.3,562,575.5,2987642
21-Oct-11,569,574,551.5,567.5,4241606
20-Oct-11,577,590.5,565.35,565.35,4283366
19-Oct-11,588,593,577.5,580.5,4834788
18-Oct-11,586.5,597.5,583,591.5,2959904
17-Oct-11,600.5,603,589.5,597,3318100
14-Oct-11,599.5,602.5,591,594,5822162
13-Oct-11,600,602,589,594,2589869
12-Oct-11,593,607,582.5,600.5,2364241
11-Oct-11,588,599.5,580,595.5,2874292
10-Oct-11,559,595,556,591,5600919
7-Oct-11,561.5,575,553,554.5,3906179
6-Oct-11,552,561.8,546,560,4526779
5-Oct-11,550,560,542,552,4936654
4-Oct-11,539,546.56,517,538.5,4978265
3-Oct-11,543,546.65,531,540,4584131
30-Sep-11,550,564.93,546.5,564,4109233
29-Sep-11,587,591.64,569.5,573,2633977
28-Sep-11,596,602.5,0,592,3266957
27-Sep-11,578.5,602,572,593,4559067
26-Sep-11,557.5,576.85,553.5,564,5316107
23-Sep-11,578,583.44,545.5,574.5,5755353
22-Sep-11,600,600,568,575,6022925
21-Sep-11,614.5,618.5,601.5,610,2591616
20-Sep-11,598.5,622.5,0,619,4577945
19-Sep-11,585,599.5,577.5,596.5,3948274
16-Sep-11,618,618,592,595,7192521
15-Sep-11,602,618.02,599.5,610,6589540
14-Sep-11,574,598.5,567,598.5,6352328
13-Sep-11,590,591.5,568,586.5,6667533
12-Sep-11,565.5,597,565,590,5250284
9-Sep-11,585,590.17,578,580.5,4968856
8-Sep-11,562.5,590.5,559,590,5617132
7-Sep-11,551.5,564.5,545.5,564.5,3996238
6-Sep-11,531,540.91,519,536,4083654
5-Sep-11,537.5,550.5,530,533.5,2000937
2-Sep-11,553.5,558.45,541.5,550.5,3065083
1-Sep-11,567.5,576,555.5,566,3858605
31-Aug-11,545,570.12,543.5,570,5337347
30-Aug-11,544,549,536,545,3158703
26-Aug-11,0,0,0,533,0
25-Aug-11,529.5,540.99,522,528.5,5124440
24-Aug-11,522,538,516,530,3880119
23-Aug-11,502,517,500,514,8573931
22-Aug-11,481,503,476.9,492,2264962
19-Aug-11,476.4,505.22,476.1,490,12498049
18-Aug-11,504.5,512.5,471.7,478.7,12127887
17-Aug-11,517.5,527,513,514.5,3248334
16-Aug-11,517.5,528,511,525.5,3154374
15-Aug-11,534,536.5,520,520.5,3507719
12-Aug-11,512,528.79,500,526,6084617
11-Aug-11,510,522.27,490,520,5168962
10-Aug-11,506,516.5,482,488.7,8327709
9-Aug-11,465,502.65,442.23,499.5,12818705
8-Aug-11,495.6,512.5,459.5,464,10359141
5-Aug-11,507.5,535.5,492.41,506,9240990
4-Aug-11,565,568.5,524.5,524.5,5929524
3-Aug-11,552,558,529.5,551.5,7361956
2-Aug-11,572.5,579,570,570,3151508
1-Aug-11,593.5,599.5,578,579,3379385
29-Jul-11,569,586.5,566,584,6206536
28-Jul-11,585.5,588.5,572,587,3437338
27-Jul-11,591,599.2,579.5,589,3950907
26-Jul-11,625,632,586,595.5,6200057
25-Jul-11,610.5,619,595.99,616,3509981
22-Jul-11,605,610,601,610,1998547
21-Jul-11,618,618,596.5,601,3888206
20-Jul-11,600,619,597,611,6027971
19-Jul-11,575,583.5,570.5,582.5,2786953
18-Jul-11,560.5,579,560,569,5092527
15-Jul-11,562.5,576.55,558.5,564,5339058
14-Jul-11,580.5,585,573,574.5,4236951
13-Jul-11,585,592.78,582,591.5,4549313
12-Jul-11,608.5,610,592,596.5,5746556
11-Jul-11,609,629,602,627.5,3812147
8-Jul-11,635.5,635.5,609,611,4266338
7-Jul-11,616.5,637,612.5,637,4995847
6-Jul-11,604,616,602.5,616,2242757
5-Jul-11,607,613,597,601.5,1900214
4-Jul-11,593.5,611,591.5,609.5,1588907
1-Jul-11,586,595,583,593.5,1731300
30-Jun-11,587,590.5,582,588,4584765
29-Jun-11,580,596.5,576.58,594.5,4445093
28-Jun-11,590.5,596,585,589.5,2490032
27-Jun-11,583,589,578,581.5,3036687
24-Jun-11,584.5,589.5,578.5,588,4424988
23-Jun-11,564.5,570.56,559.5,566.5,3749477
22-Jun-11,562.5,570.5,561,568,2475156
21-Jun-11,554.5,568.5,552,567.5,2333976
20-Jun-11,550,556.5,548.5,551,4528192
17-Jun-11,555,563.5,550,556,7165148
16-Jun-11,568,571.5,557,561.5,6276028
15-Jun-11,578.5,582,573.5,577,2418518
14-Jun-11,570.5,580,569.94,577.5,4237379
13-Jun-11,567,580.5,566,575,4172331
10-Jun-11,569,580,565.5,567.5,3988365
9-Jun-11,562,569.5,560.5,566.5,2690978
8-Jun-11,568.5,573.5,561.5,565.5,4253018
7-Jun-11,578.5,584,564.94,574,7555369
6-Jun-11,568,582,563,581.5,4185143
3-Jun-11,571.5,575.5,554.5,570,3954005
2-Jun-11,556.5,575,547.5,571,8518554
1-Jun-11,575.5,578.63,564.5,571.5,3532237
31-May-11,576.5,582,569,572.5,5108377
27-May-11,567.5,575,566,575,3930295
26-May-11,568.5,573,559,564.5,4927630
25-May-11,545,559,543,558,2949613
24-May-11,555,560,551,556,3704180
23-May-11,562,563.47,547.5,551.5,3675452
20-May-11,580,581.02,568,572,3187996
19-May-11,594,597,575.5,576.5,4511272
18-May-11,558.5,577.5,557,576,3615520
17-May-11,570,575.5,554.5,555.5,4302250
16-May-11,579,584,562.5,582,4250542
13-May-11,597,602,582.5,584.5,2605132
12-May-11,592,594.5,577.5,590.5,3854664
11-May-11,599.5,603.5,591,597.5,3769009
10-May-11,586,600.5,585.5,593,4737440
9-May-11,591,599,582.5,586,3793682
6-May-11,563,598.5,548.5,595,12504326
5-May-11,571,582,558.5,567,6971644
4-May-11,574,586.5,553,558,9921498
3-May-11,623,627.01,594,602,7204628
28-Apr-11,0,0,0,620.5,0
27-Apr-11,624,628,600.5,615.5,5472391
26-Apr-11,620.5,626.5,612,625.5,4742550
21-Apr-11,0,0,0,605,0
20-Apr-11,594,613.5,594,608,5072437
19-Apr-11,579,587.5,572.5,575.5,2864171
18-Apr-11,590,597.99,574,575.5,3599768
15-Apr-11,588,596.64,587.5,595.5,3171614
14-Apr-11,593.5,596.5,580.5,590.5,2689214
13-Apr-11,580.5,600,577.5,598,7602194
12-Apr-11,574,576.46,554,560,4908290
11-Apr-11,573,585,573,582.5,3219350
8-Apr-11,586,591,579.5,584,2252453
7-Apr-11,587.5,591,579,581.5,2630357
6-Apr-11,590,592.5,583.5,586,4968230
5-Apr-11,578,590,577.5,588.5,3784220
4-Apr-11,577.5,580.5,568,573.5,3195331
1-Apr-11,582.5,586,574,580.5,4006173
31-Mar-11,570,589,566,575,6478926
30-Mar-11,563.5,570,556,562.5,3348168
29-Mar-11,560,561.5,545,556.5,3258499
28-Mar-11,545,567.5,544,558.5,5469776
25-Mar-11,537.5,549.5,530.5,545,3758229
24-Mar-11,519,537.5,516.5,536,4260122
23-Mar-11,503.5,521.5,501.5,521,4063339
22-Mar-11,519,522,508.5,513.5,4506531
21-Mar-11,522.5,522.5,513.5,516,4052485
18-Mar-11,539,539,507.5,511,15512143
17-Mar-11,509,533.5,508,533.5,7232923
16-Mar-11,511,525.29,502.5,504,8727351
15-Mar-11,506,519.5,487.7,517.5,11916530
14-Mar-11,525.5,534,517.5,525.5,4957029
11-Mar-11,507.5,534,497.2,523,9659920
10-Mar-11,561,561.14,517.5,522.5,15667013
9-Mar-11,587,595.5,572,574,4979093
8-Mar-11,583.5,592.5,575,589.5,11859503
7-Mar-11,585,600.5,579,590,5564268
4-Mar-11,599.5,603.71,583.5,583.5,4451318
3-Mar-11,602,607,593,595,5045106
2-Mar-11,588.5,604,579,596,4048036
1-Mar-11,623,623,589.5,596,29310623
28-Feb-11,610.5,638,610,617,29687250
25-Feb-11,577,610.5,577,608,1374856449
24-Feb-11,560,580,553,573.5,2072062681
23-Feb-11,573.5,582.66,566,577.5,9989856
22-Feb-11,590,598,581,586.5,7416385
21-Feb-11,614.5,617.5,596.5,597,4681480
18-Feb-11,630,630,616,620,4610098
17-Feb-11,630,638.5,624.5,630,5532163
16-Feb-11,629.5,642.5,618.5,636.5,8486045
15-Feb-11,643,647.5,619,622.5,9669655
14-Feb-11,615.5,652,609.08,651,21250018
11-Feb-11,585,611,583,611,7694800
10-Feb-11,600,605.5,581,595,9148817
9-Feb-11,595,607,594,602,4773394
8-Feb-11,598,602.5,589,595,6907992
7-Feb-11,599.5,618.5,596.5,611,7574751
4-Feb-11,579,591,578,588,6720130
3-Feb-11,585,593.5,570.5,575,8523001
2-Feb-11,553.5,576,537,571.5,9067776
1-Feb-11,534.5,554.5,523.5,547.5,10102513
31-Jan-11,509,529.5,507,516,7165977
28-Jan-11,530.5,533.5,518.5,519,5764683
27-Jan-11,533,537,527.5,532,5082942
26-Jan-11,520,541,519.5,535.5,4941080
25-Jan-11,522,524.5,512,520.5,3499556
24-Jan-11,514.5,519,508.5,518.5,4116370
21-Jan-11,510,526,509,518,5568858
20-Jan-11,528.5,528.5,503,509.5,6774138
19-Jan-11,535,543,524.5,533.5,6523863
18-Jan-11,527,542.5,514.5,536.5,11248426
17-Jan-11,532.5,534,512.5,514.5,4098586
14-Jan-11,556,565,528,530.5,20377939
13-Jan-11,501.5,506,491.3,504,7893117
12-Jan-11,504.5,510,488.6,496.7,6859129
11-Jan-11,480.1,500,480.1,497.5,7939117
10-Jan-11,463,469.9,458.9,465,4754126
7-Jan-11,465.6,472.4,455.1,459.6,13297572
6-Jan-11,473.4,534.5,472.1,482,24931157
5-Jan-11,445,471.4,445,471.4,8249471
4-Jan-11,440,445.5,435.9,437.9,6295054
31-Dec-10,427.9,433.1,423.3,423.3,1169252
30-Dec-10,431.7,434.9,425.9,430.1,1857017
29-Dec-10,432.2,439.4,430.6,433.4,1776222
24-Dec-10,0,0,0,430,0
23-Dec-10,438.3,440.5,418.3,429.8,4381779
22-Dec-10,432.5,450.5,430,440.3,11896904
21-Dec-10,394.1,403.6,392.9,403.5,5931955
20-Dec-10,395.5,395.5,389.2,392.1,1847413
17-Dec-10,389.1,395.9,388.5,394,4880314
16-Dec-10,387.7,393.2,386,389.6,2682506
15-Dec-10,393.8,394.5,388.8,390.5,3447345
14-Dec-10,396.3,399.2,394.9,394.5,3976511
13-Dec-10,397.9,399.2,391.1,396.9,2319051
10-Dec-10,396.8,397.4,391.7,395.9,1946992
9-Dec-10,403.2,403.2,393.6,399.46,4173257
8-Dec-10,398.6,401,396.3,399.7,2877232
7-Dec-10,398.1,403,398.1,399.85,5058455
6-Dec-10,401.3,403.4,398,398.5,5206918
3-Dec-10,400,405.3,398.3,402.8,3403823
2-Dec-10,402.8,406,399.8,402.1,8225394
1-Dec-10,397.6,401.5,396,400,8201675
30-Nov-10,395,400.2,391.8,395.8,5055598
29-Nov-10,402,405.1,390.9,390.9,12356535
26-Nov-10,390.8,399.5,388.8,398.5,2703540
25-Nov-10,394.9,396.9,391.5,394,2371401
24-Nov-10,380.5,394.9,373.2,394.2,6152746
23-Nov-10,382.5,384.7,375.1,379.7,4196925
22-Nov-10,383.9,388.1,380.4,383.7,4826493
19-Nov-10,372.8,385.5,372.1,384.9,7620868
18-Nov-10,363.2,372.8,363.2,370.6,5553346
17-Nov-10,353.8,361.2,352.5,357.13,5163725
16-Nov-10,351.5,360.3,350,352.3,6545020
15-Nov-10,352.8,356.9,350.9,351.6,3742069
12-Nov-10,348.1,355.1,340.7,353.9,7535652
11-Nov-10,352,352,345.5,350.6,4615598
10-Nov-10,354.9,364.1,348.5,350.3,5647532
9-Nov-10,350.7,359.7,347.8,354.73,6804826
8-Nov-10,350,356.4,346.6,351,6966059
5-Nov-10,342.4,350.9,341.1,349.7,9528607
4-Nov-10,349.7,350.1,335.7,338.9,12872614
3-Nov-10,355.3,356.5,344,345.4,12780561
2-Nov-10,357.5,359.5,354.3,355.6,6528875
1-Nov-10,368.1,369.2,358.8,359.9,4104808
29-Oct-10,368.7,371.1,363.1,363.3,7075103
28-Oct-10,367,375.9,366.6,372,10222328
27-Oct-10,364.9,371.2,358,360.4,14219839
26-Oct-10,390,390,355.2,366.2,16346795
25-Oct-10,392.1,395.1,384.9,389.2,5706147
22-Oct-10,382.4,386.5,379.3,383.5,4262472
21-Oct-10,383.6,389.5,379.4,382.2,7386959
20-Oct-10,384.9,389.1,376.5,385.6,8772698
19-Oct-10,390,391.7,386.1,388.7,6133962
18-Oct-10,383.9,401.3,382.1,399.1,5971805
15-Oct-10,388.8,389.5,384.8,388,5064736
14-Oct-10,385.5,390.4,380.1,388.2,6857390
13-Oct-10,383.5,389.7,380.8,382.3,8151223
12-Oct-10,380.6,380.6,370.8,375.7,8041895
11-Oct-10,378.8,381.9,370,376.7,6229026
8-Oct-10,390,391.5,380.8,382,6113118
7-Oct-10,389.3,391.1,380.1,387.9,8728527
6-Oct-10,403.2,404.4,384.6,389.3,6934669
5-Oct-10,400.9,403.9,397.2,400,5204303
4-Oct-10,403.5,405.9,400.2,401.5,4384297
1-Oct-10,396.4,407.7,391.5,405,7790254
30-Sep-10,402,405.6,390.7,392.2,12044357
29-Sep-10,407.9,408,400.1,402.8,7175920
28-Sep-10,408,408.8,399.2,404.3,6075996
27-Sep-10,415.1,419.5,408.1,409.5,6153753
24-Sep-10,392,417.5,390.8,414.6,17225441
23-Sep-10,387.1,390.8,379.9,390.8,7119056
22-Sep-10,393.2,393.3,385.9,386.7,3742059
21-Sep-10,398.7,400.7,391.7,392.4,4354608
20-Sep-10,393.9,395.7,390.4,394.65,5342051
17-Sep-10,397.5,401,389,390.6,19614486
16-Sep-10,389,391.5,385.5,389.4,5498794
15-Sep-10,389.5,391,383.3,386.8,9154461
14-Sep-10,403,403.1,377.4,389,15564839
13-Sep-10,407,409,398.8,405,6526104
10-Sep-10,402.3,408.3,398,399.4,10747153
9-Sep-10,385.5,416.4,385.5,403.2,15890179
8-Sep-10,366.3,389.1,363.5,387.7,11843131
7-Sep-10,370,371.2,360.3,366.3,5336628
6-Sep-10,370,372.5,367.2,370.6,2788394
3-Sep-10,361.3,374,359.8,367.5,9404743
2-Sep-10,363.1,366.2,357.5,360,10416303
1-Sep-10,362,381,360,374.1,9566205
31-Aug-10,339,366.8,338,366.8,19228135
30-Aug-10,0,0,0,337.8,0
27-Aug-10,333,338.8,326,337.8,10545355
26-Aug-10,337,342.5,331.8,333,14938582
25-Aug-10,328.3,342,326.4,331.8,9195311
24-Aug-10,326.4,330.6,324.5,330,5574508
23-Aug-10,322,329.3,320.2,327.7,7158158
20-Aug-10,321.3,323.7,318.8,321.2,4338065
19-Aug-10,317.7,330.6,317.6,320.3,7733025
18-Aug-10,319.9,325.6,313.9,314.2,4114589
17-Aug-10,306.3,320,306.1,320,6311841
16-Aug-10,309.7,310.9,301.8,307,4751729
13-Aug-10,308.9,312.2,306,308,4214623
12-Aug-10,307.9,313,303.4,308.8,4984171
11-Aug-10,313.5,314.4,301.8,305.8,6609931
10-Aug-10,317.5,319.3,310.2,317,5157416
9-Aug-10,318.3,320,316.5,318.2,2951450
6-Aug-10,329,329,314.5,316,4221472
5-Aug-10,319,328.6,316,321.5,9827320
4-Aug-10,316.2,318.5,311.7,315.5,7284785
3-Aug-10,324,325,308.3,312.1,10692336
2-Aug-10,330,333.3,329.1,332,6032195
30-Jul-10,333.5,333.5,327.2,328.2,4191085
29-Jul-10,335.4,339.9,327,331.8,4670102
28-Jul-10,339.3,339.5,329.2,335.5,6324112
27-Jul-10,335.1,350,332.1,333.9,17654993
26-Jul-10,351.6,370,339.4,346.1,15860719
23-Jul-10,318.4,354.7,316.9,353.3,17288564
22-Jul-10,306.5,316.7,306,316.5,4489956
21-Jul-10,304,313.4,303.8,308,5331781
20-Jul-10,304.2,304.2,295.9,300.5,5654169
19-Jul-10,301.4,308.3,297.5,300.9,5437959
16-Jul-10,309.3,312.9,303.7,304.1,7175957
15-Jul-10,319.2,320,308.6,310.8,12567391
14-Jul-10,315,325.3,313,318.5,7158564
13-Jul-10,301.7,313.8,301.4,308.9,9664305
12-Jul-10,298,302.4,294.1,299,6620584
9-Jul-10,291.4,297.4,287.7,295.5,8598129
8-Jul-10,287.6,290.7,285.2,290.4,9923942
7-Jul-10,269.5,280.6,269.5,280.6,4226736
6-Jul-10,271.6,275.8,270.7,273,6117804
5-Jul-10,270.1,275.7,270.1,270.9,2945983
2-Jul-10,273,273.7,269.6,270.5,4283492
1-Jul-10,274.5,283.1,270.4,272.3,8521285
30-Jun-10,279.3,281.2,276.7,277.5,8888501
29-Jun-10,281.3,284.4,278.1,279.3,5302164
28-Jun-10,281.2,284.6,278.5,284.6,3953953
25-Jun-10,285.9,286.4,281,281.1,3216640
24-Jun-10,287.5,290.4,282.3,284.7,6932707
23-Jun-10,285.1,288.4,282.7,284.9,2573047
22-Jun-10,287.8,290.5,284.9,289.5,5542150
21-Jun-10,293.6,294,288.4,291,6300814
18-Jun-10,288.7,290.9,288.6,290.2,15744858
17-Jun-10,289.6,291.2,287.7,289.7,6080421
16-Jun-10,293.3,294.7,280.3,288.99,10282183
15-Jun-10,289.1,292.3,289.1,292,8869160
14-Jun-10,294.5,296.9,291.2,293,8574020
11-Jun-10,276.6,290.9,272,289.4,19420616
10-Jun-10,273.4,362.4,272.1,290.1,54725603
9-Jun-10,264.8,274,261.4,274,11867870
8-Jun-10,269.7,274.2,262.3,264.3,16172657
7-Jun-10,261,274.2,260.6,272.8,13710211
4-Jun-10,267.6,274.9,263.6,264.6,12578664
3-Jun-10,258.5,268.1,258.5,267.9,15429912
2-Jun-10,250.1,256,249,255.2,8608470
1-Jun-10,247,253,245,252.5,11249944
31-May-10,0,0,0,246.2,0
28-May-10,245,248.7,243.7,246.2,12420364
27-May-10,240.4,244.4,236.6,241.81,16237559
26-May-10,233.9,241.9,232.1,239.5,79962131
25-May-10,231.2,233.3,225.6,228.4,25108897
24-May-10,238.3,243,236.3,242.2,12185365
21-May-10,232.3,237.9,228.7,237.2,20255742
20-May-10,240.1,243,228.5,233.6,20705122
19-May-10,244.9,246.2,237.1,237.1,11244680
18-May-10,250.6,251.8,246.2,249.3,7232620
17-May-10,239,248.9,238.3,247.7,8362241
14-May-10,251.9,253.2,241.4,241.5,11586256
13-May-10,250.5,255.5,250.5,254.7,6109762
11-May-10,244.8,250.2,243.7,247.56,14696047
10-May-10,238.2,249.3,236.8,248.9,15203506
7-May-10,235.7,240.2,227.5,230.5,15589623
6-May-10,242.7,249.4,241.8,244.3,8120989
5-May-10,250.5,251.6,244.6,246.2,9261834
4-May-10,254,260.9,249.2,250.3,10924589
3-May-10,0,0,0,256.3,0
30-Apr-10,252.3,259.6,252.3,256.3,7652504
29-Apr-10,245,255,243.2,254.9,7021240
28-Apr-10,249.2,256.1,242.6,248.1,10579274
27-Apr-10,257,259,251.4,251.8,11941659
26-Apr-10,257,263.7,255.3,258.6,10195069
23-Apr-10,259.9,259.9,252.6,254.4,9717496
22-Apr-10,249,260.8,247.7,258.9,15174423
21-Apr-10,251,257.2,248.5,250.5,14352685
16-Apr-10,242.1,245,237,237,10955268
15-Apr-10,234.1,240.5,234.1,240,4435972
14-Apr-10,234.5,237.6,232.3,235.5,8131353
13-Apr-10,235,235.1,231.6,232.2,7661298
12-Apr-10,241,241.5,233.5,234.8,10480546
9-Apr-10,242.7,244.5,241.9,244,2644318
8-Apr-10,242.7,244.7,238.5,240.5,4436728
7-Apr-10,246.2,247,242.3,242.9,4655489
6-Apr-10,241.9,246.3,241.9,246.3,4297357
5-Apr-10,0,0,0,240.9,0
2-Apr-10,0,0,0,240.9,0
1-Apr-10,237.7,242.4,237.7,240.9,6505419
31-Mar-10,234,239.2,234,238.3,6929906
30-Mar-10,237.8,241.5,236.6,237.7,5767622
29-Mar-10,238,243.3,236.3,238.7,4670305
26-Mar-10,235.7,239.1,235.7,237.3,3222061
25-Mar-10,232.6,237.7,231.2,237.1,4534785
24-Mar-10,232.5,234.8,230.7,233.2,5581696
23-Mar-10,226.5,232.1,226.5,231.5,4385301
22-Mar-10,225.4,226.5,222.3,226.5,4858961
19-Mar-10,227,228.9,224.2,225.1,11059587
18-Mar-10,226.9,229.7,226.4,227.2,4325003
17-Mar-10,225.1,228.7,225.1,228.2,5416473
16-Mar-10,223,224.9,222.8,224.3,5489972
15-Mar-10,225.2,226.6,222,222.5,7522352
12-Mar-10,228.1,229.3,226.2,227.2,5520968
11-Mar-10,230.7,231.9,226.2,227.5,7599757
10-Mar-10,229.3,230.6,225.8,230.6,7395717
9-Mar-10,231.7,234.2,228.5,229,10463330
8-Mar-10,232.4,235,228.7,230.5,6178054
5-Mar-10,225.1,233.7,225.1,232.9,8463936
4-Mar-10,219.8,227.6,219.2,226.02,18366368
3-Mar-10,218,222.6,218,222.4,12242782
2-Mar-10,211.1,219.3,210.1,218,18374719
1-Mar-10,205,209.7,203.7,209.1,7303283
26-Feb-10,202.5,204.4,201.7,203.8,9638700
25-Feb-10,202.7,204.2,199.4,200.2,8340897
24-Feb-10,202,203.7,201.4,203,5829849
23-Feb-10,208.2,209.2,201,201.9,6434540
22-Feb-10,204,208.1,203,207.1,10619226
19-Feb-10,199.9,203.1,199.6,202.7,8228784
18-Feb-10,199.2,202.7,198.1,202.3,3804474
17-Feb-10,200,202,197.6,200.2,10024516
16-Feb-10,196,199.7,194.9,199.5,9120592
15-Feb-10,197.6,198.6,193.8,194.9,5233067
12-Feb-10,200.1,201.1,193,197.4,14416189
11-Feb-10,197.5,200.2,197.4,199.6,13314723
10-Feb-10,200.2,200.8,196.2,197.3,19486736
9-Feb-10,201.2,204.5,198.2,199.7,14613325
8-Feb-10,203,204,197.4,202,11400828
5-Feb-10,202.9,205,195.7,205,59561177
4-Feb-10,205.4,208.6,203.8,205,16643084
3-Feb-10,203,205.9,199.9,205.2,15041117
2-Feb-10,191,201.9,186.7,200.3,29619357
1-Feb-10,189.1,191.3,188.4,189.8,17990146
29-Jan-10,187.8,195.7,187.8,194.3,12616666
28-Jan-10,200,205,189.9,190.7,18809731
27-Jan-10,190.9,194.1,189.1,193.6,9894438
26-Jan-10,188.2,192.1,188.2,191.6,7005563
25-Jan-10,188.9,191.3,188.4,189.4,7631097
22-Jan-10,188.3,192.3,188.3,189.3,6283349
21-Jan-10,189.1,191.1,188,188.8,5956532
20-Jan-10,187.2,191,187.2,188.5,7398992
19-Jan-10,185.9,189.6,185.3,188.4,6087448
18-Jan-10,187.7,189.5,186.8,186.9,4817400
15-Jan-10,190.7,192.4,188.7,190,9284987
14-Jan-10,189.9,192.3,188.3,189.8,7651653
13-Jan-10,189.3,190.2,185.7,187.9,9751620
12-Jan-10,194.5,194.5,188.7,190.8,9818961
11-Jan-10,196.3,199.8,193.7,195,10177570
8-Jan-10,197.2,197.2,191,194.7,17418793
7-Jan-10,189.2,197.1,188.3,195.7,12154325
6-Jan-10,185.9,189.4,185.5,189.4,7571570
5-Jan-10,182.7,186,181.8,185.7,6057027
4-Jan-10,176.8,183.6,176.8,183.6,4025336
1-Jan-10,0,0,0,177.5,0
31-Dec-09,176.9,178.7,176.9,177.5,219674
30-Dec-09,178,180.5,177.1,178.4,1909277
29-Dec-09,172.6,177.3,172.6,176,2120834
28-Dec-09,0,0,0,175.2,0
25-Dec-09,0,0,0,175.2,0
24-Dec-09,171.6,175.2,171.6,175.2,331407
23-Dec-09,174.9,175,172.3,173.2,2705215
22-Dec-09,174.4,174.9,172.5,173.7,3699821
21-Dec-09,170.8,173.7,168.8,172.7,3561414
18-Dec-09,169.5,172.7,169.5,170.3,7407949
17-Dec-09,171.1,172.6,170.1,170.4,5071077
16-Dec-09,170.7,174,169.3,173.1,7108006
15-Dec-09,169.3,171.5,168.4,170.5,3889209
14-Dec-09,169,172.1,168.2,169.8,9103945
11-Dec-09,168.2,173.1,166.5,169.3,5334128
10-Dec-09,170.6,179,166.1,167.2,9572380
9-Dec-09,168.2,173.3,166.4,171.7,10547563
8-Dec-09,163.2,167.2,161.9,166.8,6269764
7-Dec-09,162.6,165.2,160.5,163.2,4228142
4-Dec-09,161.6,164.5,159.1,164.1,3404340
3-Dec-09,162.9,163.3,160.8,161.3,2344752
2-Dec-09,159.8,161.7,157.9,160.3,2531645
1-Dec-09,155.2,160.8,155.2,160.4,4139698
30-Nov-09,158.3,159.9,154.7,154.7,3187486
27-Nov-09,152.4,158.5,151.6,158.1,3555887
26-Nov-09,158.6,158.6,153.8,154.1,3504703
25-Nov-09,159.8,160,156.5,158.5,4660992
24-Nov-09,154.7,159.4,154.7,157.9,5028479
23-Nov-09,152.3,156.8,150.6,155,4582122
20-Nov-09,153.5,156.2,150.8,151.8,7306492
19-Nov-09,164.3,165,153.8,156,13866245
18-Nov-09,160.6,172.3,159.2,167.5,9364756
17-Nov-09,161.3,161.3,157.4,159.7,4974011
16-Nov-09,158.9,161.5,158.9,161.3,3770695
13-Nov-09,157.4,159.3,156,158.2,5384914
12-Nov-09,157.5,160,155.4,158.1,4664885
11-Nov-09,154.3,160.7,152,158.6,4838608
10-Nov-09,154,155.7,153,153.5,5482734
9-Nov-09,151.3,155.7,150,155.2,3628531
6-Nov-09,152.1,152.1,149.6,151.7,4017596
5-Nov-09,148.2,153.4,148.2,152.2,5295905
4-Nov-09,147.6,150.9,146.5,150.4,5300936
3-Nov-09,149.7,149.8,145.8,147,17394174
2-Nov-09,148.1,151.5,146.5,150.3,6228645
30-Oct-09,148.6,152,147.4,149,8318210
29-Oct-09,145,150.6,143,149,8631885
28-Oct-09,147.9,148.4,145,146.3,8921517
27-Oct-09,152.4,154,145.9,150,14731805
26-Oct-09,152.2,153,148.5,149.2,7448666
23-Oct-09,151.4,152.1,149.1,151,5259404
22-Oct-09,153.8,156,149,150.5,12456920
21-Oct-09,161.3,162.6,153.9,156,8589445
20-Oct-09,159.1,162.9,158.3,160.6,10224641
19-Oct-09,155,158.5,150.5,157.7,7505070
16-Oct-09,154.1,156.4,151.5,152.6,4572410
15-Oct-09,156.4,157.1,153,154.5,7229666
14-Oct-09,154.2,161.7,154.2,154.8,6748999
13-Oct-09,152.8,155,151.5,152,6413399
12-Oct-09,153,158.1,151.6,153.9,7051921
9-Oct-09,146.8,154.5,146.8,152.2,9581722
8-Oct-09,147,151.7,145.2,146.7,6885163
7-Oct-09,145,148.1,144.2,144.6,4629975
6-Oct-09,138.1,143.5,138,143.1,4761320
5-Oct-09,136,138.7,135.3,137.9,3881727
2-Oct-09,138,138.3,134.4,136.2,6000230
1-Oct-09,143.8,144.3,139.4,139.6,3923309
30-Sep-09,144.2,145.9,142.3,143.6,4525234
29-Sep-09,144.1,144.9,142.6,143.8,4463850
28-Sep-09,139.4,141.3,137,141,4325546
25-Sep-09,139.4,142.7,138,140.5,6757869
24-Sep-09,137.5,138.5,135,136.7,3729008
23-Sep-09,136.5,139,135.6,138.2,4133728
22-Sep-09,137.9,138.5,135,136.1,2872462
21-Sep-09,134.7,137.7,134.7,137.3,3296712
18-Sep-09,134.8,136.3,132.9,135.7,5797127
17-Sep-09,137.4,137.4,132.7,134.9,6723308
16-Sep-09,136.2,139,135,136.6,2783222
15-Sep-09,135.5,137.5,135,135.4,2645313
14-Sep-09,135.5,137,134.1,135.8,3983572
11-Sep-09,136.5,143.8,134.1,137.6,14247043
10-Sep-09,135,138.3,132.5,134.8,4893448
9-Sep-09,132.5,134.6,131.4,134.1,4214034
8-Sep-09,130.1,132.6,129.1,132.3,10154859
7-Sep-09,129,131,127.6,130.4,5969243
4-Sep-09,125.6,127.3,124.3,126.9,3557905
3-Sep-09,124.7,126.7,123.8,124.4,3835422
1-Sep-09,129.5,131.1,126.2,127,6683127
28-Aug-09,128.7,133,128.7,130.9,13938442
27-Aug-09,126.3,128.5,125.1,128.2,5755358
26-Aug-09,125.6,126.6,125,126,4294833
25-Aug-09,126.6,128.9,125.7,126.1,4780472
24-Aug-09,127.1,128.7,125.7,127.4,2127698
21-Aug-09,124.8,128.3,124.8,127.4,423314
20-Aug-09,125.4,126.3,124.8,125.3,861058
19-Aug-09,124,125.3,122.5,124,858691
18-Aug-09,121.6,125.2,121.6,124.5,1300982
17-Aug-09,122.2,125.3,120.5,120.6,854771
14-Aug-09,123.2,124.6,121.3,122.2,4150757
13-Aug-09,124.3,126.9,122.4,123.6,2380916
12-Aug-09,123.3,125.7,122.6,124.6,1194370
10-Aug-09,125.1,128.1,123.9,126.7,556734
7-Aug-09,124.5,126.4,121.6,126.3,3556455
6-Aug-09,127.1,127.1,124.1,124.9,1047948
5-Aug-09,129.5,129.5,125.2,125.4,558199
4-Aug-09,128.8,129.7,125.6,129.5,3611431
3-Aug-09,127,129.8,126.5,128,1711877
31-Jul-09,128.5,130,126,126.25,5705413
30-Jul-09,127,133.75,125.75,129.5,1083163
29-Jul-09,129,130.25,124.5,126.5,646526
28-Jul-09,129.25,130.75,124.25,128.75,2899382
27-Jul-09,128,133.5,125.75,132.25,5183000
24-Jul-09,129,130,126,127,1155025
23-Jul-09,130.75,131.75,129.25,130,1843002
22-Jul-09,129,130.75,127.75,130,1211399
21-Jul-09,128.5,129.5,127,128.5,2497704
20-Jul-09,129,129.5,126.75,127.5,614782
17-Jul-09,128,129,126,126,625342
16-Jul-09,130.25,131.5,125.75,126.5,1048449
15-Jul-09,127.25,132.5,127.25,130.5,2259657
14-Jul-09,124.5,125.5,122.25,125,845669
13-Jul-09,122.5,124,122,123.75,3249967
10-Jul-09,119.25,123.25,118.5,122.25,4145284
9-Jul-09,118.5,119,116.75,117.5,1361910
8-Jul-09,117,119.5,116,117.5,1628542
7-Jul-09,118.25,120.75,117.75,117.75,863905
6-Jul-09,120,120.25,118,118.75,1335741
3-Jul-09,121.25,121.25,119,120.5,435511
2-Jul-09,121,122.25,119.75,120.5,484124
1-Jul-09,119.5,120.5,118.5,120,1342552
30-Jun-09,119.75,120.75,119.25,119.75,1924777
29-Jun-09,118.5,119.75,117.5,119.1,2010235
26-Jun-09,116,118.75,116,117.75,732205
24-Jun-09,109.25,112.5,108.75,111.75,728215
23-Jun-09,108.5,111.25,108,109.25,1378738
22-Jun-09,111.75,112.25,109.25,109.75,966545
19-Jun-09,108.75,114,108.75,112.75,8872223
18-Jun-09,106.75,109.25,106,107.75,1459925
17-Jun-09,107.5,109,106.25,107,2113440
16-Jun-09,108.25,109.25,107,108,1335715
15-Jun-09,109,111.25,107.5,108.25,2510850
12-Jun-09,105.75,110,105.5,108.25,7686640
11-Jun-09,107,108,104,105.25,1217862
10-Jun-09,109,110.75,106.5,106.5,2102726
9-Jun-09,108.25,111.25,106.25,107.5,3828753
8-Jun-09,106.5,108.75,106,107.75,1186264
5-Jun-09,105.25,109.25,105,106.5,4306035
4-Jun-09,103.25,105,103.25,104.5,860305
3-Jun-09,109.25,109.25,103,104,3294040
2-Jun-09,107.75,109.25,107.25,108.5,8213825
1-Jun-09,107,108,104,107.25,661578
29-May-09,108.25,109.75,106,106.25,846221
28-May-09,107.25,109,105.25,106.75,724945
27-May-09,107.75,112.25,106,109.5,2746585
26-May-09,110.25,110.75,103.25,106,2765680
22-May-09,113,113.75,110.25,110.5,845084
21-May-09,117.5,118,111,112,726220
20-May-09,118,121,116.5,118.5,3244924
19-May-09,116.25,118.5,115.25,117.5,554909
18-May-09,108.5,115.25,108.5,114.75,1118053
15-May-09,109,111,107.25,109.75,1140196
14-May-09,108.25,110,105.75,107.5,1135630
13-May-09,109.75,114.25,108,109,1430141
12-May-09,104.75,110.5,104.75,108.75,998923
11-May-09,107,107.75,103,105.75,1431414
8-May-09,113.75,114.25,105.75,107,1991639
7-May-09,115.5,116,111.5,112.5,1680744
6-May-09,121.5,122,113.75,114.75,6527332
5-May-09,122.75,124.75,120,121.75,530094
1-May-09,117.25,121.25,115.75,118.25,1445982
30-Apr-09,117.5,122,114,120,1233430
29-Apr-09,113.25,117,112.5,116,1630637
28-Apr-09,115.25,117.5,113.5,116,2149112
27-Apr-09,114,118.25,114,116.5,2033201
24-Apr-09,116,117.75,115.75,116.25,1535678
23-Apr-09,115.75,119.25,115.75,116.25,2030833
22-Apr-09,116.25,118.75,114.25,116.75,818536
21-Apr-09,113.25,116.25,112.5,115,4240001
20-Apr-09,115.25,116.5,110.5,113.25,1015966
17-Apr-09,114.75,115.25,113.5,115,5859841
16-Apr-09,113,115.5,110.75,114.5,6516642
15-Apr-09,110.25,112.5,108.25,112.5,5468300
14-Apr-09,113.5,114.75,110.75,112.25,6762770
10-Apr-09,0,0,0,112.5,0
9-Apr-09,112,115,110.5,112.5,10603176
8-Apr-09,108.75,111.75,108.75,110,5066599
7-Apr-09,113,114.75,110,110.75,8222442
6-Apr-09,111.5,119.25,111.5,113,11554743
3-Apr-09,110.5,112.5,108.5,109.75,13919903
2-Apr-09,111,114.25,108.25,110,12371875
1-Apr-09,102.25,108.75,99,108.5,11308202
31-Mar-09,100.25,105.5,100.25,102.5,8326493
30-Mar-09,102,103,100.5,101.5,3761988
27-Mar-09,102.75,104.5,102,103,4670851
26-Mar-09,103.5,104.25,101,103,3495978
25-Mar-09,101,104.25,101,103.5,4145827
24-Mar-09,102.25,104.75,100,101.75,8322802
23-Mar-09,104.25,104.25,100,101,5516971
20-Mar-09,102,102.75,98.75,101.75,12089511
19-Mar-09,103.75,105.5,101,102.5,11919791
18-Mar-09,106.75,108,103.5,106,6764249
17-Mar-09,104.25,107.25,102,106,9919826
16-Mar-09,105.75,106.75,102.75,104.5,7426163
13-Mar-09,99,104.75,99,103.5,11888940
12-Mar-09,96,99.5,95,98.75,10197750
11-Mar-09,96,96.75,94.5,96,10798288
10-Mar-09,90,95,90,95,10638036
9-Mar-09,92,92,88.75,90.5,7556248
6-Mar-09,89.5,92.25,88.25,90,5691572
5-Mar-09,91.75,91.75,88.75,89.75,4007427
4-Mar-09,93.25,93.25,86.25,91.25,13200655
3-Mar-09,94,94.5,91.5,93,7072744
2-Mar-09,94.75,95.5,92.5,93.5,6407292
27-Feb-09,94.25,96,93.25,95.75,7694174
26-Feb-09,94,96.75,93.5,96.25,10984666
25-Feb-09,88.75,95,88,93.5,10569996
24-Feb-09,86,87.75,82.75,86.25,14950797
23-Feb-09,88,89,85.5,85.5,6752446
20-Feb-09,88,90.5,86.5,86.5,9811943
19-Feb-09,93.75,94.25,89.75,90,7859890
18-Feb-09,94,95,92,93.5,6782178
17-Feb-09,95,96.5,93,94,5541877
16-Feb-09,95.5,97.5,94.75,96,1512353
13-Feb-09,98.5,99.75,95,96.5,5215132
12-Feb-09,96.5,99.25,94.25,97.75,5991119
11-Feb-09,95,98.25,93.75,96.25,6642716
9-Feb-09,99.75,99.75,93.75,95.25,12007594
6-Feb-09,96.75,100.75,94.5,99.75,11514498
5-Feb-09,92.75,96,90.25,95.25,4930347
4-Feb-09,94.25,97.25,91.5,94.75,8811128
3-Feb-09,96,96,90,94.25,17940373
2-Feb-09,89.25,90.5,85.5,87,8270601
30-Jan-09,87.75,92.5,86.25,91.75,9277118
29-Jan-09,93.25,95,89.75,90,10956700
28-Jan-09,90,94.75,89.75,93.75,8178728
27-Jan-09,88.25,92.5,87,89.5,17277097
26-Jan-09,83.75,86.5,81.25,86.5,5364125
23-Jan-09,81.5,83.25,77.5,82.25,11228812
22-Jan-09,82.75,83.25,80,81.5,13577605
21-Jan-09,83.25,85.75,80.75,81.25,13689604
20-Jan-09,84,87.25,83,84.25,11462901
19-Jan-09,83,85,82.5,83.5,5412969
16-Jan-09,84.25,85.75,81.5,81.5,6705274
15-Jan-09,84,85.25,80.5,82.5,8847102
14-Jan-09,85.25,85.5,82,83,10347780
13-Jan-09,86.25,86.75,83.25,84.25,8382526
12-Jan-09,86.25,86.5,84.25,86,6442530
9-Jan-09,88.25,89.5,85,85.75,9565519
8-Jan-09,91,91,87,88.75,8401416
7-Jan-09,102,102,90.5,92.25,7352550
6-Jan-09,97.5,102.75,97,101.25,6068634
5-Jan-09,91,98.5,87.75,98.25,6098968
2-Jan-09,86.5,91,85.25,90.5,1785949
1-Jan-09,0,0,0,86.5,0
31-Dec-08,88,89.5,86,86.5,1328788
30-Dec-08,87,89.5,85.5,87.5,3627346
29-Dec-08,86,88,84.25,86.25,2609511
26-Dec-08,0,0,0,87.75,0
25-Dec-08,0,0,0,87.75,0
24-Dec-08,83,87.75,83,87.75,705751
23-Dec-08,83.5,88,83.5,85,2767941
22-Dec-08,85.75,86.25,84,85.5,2710494
19-Dec-08,85.5,86.75,82.75,85.5,11167620
18-Dec-08,89,89,85.25,86.5,3676386
17-Dec-08,86,88.75,84.5,88.25,5776032
16-Dec-08,84.5,87.25,83,86,4211483
15-Dec-08,87,88.25,83,84.25,4710684
12-Dec-08,83.25,87,82,85.5,5693208
11-Dec-08,88,88.75,85,85.25,5114709
10-Dec-08,88.5,89.75,85,88,6102173
9-Dec-08,84.5,88.75,81.25,87.5,7063058
8-Dec-08,86,92,84.5,86,5499531
5-Dec-08,82.5,85.75,82.5,83.75,6386723
4-Dec-08,84.75,86.75,83.75,84.5,10813573
3-Dec-08,89.5,89.5,84,85.75,8869456
2-Dec-08,89.25,90,85.75,88.25,5803351
1-Dec-08,94.75,95,88.75,90,5384109
28-Nov-08,95.5,95.75,90.75,95.75,4833073
27-Nov-08,94.25,96.5,93,94.5,2259759
26-Nov-08,89.5,96.75,86,94.25,6961726
25-Nov-08,96.75,99.75,92,93,7993873
24-Nov-08,92,98.5,88.5,97.75,7668327
21-Nov-08,93,93.5,88.5,91,10469161
20-Nov-08,83.5,89,82.25,89,14976716
19-Nov-08,92.25,92.5,85.25,86,5420451
18-Nov-08,91.25,91.5,85.5,88.25,8095142
17-Nov-08,88.25,92.75,88.25,90.25,3795662
14-Nov-08,98,99.75,90,90,8466465
13-Nov-08,93,93.75,89,91.5,15451929
12-Nov-08,100,103,94,95,5736363
11-Nov-08,99.75,100.25,95.75,98,7602078
10-Nov-08,106.25,107.75,100.5,102,6807619
7-Nov-08,99.75,106,99,104.75,11420396
6-Nov-08,106,106,99.75,100,7394430
5-Nov-08,110,110,101,106.25,6765896
4-Nov-08,103.25,111.5,102.25,109,9597775
3-Nov-08,98,103.75,96.5,101.5,5611559
31-Oct-08,97.75,100,92.5,96.75,8466484
30-Oct-08,103,105.5,95.5,99,9538610
29-Oct-08,100.5,104,96.25,100,7089859
28-Oct-08,88.75,97.5,86,97.5,16881651
27-Oct-08,80.5,83.75,75.75,80.5,7046039
24-Oct-08,83,85.75,81.5,82.75,14890259
23-Oct-08,89.5,90.5,84,86.75,6602344
22-Oct-08,83.5,89.25,83.5,88.25,4582962
21-Oct-08,89.75,90,86.25,88.5,11915055
20-Oct-08,89.5,91.25,86.25,90.25,4509548
17-Oct-08,85.75,89.5,84.5,88,7193802
16-Oct-08,79.75,87,77.5,84.25,7007158
15-Oct-08,90.25,91,84.25,84.5,10993890
14-Oct-08,93.25,98.75,86.5,88.5,6028752
13-Oct-08,91.25,92.75,87,90.75,7934568
10-Oct-08,78.25,90.25,78.25,87.5,9233386
9-Oct-08,86.5,94.25,86,89.25,10386592
8-Oct-08,87.25,95.25,84,89,22773297
7-Oct-08,91.75,94.5,88.75,90.25,11238459
6-Oct-08,96.75,96.75,87.5,89.75,10421738
3-Oct-08,101,101,95.25,99,14117260
2-Oct-08,97.5,102.5,94,98.75,11101902
1-Oct-08,97,99.25,95.25,98,8625929
30-Sep-08,97,103.5,92,95,26463248
29-Sep-08,100.75,102.25,96,97,10346061
26-Sep-08,108,108,100.25,101.5,12542960
25-Sep-08,107.5,110.5,105.75,107.75,9389196
24-Sep-08,108,109.5,103.75,106,8977115
23-Sep-08,108.5,109.5,104.25,105,12250636
22-Sep-08,117,121,108.5,110,15597322
19-Sep-08,138,138,116.25,118,18365336
18-Sep-08,110,115.75,106.5,113.5,11261132
17-Sep-08,117.25,119,109.5,110,15840765
16-Sep-08,103.5,117.5,103.5,115.5,27230326
15-Sep-08,103,109.5,101.5,108,11166227
12-Sep-08,105,109.25,105,107.25,11843174
11-Sep-08,110.75,111.25,106,106.75,11466990
10-Sep-08,111,115.25,109,111.25,15018096
9-Sep-08,111.25,113.5,108.25,111,11186301
8-Sep-08,109,114.75,109,112.25,3431335
5-Sep-08,110.75,111.75,102.5,106.5,16220729
4-Sep-08,114.25,114.5,110.75,111,8671964
3-Sep-08,118,120.75,113.75,114.5,10862363
2-Sep-08,115.5,123.5,114,121.5,9704749
1-Sep-08,110.5,118.25,109.25,116,7120279
29-Aug-08,111.75,113.75,110,111.5,7848324
28-Aug-08,110.25,113.25,108,111.75,4403694
27-Aug-08,112.25,112.25,108,109.75,6922617
26-Aug-08,108.75,112.5,106,111.25,5765256
22-Aug-08,106.25,110.25,104.75,109.75,5535109
21-Aug-08,105,106.75,104.5,106,2677221
20-Aug-08,106.75,109.25,105.25,106.75,5000374
19-Aug-08,107.25,109.25,105.75,106.75,5403227
18-Aug-08,109,110.5,107,109,5898339
15-Aug-08,107.75,111.25,107.75,110.5,4450846
14-Aug-08,109.25,111,106.75,108,7702381
13-Aug-08,108,111,106,109,7507128
12-Aug-08,109.25,110.5,107.75,110.25,6527383
11-Aug-08,109.5,112,108.5,110,7833892
8-Aug-08,100.75,111,99.75,109.5,12017053
7-Aug-08,103,103,98.75,102.25,7504000
6-Aug-08,101.5,106.25,100.25,103.25,10926221
5-Aug-08,97.25,101,95.75,100.25,6529077
4-Aug-08,98.25,99,95.25,96.5,5643986
1-Aug-08,94.5,97.25,93.5,96.25,8144434
31-Jul-08,98,98,94,96,7143157
30-Jul-08,95,97.5,94,95.5,6315946
29-Jul-08,88,96.5,86,92,7903888
28-Jul-08,92,92.75,89.25,90,4036515
25-Jul-08,91,93.75,88.5,92.5,8957351
24-Jul-08,96,97.75,88.5,92.25,15319894
23-Jul-08,95.25,97.25,92.25,95.5,8363439
22-Jul-08,90.75,94,88.5,93,9438316
21-Jul-08,98.25,98.25,94.5,94.75,11781185
18-Jul-08,96.5,101,95.25,98.5,12807134
17-Jul-08,87.75,99,87.75,97.75,17560696
16-Jul-08,87,87.25,84,85.5,12184103
15-Jul-08,88.25,89.5,85.25,86.75,7658513
14-Jul-08,88.75,91.5,86.5,89.75,7614437
11-Jul-08,90.5,91.25,86,87.75,8953125
10-Jul-08,89,92.5,87,89.75,8862497
9-Jul-08,87,90.75,85.75,90.5,10051401
8-Jul-08,84.75,86.5,83.75,86,8027717
7-Jul-08,87.5,88.5,85,87.5,6752543
4-Jul-08,86,86.75,83,83.25,4268651
3-Jul-08,82,85.25,79.25,85,11745997
2-Jul-08,85.75,87,82.25,82.25,19467079
1-Jul-08,85,86.75,82.75,86,15228421
30-Jun-08,87.5,90,85,85.25,8219409
27-Jun-08,86.25,87.75,83.5,87.25,13945107
26-Jun-08,86.75,88.75,84.5,84.75,9781440
25-Jun-08,85.75,89.5,85.5,88,9371473
24-Jun-08,88.25,90,83.5,87.25,10416729
23-Jun-08,89.75,91.25,88.25,88.75,6490845
20-Jun-08,92.75,94.75,88.25,90.5,14498195
19-Jun-08,92.25,94.5,91.25,92.75,7901646
18-Jun-08,94.25,94.5,92.25,93.25,8541597
17-Jun-08,94,96.5,93.75,94.25,12932226
16-Jun-08,95.75,96.5,92.25,94.25,7932800
13-Jun-08,93.5,96.75,91.5,95.75,8844326
12-Jun-08,96.75,99,91.5,93.5,26751793
11-Jun-08,100.25,103.25,95.75,97.25,14002214
10-Jun-08,100.75,103.75,100,100.75,10655335
9-Jun-08,104.25,104.75,101,102,6831335
6-Jun-08,102.5,109,102.5,104.75,14658494
5-Jun-08,103.5,106.5,103,104,7154614
4-Jun-08,103.25,105.75,101.25,103.5,10711692
3-Jun-08,102,104.75,101.75,104,7371454
2-Jun-08,104,106.5,101.5,102.5,11430152
30-May-08,100.75,106.25,99,103.5,60809764
29-May-08,103.25,103.75,99.75,101.25,13243281
28-May-08,101,105.25,99.75,103,12488021
27-May-08,102.75,104,98.75,101,10087048
23-May-08,105.5,106,102.5,102.5,6241979
22-May-08,105.75,108.75,104.75,106,8261535
21-May-08,106,108.25,104.25,107.25,9137847
20-May-08,112,112.5,105.75,105.75,9141124
19-May-08,110,113.75,110,113.25,6822159
16-May-08,107.75,110.75,107.5,110.5,13233284
15-May-08,105.75,107.75,104.5,106.75,6580409
14-May-08,105.5,107,102.75,105.75,7686080
13-May-08,108.75,109.75,105,105.5,9391162
12-May-08,106.75,108.75,105.5,108,4749169
9-May-08,104,107.5,104,106.75,8903659
8-May-08,107,107.25,103,105,14870119
7-May-08,108,111,105.75,109.75,17505460
6-May-08,105.75,112.75,105.75,110.25,17491544
2-May-08,103,107.75,102.5,107.75,15136623
1-May-08,100.75,102.25,98,101.25,5562985
30-Apr-08,98,102,98,101,9954723
29-Apr-08,90.5,101,90.5,100,26580354
28-Apr-08,89.75,91.5,88,88.5,8642406
25-Apr-08,89.5,90.75,88,89.75,10513515
24-Apr-08,88.5,90.25,88,89,8382802
23-Apr-08,89,90,87.25,89,8626335
22-Apr-08,89.25,91,87.75,88.5,10017327
21-Apr-08,90,93,89,90.5,6865406
18-Apr-08,85.5,91,83.5,90,9787575
17-Apr-08,89,91,83,85.25,14707649
16-Apr-08,85.75,89.25,85.75,88.75,10164743
15-Apr-08,88,89.25,84,84.5,8739356
14-Apr-08,87.25,89.75,86,87.75,4076100
11-Apr-08,90.25,92,88,88.75,6780588
10-Apr-08,90.5,90.75,87.5,90.25,10013209
9-Apr-08,91,93,89.75,90.5,9617944
8-Apr-08,92.5,94.5,89.5,92,10898205
7-Apr-08,92.5,95.75,91.75,94.25,11756140
4-Apr-08,90,91.25,89.25,90,9946458
3-Apr-08,95.75,95.75,89,90.5,10008055
2-Apr-08,95,96,91.75,94,9336597
1-Apr-08,87,94.75,87,94,13062522
31-Mar-08,84.25,88.25,83.75,88,7975457
28-Mar-08,86,86.25,84.25,85.75,8838518
27-Mar-08,88,89,86.25,87.5,7333657
26-Mar-08,86,88.5,86,87.5,5588855
25-Mar-08,85.5,87.25,84.25,86,10715171
20-Mar-08,81.25,86,81.25,83.25,14963103
19-Mar-08,86,86,80.75,82.5,16422778
18-Mar-08,81.25,86.5,79,84.75,11043734
17-Mar-08,82,82.75,78.25,79,5360576
14-Mar-08,85.75,86.5,83,83.5,12049362
13-Mar-08,82,84.75,81.75,84,8939487
12-Mar-08,83.25,85.5,82,84.5,8700016
11-Mar-08,84,84.25,79,81,25123518
10-Mar-08,85.5,85.75,82.25,82.5,15379662
7-Mar-08,86.5,89.25,85.25,86.5,11051339
6-Mar-08,89.75,91.75,87,90,14155226
5-Mar-08,88.25,89.75,87.5,89,8054073
4-Mar-08,88,90,86.75,87.75,14123778
3-Mar-08,88.25,91.25,87.5,89.5,13945784
29-Feb-08,92.5,94.5,90,90.75,12807713
28-Feb-08,97,98.5,93,93.5,10863048
27-Feb-08,100.5,100.5,95.75,98.25,18605760
26-Feb-08,99.25,101.25,98.5,100.75,8217245
25-Feb-08,98.75,100,98,100,7374667
22-Feb-08,94,98.5,94,97.5,8873094
21-Feb-08,96,97.25,94.25,95.5,12216323
20-Feb-08,97.25,98,93.25,93.5,15093295
19-Feb-08,97,100.75,96.5,99,10092230
18-Feb-08,99.75,99.75,97.25,97.75,8439315
15-Feb-08,98,100.25,96.75,98.25,9162224
14-Feb-08,99.5,100,97,99.5,15939777
13-Feb-08,97.75,98.25,95,97.75,7362051
12-Feb-08,95.5,97.75,93,97.25,10836138
11-Feb-08,93.75,98,93,95.25,13648817
8-Feb-08,93,96.25,92.25,95,24152402
7-Feb-08,95,95.25,91,93,24070792
6-Feb-08,95.5,97.5,92.25,95,24257298
5-Feb-08,105,105,94,94.25,55077111
4-Feb-08,119.75,120.5,112.75,118,14498549
1-Feb-08,116,122.25,116,118.25,16677025
31-Jan-08,118,121,110.5,116,13213399
30-Jan-08,118.5,120,113.25,119.5,13339136
29-Jan-08,119,121.75,118.25,120,10717046
28-Jan-08,121.25,122.5,115.25,116.75,12926602
25-Jan-08,122.25,127.25,117.5,124.5,28227687
24-Jan-08,111,121,111,119,24652571
23-Jan-08,110.75,114,106,108,20005027
22-Jan-08,98.75,110.25,97,108.75,23051700
21-Jan-08,107.5,108.75,102.25,102.25,11530258
18-Jan-08,108.75,111.75,104.5,110,10394391
17-Jan-08,104.75,114.75,104.75,107,14115525
16-Jan-08,101.75,103.75,97.25,101.75,11218266
15-Jan-08,107.25,108.75,102.25,103.5,7563194
14-Jan-08,107,110.75,106.75,108,9678328
11-Jan-08,106.75,108.75,104,108.25,13786167
10-Jan-08,109.75,111.5,106,107,16587208
9-Jan-08,109.75,111.5,108.25,109.5,12717182
8-Jan-08,113,115.5,105.25,110.5,19682698
7-Jan-08,114.75,116,111,114.25,11528099
4-Jan-08,122.25,123.75,115.25,115.5,9104658
3-Jan-08,122.75,124.75,120.75,122,3930501
2-Jan-08,124.75,126,123,124,5056890
10-Aug-06,113.75,115.25,113.5,114.5,4392371
9-Aug-06,114,116.19,113.75,115.75,5269267
8-Aug-06,114.5,117.5,113.75,114.25,9882177
7-Aug-06,114.5,115.5,114,114.25,3493996
4-Aug-06,115,117.08,113.5,115.75,12835538
3-Aug-06,115,115.5,112.5,113.5,8476470
2-Aug-06,115,115.83,114,115.5,19184351
1-Aug-06,115.25,117,113.5,114.25,18199327
31-Jul-06,113.5,117,113,116.25,18700974
28-Jul-06,112,115,111.69,114.5,17378742
27-Jul-06,112,114.82,110.75,113.25,18872386
26-Jul-06,112.25,112.31,109.75,110.75,12669471
25-Jul-06,111,113.5,108.5,112,56013470
24-Jul-06,104.25,106.06,103,106,10661232
21-Jul-06,106,106,102,104.25,23632849
20-Jul-06,105,106.91,104.25,106.75,31191731
19-Jul-06,100.5,103.75,100,103.5,15386364
18-Jul-06,99.25,101.5,98.26,99,16377248
17-Jul-06,101.25,102.74,99.25,100.5,7549212
14-Jul-06,100.25,103.06,99.39,101.75,14842976
13-Jul-06,106.25,106.25,100.25,102.25,17255467
12-Jul-06,105.5,107.5,105.22,106.25,20725922
11-Jul-06,107.25,107.25,103.25,104,26082017
10-Jul-06,106,107.5,105.5,107,11613359
7-Jul-06,108.25,109.5,105.42,106.5,25111148
6-Jul-06,112.5,112.5,108.75,109,22681236
5-Jul-06,113.96,114.25,111.25,111.75,13181422
4-Jul-06,114,114.5,113.5,113.75,4754061
3-Jul-06,113.79,114.75,112,114.25,6921093
30-Jun-06,114.5,115,111.5,113.25,16204854
29-Jun-06,113,113.5,111,111.75,11508881
28-Jun-06,113.25,114.95,111.25,111.25,5106604
27-Jun-06,115.5,115.99,113,113.5,5708603
26-Jun-06,117,117.5,114.75,115,8740616
23-Jun-06,113.75,117.25,113,116,16068568
22-Jun-06,116,116.5,112.75,113.75,5653387
21-Jun-06,110.5,114.25,110.5,114,8490375
20-Jun-06,112,112.5,110.25,112.25,16712551
19-Jun-06,112.75,113,110.75,111.75,6760045
16-Jun-06,114.25,116,110.7,110.75,19124082
15-Jun-06,113,116.25,108.18,112.75,32725402
14-Jun-06,106.25,113.11,103.75,111.25,38690282
13-Jun-06,106.75,108.24,103.5,105,27571652
12-Jun-06,106.5,110.5,106.5,109.5,21464502
9-Jun-06,107,108.29,103.75,108,30059720
8-Jun-06,108,111.5,102.75,103.25,34797993
7-Jun-06,112.75,113,110.5,111.5,15506159
6-Jun-06,111.25,115.5,110.75,111.75,27123123
5-Jun-06,118.75,118.75,115.25,116,5592469
2-Jun-06,118,119.5,115,117.25,12980338
1-Jun-06,114.5,118.75,114.5,117,13047011
31-May-06,116.25,119,115.46,116,19639505
30-May-06,119,121.75,117.5,118.5,17109919
26-May-06,121.25,122.5,118.5,119.75,19430919
25-May-06,120.75,121.5,116,120.25,11113213
24-May-06,118.25,121,116,119.25,18321990
23-May-06,116.5,121.25,116.5,120.75,11685473
22-May-06,118,119,113.75,115.25,26735431
19-May-06,116.75,119.75,115.5,118.5,19987408
18-May-06,120,121.5,115.25,116,31413182
17-May-06,125,127.25,119.25,119.75,21633173
16-May-06,128.75,129.25,123,125,24209194
15-May-06,124,127.75,121.5,127.75,20504644
12-May-06,130,131.5,123.03,125.25,32875219
11-May-06,135.5,137,131,131.5,12130328
10-May-06,136.5,137.25,135.75,136.25,5961912
9-May-06,136.25,138.44,135.5,136.25,12322692
8-May-06,138.5,139.5,137,137.25,12043359
5-May-06,137.43,138.75,135.08,136.5,11227981
4-May-06,136,138.75,134.5,137.75,12985624
3-May-06,136.5,138,135,136,11498984
2-May-06,136,138.75,135.75,135.75,6722690
28-Apr-06,137,138.25,134.75,136,12680404
27-Apr-06,139,140.75,135.25,137.75,12223340
26-Apr-06,138,141.5,137,139.5,10390522
25-Apr-06,139,142.25,138.75,138.75,10552251
24-Apr-06,139,141.25,137,140,15445571
21-Apr-06,135.5,142.28,134.88,141,24077114
20-Apr-06,134,137.69,133.25,136,15180620
19-Apr-06,135,137.44,131.5,134.5,10260653
18-Apr-06,134,134,129.75,132.5,9715807
13-Apr-06,131.5,135,131.5,133.25,7131324
12-Apr-06,129.25,132,128.25,131.25,10511873
11-Apr-06,133.75,133.75,128.47,128.5,12884175
10-Apr-06,134.25,135,132.25,133.25,7336606
7-Apr-06,138.75,141,133.75,134.25,8580301
6-Apr-06,135,139.75,134,138.25,24585610
5-Apr-06,131,135.68,131,134.75,19461185
4-Apr-06,132,133.75,130,131.25,9373165
3-Apr-06,134.25,135,130.25,131.75,8655796
31-Mar-06,133,135.75,132.25,133.25,14639831
30-Mar-06,130.25,134.25,128.25,132.5,22831482
29-Mar-06,127.5,130.5,127.5,129.25,7580498
28-Mar-06,131,132.5,128.5,129,9564686
27-Mar-06,131,133.5,131,131.75,4304810
24-Mar-06,131,133,131,131.25,12719874
23-Mar-06,130.78,133,130,131.75,6790429
22-Mar-06,134,134,130,131.25,10276160
21-Mar-06,135.25,135.25,132.5,133.5,11543008
20-Mar-06,134.75,136.1,134,134.5,13777523
17-Mar-06,135,136,134.5,135.25,14336887
16-Mar-06,135,136.97,134.75,135.75,7919241
15-Mar-06,133,135.5,130.25,134.5,8201981
14-Mar-06,134,134,131.25,132.75,9625724
13-Mar-06,132.5,135.4,132.5,133.25,6407788
10-Mar-06,130,133.75,129.5,133,9023172
9-Mar-06,128.5,131.75,128.5,131.25,11839908
8-Mar-06,133,133,126.25,128.25,26848403
7-Mar-06,134,136.36,131,132.25,9702249
6-Mar-06,135.25,137.75,133.75,134.25,11581334
3-Mar-06,136.25,137.72,132.25,135.25,16655201
2-Mar-06,138,139,136.5,137.25,10271192
1-Mar-06,135.75,139,135.75,137.25,23546406
28-Feb-06,138.5,140.75,137,137.5,16422545
27-Feb-06,137.5,140.5,137.5,139.5,9068182
24-Feb-06,137.5,138.5,136,138,9878356
23-Feb-06,136.25,138.75,136.25,138.25,11344467
22-Feb-06,134.75,137.75,134.75,137,10144789
21-Feb-06,134.5,139.25,134.5,138,6897577
20-Feb-06,134.5,138.5,134.5,138,3066334
17-Feb-06,139.5,139.5,137,137.25,10692007
16-Feb-06,139,139.25,137.25,138.25,5241835
15-Feb-06,136.92,139.25,136.25,138.75,18839872
14-Feb-06,135.5,136.75,135.5,136,8617055
13-Feb-06,135.5,136.5,135.21,136,6412414
10-Feb-06,135.75,137.5,135.5,136.5,18216104
9-Feb-06,138,139.25,135.75,137.25,6806518
8-Feb-06,137,138.5,135,136.5,13047641
7-Feb-06,140.27,141.71,137.5,138.25,15631888
6-Feb-06,139.25,141.52,138.5,140.5,13098362
3-Feb-06,138.25,140.25,138.04,139.25,24855638
2-Feb-06,140,143.72,138.22,138.5,35369375
1-Feb-06,134.25,140.5,132.53,139.25,55146752
31-Jan-06,128,134,127.25,132.5,30122979
30-Jan-06,139,139.25,133.25,133.5,12662617
27-Jan-06,137,139,136.5,138.25,16162266
26-Jan-06,129.75,134.5,129.25,133.25,11784191
25-Jan-06,128,130,127,128.75,8862353
24-Jan-06,129,129.5,126.5,126.75,7684381
23-Jan-06,127,129.25,125.25,129.25,7979438
20-Jan-06,131.5,131.5,127.75,129,8843505
19-Jan-06,129.25,131.38,127.5,131,8224676
18-Jan-06,127,128.75,123,127.75,15921583
17-Jan-06,129.5,131,129.5,130,12252576
16-Jan-06,131,134.25,129.63,131.25,13750433
13-Jan-06,130.25,131.75,128,131.5,31433358
12-Jan-06,129.5,131.25,127.25,129.75,15942384
11-Jan-06,125.66,130.25,124.65,129.25,28419671
10-Jan-06,123,125.75,122,124.75,8481582
9-Jan-06,125.75,125.75,123,123.75,5225172
6-Jan-06,121.5,125.11,121.5,124.5,12556672
5-Jan-06,122.25,122.5,120.5,121.5,10202847
4-Jan-06,122.5,122.5,121.06,121.5,8329885
3-Jan-06,120.25,123,120,121.25,8059716
30-Dec-05,120.5,122.03,119.5,121,4968603
29-Dec-05,119.25,122.25,119.25,122,4178808
28-Dec-05,121.75,121.75,118.75,120,2703050
23-Dec-05,119,121.5,119,121,588340
22-Dec-05,118.75,120.38,118.75,119.5,6958811
21-Dec-05,118,120.25,118,119.25,19033205
20-Dec-05,119.75,119.75,118,118.75,5790741
19-Dec-05,121,121,119.25,119.5,7104494
16-Dec-05,119.25,121.25,118.75,120.5,8812921
15-Dec-05,120.25,124.75,118.94,119.75,23061464
14-Dec-05,121.5,122,120,121,7514871
13-Dec-05,123.5,124,121.75,122.25,7049622
12-Dec-05,124.75,125,123,125,7265930
9-Dec-05,124,124,121.5,123,10198222
8-Dec-05,125.75,126.39,123.75,125.5,7479734
7-Dec-05,127.25,127.75,125.5,126.5,8081412
6-Dec-05,125.75,127.75,125.5,126.75,10180815
5-Dec-05,128.75,129,125.5,126,12270486
2-Dec-05,123.5,128.75,123.5,127.75,22547921
1-Dec-05,123,124.03,122.75,123.25,11989592
30-Nov-05,120.5,123.19,119.87,122,13524145
29-Nov-05,120.5,121.75,119.75,120.25,7846760
28-Nov-05,120.25,122.25,120,121.5,11680691
25-Nov-05,121,121.5,120.44,120.5,6307714
24-Nov-05,121.25,123.07,120.25,120.25,7836877
23-Nov-05,120.18,123.5,120,122.5,11288556
22-Nov-05,122.75,122.75,119.25,120,8071122
21-Nov-05,119.75,121.25,118.85,121,4754479
18-Nov-05,120,121.75,119.5,120.5,13210287
17-Nov-05,120,120.5,118.25,119,12553703
16-Nov-05,121.25,121.25,118,120,20707186
15-Nov-05,119.25,124.5,118,121.5,30339915
14-Nov-05,118.25,120.75,117.3,120.5,9209323
11-Nov-05,119.5,120.25,117.25,118.25,5451471
10-Nov-05,117.25,119,116.25,117,10406008
9-Nov-05,118,119,116.05,117.25,8198977
8-Nov-05,115.75,118,115.55,117.75,14861638
7-Nov-05,116,117,113.75,116.75,16049306
4-Nov-05,115.25,117.75,114.25,116,11267996
3-Nov-05,112,116.25,111,115.25,21062498
2-Nov-05,108.5,111.5,108.5,109.5,6973344
1-Nov-05,107.75,110.25,107.75,109.25,19393865
31-Oct-05,105.25,109,105.25,108.75,10643200
28-Oct-05,105.25,106.75,103.25,104.25,17971153
27-Oct-05,107.75,108.25,104,104.5,18355532
26-Oct-05,108,109.25,105,109.25,11039259
25-Oct-05,108.5,109.75,107,107,9328360
24-Oct-05,108.97,109.84,106.6,108,8135634
21-Oct-05,105.25,109,104.5,107.75,24255573
20-Oct-05,104,106.78,101.5,106,28388082
19-Oct-05,103,103.75,100,101.5,36825389
18-Oct-05,108,110,103.5,104.75,96068809
17-Oct-05,115.75,118,114.5,117.25,19494072
14-Oct-05,111.75,115.5,111.75,114.5,19422944
13-Oct-05,112.75,114,110.98,112.5,14110147
12-Oct-05,114,116.73,109.81,114,10562966
11-Oct-05,116,116.5,114.75,116.25,6610421
10-Oct-05,116.75,117,115,115.75,7181201
7-Oct-05,114.25,116.5,113.75,115.75,17709552
6-Oct-05,113.75,117,112.75,114.75,17851988
5-Oct-05,116.5,116.5,114.75,115.5,10850424
4-Oct-05,118.25,119.25,117.25,117.5,9970772
3-Oct-05,118.5,119,116.26,118,8064344
30-Sep-05,116.5,118.5,116,117.5,11260151
29-Sep-05,118.7,118.7,115.25,115.75,12571609
28-Sep-05,116,119.75,115.72,119,19154752
27-Sep-05,116.94,117.25,114.75,115.75,14719255
26-Sep-05,113.5,118,113.25,117.5,10366458
23-Sep-05,113,113.98,112.25,112.75,13833213
22-Sep-05,113,114.07,112.08,112.5,14160095
21-Sep-05,113.75,115,112.7,113,18451617
20-Sep-05,117.25,118.02,114.1,115,31281305
19-Sep-05,118.25,119.25,117.25,117.5,8284845
16-Sep-05,116.25,118.25,115.5,118,12701679
15-Sep-05,118.25,118.75,116,117,8456442
14-Sep-05,119.25,120.25,117,118.25,11288483
13-Sep-05,120.5,120.75,118,119.25,7175083
12-Sep-05,120.75,121,118.75,121,6792533
9-Sep-05,118,121,117.75,120.5,25980211
8-Sep-05,117.25,117.75,116.5,117.25,5453569
7-Sep-05,116.25,118,115.85,117.75,11898338
6-Sep-05,114,116,112.8,115.75,22584876
5-Sep-05,112.41,114,111.59,113.75,13322809
2-Sep-05,114,115,112,112.5,17845051
1-Sep-05,115.25,116.5,113.5,113.75,16182437
31-Aug-05,115.5,117,114.25,115,12221449
30-Aug-05,115,117.25,113,116.25,11190667
26-Aug-05,116.5,117.25,115,115,8831678
25-Aug-05,117,118,115.25,116.25,13011099
24-Aug-05,118.25,119,117.5,117.5,8038948
23-Aug-05,118,120,117.87,118.75,8114050
22-Aug-05,117.55,120,117.4,118.5,10427599
19-Aug-05,118.5,119,117,117.75,11391862
18-Aug-05,120.25,121.15,117.5,119,31929178
17-Aug-05,122,122.5,120,120.5,20740457
16-Aug-05,122,123.75,121.5,121.75,10975527
15-Aug-05,120.31,122,120,121.75,6892325
12-Aug-05,122,123.16,120.25,120.75,11570984
11-Aug-05,121.9,122.75,120.5,122.25,6720704
10-Aug-05,121.75,123.75,119.89,122.75,8965083
9-Aug-05,123,124.25,121,121.25,13075806
8-Aug-05,124,125,122.75,123.25,4026695
5-Aug-05,123,126.15,121.75,124,13730499
4-Aug-05,121.25,123.5,121.25,123,17972511
3-Aug-05,120,123.25,120,122,15695652
2-Aug-05,116.98,121,116.98,120.75,8459979
1-Aug-05,120,120,116.75,117.75,7153571
29-Jul-05,120.75,120.81,118,119,4305728
28-Jul-05,119.5,121.75,119.5,119.75,6548586
27-Jul-05,119.95,121,119,119.75,11268300
26-Jul-05,119,121,118.5,120.25,15066829
25-Jul-05,119.5,120,117.5,118.5,4330650
22-Jul-05,118.75,119.75,118.25,119,5063579
21-Jul-05,118.5,120.25,117.75,119,15726868
20-Jul-05,115,118.5,113.75,117.75,17599899
19-Jul-05,116,120,112.25,115.5,128961222
18-Jul-05,122.75,123.5,119.15,120.5,23902968
15-Jul-05,123.75,125,121.75,122.5,14634338
14-Jul-05,122.5,125.63,122.5,124.5,17254985
13-Jul-05,123.25,124.25,121.5,122.25,9779398
12-Jul-05,123.25,123.81,121.25,122.75,14553401
11-Jul-05,120.75,123.25,120.75,122.75,14472439
8-Jul-05,117,120.75,116.75,119.75,16740382
7-Jul-05,116.25,117.06,111.31,116,15215586
6-Jul-05,116.75,118.25,115.25,116.25,31083800
5-Jul-05,114.75,115.75,114.07,115.75,7384990
4-Jul-05,113.5,114.75,113.25,114.5,6445695
1-Jul-05,112,115,111.93,113.5,7673749
30-Jun-05,113.5,115,112.5,113.25,27428998
29-Jun-05,115.25,116.25,112.5,113.5,26580912
28-Jun-05,115.75,117.87,114.5,115.5,54999052
27-Jun-05,117.75,118.25,115.5,115.5,11509942
24-Jun-05,120.5,121.06,118,118.25,19378720
23-Jun-05,121,124.75,121,121.5,34384076
22-Jun-05,118.5,121.75,117.59,121.5,21266878
21-Jun-05,116.5,118.5,116.25,118,15720368
20-Jun-05,116.45,116.5,115.03,116.25,5321597
17-Jun-05,115,117,115,116.5,7809493
16-Jun-05,116,116,114.27,115.25,16470174
15-Jun-05,117.25,117.25,114,114,11664824
14-Jun-05,116.5,117.25,115.6,116.5,9544428
13-Jun-05,116,116.75,114.25,116.75,10016002
10-Jun-05,112,125.4,111.81,116.25,39466631
9-Jun-05,109,111,108.1,111,6284362
8-Jun-05,110.5,112.75,109.2,109.5,6297186
7-Jun-05,107.29,111.25,107.15,111.25,9919093
6-Jun-05,108.5,108.5,107,107.5,6053269
3-Jun-05,109.5,111.25,107.5,108,11264653
2-Jun-05,109.5,109.75,108,109,10771597
1-Jun-05,107.75,109.8,107,109.25,15304936
31-May-05,108,108.78,107.06,108,11138558
27-May-05,108.25,110.25,107.25,107.5,11788393
26-May-05,106.5,109.5,106.5,108.5,8035969
25-May-05,107.75,109.55,106.5,106.75,49757383
24-May-05,108.7,108.7,106.5,107,12505640
23-May-05,106,108.75,106,108.5,14084609
20-May-05,107.5,107.88,106,106.5,7989436
19-May-05,106.25,108.75,106.25,107.25,12791372
18-May-05,106.25,108,105.25,107,11227470
17-May-05,106,106.25,104.75,105.25,9722524
16-May-05,102.75,106.75,102.5,106.25,16436660
13-May-05,101.75,103.25,100,103,12307287
12-May-05,101.75,103,100.8,102.5,13979351
11-May-05,100.25,102,98.5,101,16501877
10-May-05,101.75,102.25,99,100.25,12517529
9-May-05,102.25,102.25,99.25,101.5,23833015
6-May-05,100.75,101.5,99.75,101.5,14228134
5-May-05,98.5,102,98.5,101,24614822
4-May-05,98,98.5,96,98,13125335
3-May-05,96.25,98.66,95.75,97.5,20251307
29-Apr-05,96.5,98.06,95.25,95.75,9491193
28-Apr-05,98.75,98.75,94.75,97,13955712
27-Apr-05,99.5,100.5,96.94,98,12355064
26-Apr-05,101.25,101.25,99,100.5,25190070
25-Apr-05,101,101.25,99.75,100.75,5631870
22-Apr-05,99,101.44,99,101.25,27883671
21-Apr-05,95.75,99.5,95.56,98.5,35155133
20-Apr-05,95.5,96.5,94,96.25,59389798
19-Apr-05,98,99,94,94.25,38462104
18-Apr-05,98.5,99.25,95,96.5,23044449
15-Apr-05,98,100,95.91,99.25,33512647
14-Apr-05,99.25,100,98,98.25,21940577
13-Apr-05,100.5,101.25,99,100.25,15281812
12-Apr-05,101.25,102,99.25,99.5,22154576
11-Apr-05,101.5,102.75,101.5,102,11637176
8-Apr-05,101.75,102.75,101.5,102.5,20397616
7-Apr-05,101.5,102.25,98.5,102,29206679
6-Apr-05,101,103,100.25,101.5,23542872
5-Apr-05,103.5,104,98.5,101.75,43508503
4-Apr-05,103.5,104,102.5,103.25,5336964
1-Apr-05,105.24,106,103,104.5,6686354
31-Mar-05,106.5,106.94,105,105.25,15787016
30-Mar-05,103.5,106.28,102.5,105.5,12154934
29-Mar-05,104.5,105.06,103,104,10574474
24-Mar-05,104,106.53,103.5,105.5,15691261
23-Mar-05,103.25,104.75,100.3,103.25,22429493
22-Mar-05,104,105,102.75,103.75,14224056
21-Mar-05,105.75,106.22,103.5,103.5,10531482
18-Mar-05,106.25,107.67,105.25,106,17581472
17-Mar-05,106.75,107.25,104.88,106.75,13673734
16-Mar-05,110,110,105.25,106,13031090
15-Mar-05,110.25,111,109,109.5,4930218
14-Mar-05,110.29,111.5,109.6,109.75,3481202
11-Mar-05,111,112.25,109.75,110.25,7316541
10-Mar-05,112,112,109.25,109.75,6828710
9-Mar-05,111.87,114,111.56,111.75,7643714
8-Mar-05,112.5,114.25,111.5,112.5,12649330
7-Mar-05,114,114.25,112,113.25,6201418
4-Mar-05,113,115.5,112.5,114,11579783
3-Mar-05,110.5,114.25,110.4,113,23160022
2-Mar-05,110,111.07,107.72,110.75,11562995
1-Mar-05,107.75,110.5,106.75,110,11654906
28-Feb-05,108.5,109.5,107,108,17365650
25-Feb-05,105,108.5,104.68,108.25,29536706
24-Feb-05,104.5,105.25,102.5,104.25,12582525
23-Feb-05,104,104.75,102.3,103.75,13637514
22-Feb-05,104.58,106.53,102.25,104.5,24345705
21-Feb-05,103.5,106,103.25,105.5,16949706
18-Feb-05,104.85,105,103,104,8190334
17-Feb-05,105.25,105.75,104.5,104.75,11589969
16-Feb-05,106.75,107,105,105.5,26253020
15-Feb-05,105,107.78,104.08,106.5,22845647
14-Feb-05,105,106.75,103.75,104.75,31469150
11-Feb-05,104.75,106.5,103.05,104.25,14517123
10-Feb-05,105.5,106.75,104.12,104.5,10374036
9-Feb-05,107,107,105.29,106,22551573
8-Feb-05,107,107.25,103.54,106.75,16851333
7-Feb-05,105.25,107.5,105.25,106.75,43123656
4-Feb-05,105,105.75,104,104.75,14868582
3-Feb-05,102.25,105.5,101.75,105.5,43844717
2-Feb-05,102.5,104.5,101,102,34982776
1-Feb-05,99.25,102.75,99,101.75,31500876
31-Jan-05,99.25,100,97.28,98.25,13022277
28-Jan-05,98,100.75,96.75,97.25,30443716
27-Jan-05,99,100.5,97.75,98.25,31957818
26-Jan-05,106,108,95.75,98,116279850
25-Jan-05,102.75,105.5,102,104.75,30472871
24-Jan-05,104,104.99,102.75,103.5,13000140
21-Jan-05,106.37,107.27,103.4,105,26818814
20-Jan-05,108.5,108.7,106.75,107.25,13273297
19-Jan-05,107.5,109.75,107.3,109,12888326
18-Jan-05,106.9,107.75,106.9,107.25,10930546
17-Jan-05,108.25,108.5,107.25,107.75,6719816
14-Jan-05,106.25,108.75,106.25,108.25,9263336
13-Jan-05,106,108.45,104.8,107.5,10634734
12-Jan-05,107,107.5,105,105.5,18952481
11-Jan-05,107.5,108.5,105.5,108,74392853
10-Jan-05,108.06,108.9,103,108.25,39323982
7-Jan-05,109,110,108.25,108.75,34001209
6-Jan-05,110.5,110.93,108.32,109.75,24869826
5-Jan-05,109.5,113.05,107.75,109,26623516
4-Jan-05,110.5,111.71,107.04,111.25,23764870
31-Dec-04,108.25,110.5,100.42,110.5,12150850
30-Dec-04,109,110.25,108,109.5,8364773
29-Dec-04,110,110.64,107.79,109.5,12398947
24-Dec-04,109.25,110,107.3,109.5,5406159
23-Dec-04,110.5,112.5,109.25,110,10374109
22-Dec-04,111.19,112.47,109,111.5,22282644
21-Dec-04,111,112.5,108.95,111.25,21303454
20-Dec-04,107,109.75,107,108.75,18942166
17-Dec-04,108,108.75,107,107.25,17696929
16-Dec-04,107.5,108.5,105.5,107,9569098
15-Dec-04,107,109.72,106.5,107.5,20063924
14-Dec-04,105.5,108.75,104.37,107.25,36572909
13-Dec-04,103,105.25,101.83,105.25,29228155
10-Dec-04,102.75,104,102,104,21770471
9-Dec-04,103.25,103.25,100.8,102.25,18422847
8-Dec-04,102.75,104.25,100.7,103.25,30352863
7-Dec-04,103.19,105.5,103.19,104.25,42972718
6-Dec-04,104.25,105.75,102.25,102.75,24135296
3-Dec-04,103,107,103,105,31936614
2-Dec-04,103,103.75,101.84,103.5,19944270
1-Dec-04,103,103.5,102.28,102.5,19141956
30-Nov-04,103.94,104,103,103,26980436
29-Nov-04,103.35,104.75,102.75,103.75,19489933
26-Nov-04,103.75,103.75,101.97,103.25,26505020
25-Nov-04,103.19,104.5,103,103,7188067
24-Nov-04,105,105.18,102.53,104,32337386
23-Nov-04,104.5,106,102.72,104,31819312
22-Nov-04,104.75,105,101.75,104,31845554
19-Nov-04,105.05,108.25,105.05,106,12290102
18-Nov-04,105.5,108.5,104.5,106,39982382
17-Nov-04,103,106.5,102.25,106.5,13668104
16-Nov-04,104.75,104.75,101.11,102,15243903
15-Nov-04,104,105.5,102.75,104,7784442
12-Nov-04,103.07,104.75,102.98,103,9513891
11-Nov-04,102,103,100.42,102.5,20997824
10-Nov-04,99.75,101.72,99.5,101,20316511
9-Nov-04,99.75,100.25,99,100,13334897
8-Nov-04,99.75,100.5,98.25,100.25,10967966
5-Nov-04,98.56,100.75,98,99,7781442
4-Nov-04,97,99,95.5,98.75,25484201
3-Nov-04,101.97,102.51,98.75,99.25,13401625
2-Nov-04,98.5,101.5,95.91,100.5,18655684
1-Nov-04,98,100.47,96.53,98,27447625
29-Oct-04,96,98,94.5,97.25,15159559
28-Oct-04,96.25,99,93.95,96.25,14897611
27-Oct-04,94.25,96.73,93.5,96.25,15935047
26-Oct-04,94,95,93.25,93.5,11008260
25-Oct-04,96,96,92.75,94.5,21251064
22-Oct-04,95.75,98.75,94,97,29868868
21-Oct-04,90.75,95.21,90.5,94.75,51703997
20-Oct-04,87,91.46,85.75,89.75,53761026
19-Oct-04,87,88.25,83.63,87.75,41046815
18-Oct-04,86.25,86.25,84.5,85.25,14124983
15-Oct-04,83.25,86,83.25,85.5,8632750
14-Oct-04,86.75,88,84.25,85,18451066
13-Oct-04,87,88.52,86,87,13792525
12-Oct-04,85.75,86.25,84,85.5,17512105
11-Oct-04,87.02,87.75,85.03,86.5,21615572
8-Oct-04,89.5,90,87,88.25,6592799
7-Oct-04,87.5,91.25,87.5,89.5,9877577
6-Oct-04,89.75,91.35,88.25,88.5,8798450
5-Oct-04,90.53,94.5,89,89.5,29557713
4-Oct-04,89.75,92.25,87.1,91,26026705
1-Oct-04,85.46,88.25,83.5,88,24250697
30-Sep-04,85.75,86,83.5,83.5,8511823
29-Sep-04,85,85.5,83.25,85,7661352
28-Sep-04,84.5,85.5,83.5,83.75,12527796
27-Sep-04,86.25,86.25,83.04,84.25,21935852
24-Sep-04,84,87,84,86.25,18057468
23-Sep-04,87.42,87.96,85.2,86,13266214
22-Sep-04,90.14,90.21,85.75,87.5,25138655
21-Sep-04,87.75,90.5,86.22,90,27492867
20-Sep-04,87,88.75,87,88.75,19219645
17-Sep-04,85.75,88.04,85.04,88,16939562
16-Sep-04,86.5,87.62,85.25,86.5,8821163
15-Sep-04,88.5,88.5,86,86.25,14336006
14-Sep-04,87.5,90,86,87.5,34873632
13-Sep-04,87.43,88.19,85.5,87.5,25811313
10-Sep-04,85.75,87.5,85.5,85.75,13909810
9-Sep-04,85.5,86.5,83.75,84.75,27932716
8-Sep-04,84.42,85.88,84,85.5,14565345
7-Sep-04,84,86.5,81.9,84.75,47582778
6-Sep-04,83.5,85.75,83.25,84.75,13713024
3-Sep-04,80,84.5,79.15,83.5,44073416
2-Sep-04,82.5,84,81.12,81.25,30779001
1-Sep-04,80.5,83,80,81.5,58866149
31-Aug-04,82.5,83.5,79,79,24675492
27-Aug-04,81,83.75,79.5,83,26797331
26-Aug-04,80.6,81.69,80.25,80.25,21411945
25-Aug-04,82.5,86.18,79.75,80.5,42185366
24-Aug-04,82.85,84.75,82.85,83.5,54465622
23-Aug-04,93.5,94.99,81.5,81.75,180117735
20-Aug-04,100.97,101.75,100,100.5,8887497
19-Aug-04,99,103.5,99,101.5,27716972
18-Aug-04,97,99,96.75,98,16654822
17-Aug-04,95.75,98.25,94.51,97,13728735
16-Aug-04,92.5,96,91,95.5,10819991
13-Aug-04,94,94,90,92.5,10887794
12-Aug-04,94,95.75,90.75,93,11481742
11-Aug-04,98.5,100.75,92,94,14634881
10-Aug-04,94.3,98.75,94.3,98.25,12570249
9-Aug-04,97.5,100,93.46,94.5,19270140
6-Aug-04,100.75,100.75,95.5,97.75,14342335
5-Aug-04,102,104,101.25,101.75,14474136
4-Aug-04,101.5,103,100,101.5,17003222
3-Aug-04,104.5,104.83,102.5,103,6760537
2-Aug-04,104.55,105,101.99,104.5,6755287
30-Jul-04,106,107.85,104,105.25,11893208
29-Jul-04,103.5,106.5,102.29,105.75,6040201
28-Jul-04,103.25,105.05,101.75,102.5,9491489
27-Jul-04,103,104,101,102.25,14572806
26-Jul-04,105.47,106,101.25,101.75,14737906
23-Jul-04,107,108.54,105,105.75,5443042
22-Jul-04,110.25,110.25,105.25,105.75,16886002
21-Jul-04,108,111.5,108,110.25,14813919
20-Jul-04,104.24,107.46,99.25,107,30484760
19-Jul-04,112.75,115,104,104,51685842
16-Jul-04,109.5,114,109,112.75,18470082
15-Jul-04,107.65,111.75,107.5,109.5,31708231
14-Jul-04,106.5,111.25,106.5,110.25,16848531
13-Jul-04,111,111.75,108.44,109.5,11792966
12-Jul-04,112.27,112.27,108.25,109.5,15241220
9-Jul-04,112.25,114,111.5,112.75,7248422
8-Jul-04,112.5,113.5,109,113.5,8584803
7-Jul-04,113.5,115.07,112.5,112.5,9563464
6-Jul-04,115.45,117.35,113,113.5,10718994
5-Jul-04,116.5,118.6,115.25,115.75,4159719
2-Jul-04,115.75,117.75,115,116.75,8027465
1-Jul-04,120.7,122.25,117,117.5,9688013
20-Apr-99,144,144,129,130,3437980
19-Apr-99,145,152,143,146,3815080
16-Apr-99,144,144,142,142,3189020
15-Apr-99,146,149,142,144,2053960
14-Apr-99,140,150,140,150,2645020
13-Apr-99,140,140,140,140,1058800
12-Apr-99,150,150,140,140,2086620
9-Apr-99,150,152,146,148,2877740
8-Apr-99,155,156,148,150,5458760
7-Apr-99,145,161,145,153,6304440
6-Apr-99,136,145,136,139,990160
1-Apr-99,140,140,140,140,1912600
31-Mar-99,134,136,134,135,1331020
30-Mar-99,136,136,134,134,1460040
29-Mar-99,136,138,134,136,2626780
26-Mar-99,136,136,134,136,123820
25-Mar-99,130,140,130,140,2500040
24-Mar-99,136,138,132,134,2599380
23-Mar-99,139,140,138,138,4608380
22-Mar-99,130,140,130,130,574180
19-Mar-99,130,130,130,130,497800
18-Mar-99,135,135,131,131,978540
17-Mar-99,136,136.5,133.5,135.61,3146840
16-Mar-99,130,140,130,140,1298900
15-Mar-99,129.8,131,128,128.9,2437300
12-Mar-99,123,130,122,130,3039300
11-Mar-99,123,123,122,123,1217660
10-Mar-99,120,120,120,120,1677580
9-Mar-99,124,124,122,122,6454080
8-Mar-99,124,124,121,124,484700
5-Mar-99,124,124,121,123,4814640
4-Mar-99,120,120,120,120,2728320
3-Mar-99,118,124,117,124,1429640
2-Mar-99,118,119,116,119,3872600
1-Mar-99,120,120,115,118,2179960
26-Feb-99,121.2,121.2,118.8,119.6,2876520
25-Feb-99,120,120,120,120,2073880
24-Feb-99,104,124,103,114,4290760
23-Feb-99,100,102,99,102,3757320
22-Feb-99,96,100,96,100,2215800
19-Feb-99,94,96,94,96,3413500
18-Feb-99,100,100,90,100,4254840
17-Feb-99,100,100,100,100,5135260
16-Feb-99,95,96,94,95,2932900
15-Feb-99,100,100,90,90,3760520
12-Feb-99,97,97,94,96,3961740
11-Feb-99,97,98,96,96,4760060
10-Feb-99,97,99,96,96,5133560
9-Feb-99,98,99,97,97,1237560
8-Feb-99,100,100,100,100,13994060
5-Feb-99,100,103,98,98,16921980
4-Feb-99,100,100,100,100,12742960
3-Feb-99,91,95,89,94,11094200
2-Feb-99,89,92,88,91,50833240
1-Feb-99,84,88,84,86,10810000
29-Jan-99,82,84,80,82,5513000
28-Jan-99,79,81,78,81,4315980
27-Jan-99,80,80,80,80,3314340
26-Jan-99,73.2,75,73.2,74.4,1976560
25-Jan-99,73.8,75,73.2,73.6,3215740
22-Jan-99,70,80,70,70,746640
21-Jan-99,73,77,73,76,3937280
20-Jan-99,71,73,70,71,3160080
19-Jan-99,72,72,70,70,1954460
18-Jan-99,70,72,68,72,2198420
15-Jan-99,70,70,70,70,5896640
14-Jan-99,67,72,65,72,3194160
13-Jan-99,69.5,70.02,66.25,67.5,4694480
12-Jan-99,78,78,68,71,7285280
11-Jan-99,75,78,73,78,1385840
8-Jan-99,70,70,70,70,1524700
7-Jan-99,69,72.75,67.5,72.01,4640980
6-Jan-99,67.2,68.4,67,67.6,1925800
5-Jan-99,62.75,65.5,62.75,63.76,3349200
4-Jan-99,60,60,60,60,376960
