0 , 0.0825817875148 , 0.000420586485464
0 , 0.239568426384 , 0.676428281121
0 , 0.0242855078297 , 0.498418728895
0 , 0.0825817875148 , 0.291678087955
0 , 0.63756136826 , 0.968442915535
0 , 0.087297402387 , 0.354459217223
0 , 0.068865761182 , -0.897749664498
0 , 0.378005166504 , -0.30034612066
0 , 0.298596311722 , -0.705365718286
0 , 0.087297402387 , 1.0
0 , 0.0644235218592 , 0.236345656751
0 , 0.087297402387 , 1.0
0 , 0.0984597882277 , 0.747427136062
0 , 0.63756136826 , 0.00012051801545
0 , 0.378005166504 , 0.128485871534
0 , 0.179049823254 , 0.303527036583
0 , 0.63756136826 , 0.777086264442
0 , 0.105892558912 , 0.135275660681
0 , 0.10919912791 , 0.50671501376
0 , 0.192767483387 , -0.0755557313187
0 , 0.63756136826 , 0.0855927643971
0 , 0.0238681528833 , 0.0662030257549
0 , 0.0691901071368 , -0.926853545018
0 , 0.160822834781 , 0.403481098529
0 , 0.337433953198 , -0.0484620077049
1 , 0.0554584165256 , 0.192575027761
1 , 0.310310080512 , 0.0582380243496
1 , 0.207527168528 , 0.00382498134606
1 , 0.0554584165256 , 0.180307012964
1 , 0.310310080512 , 0.0310070571469
1 , 0.310310080512 , 0.322743725346
1 , 0.345305427387 , 0.0183129524183
1 , 0.0554584165256 , 0.121437709671
1 , 0.0825817875148 , 0.00657990503821
1 , 0.310310080512 , 0.580232866189
1 , 0.207527168528 , 0.0028129925803
1 , 0.177433601737 , 0.00649990845988
1 , 0.345305427387 , 0.108861878682
1 , 0.345305427387 , 0.0229409742066
1 , 0.411431702829 , 0.02071703535
1 , 0.310310080512 , 0.932687995404
1 , 0.207527168528 , 0.000830999808715
1 , 0.179049823254 , 0.000774999844839
1 , 0.0554584165256 , 0.0199013719658
1 , 0.164545456731 , 0.000159999998635
1 , 0.18479338688 , -0.0339369623925
1 , 0.180336069412 , -0.0770967011833
1 , 0.0825817875148 , 0.0063099162548
1 , 0.0507063144116 , -0.0147289347555
1 , 0.105892558912 , 0.00144999898379
2 , 0.0750501135117 , 0.0726716626095
2 , 0.0309338017338 , 0.500819942973
2 , 0.0609434052038 , 0.0371628775136
2 , 0.0553647639524 , 0.371877367536
2 , 0.239568426384 , 0.833074150307
2 , 0.057755270155 , 0.35486609253
2 , 0.0309338017338 , 0.34442104343
2 , 0.321734476815 , 0.0419753214131
2 , 0.239568426384 , -0.164005344668
2 , 0.105892558912 , 0.279123045626
2 , 0.0952538964582 , 0.130255744782
2 , 0.0535784384553 , 0.955668852321
2 , 0.0632958141646 , 0.472823042401
2 , 0.105892558912 , -0.098777616993
2 , 0.0692439642743 , 0.108076232326
2 , 0.160822834781 , 0.132417795301
2 , 0.0750501135117 , 0.0425742491005
2 , 0.0372924169407 , -0.312217013103
2 , 0.0691901071368 , 0.150546927909
2 , 0.0535784384553 , 0.229773188544
2 , 0.0692439642743 , 0.386347898652
2 , 0.0554584165256 , 0.933441747392
2 , 0.0242855078297 , 0.145950231843
2 , 0.0875065040248 , 0.179532909964
2 , 0.280965475357 , 0.442576196154
3 , 0.844101307449 , 0.00197999741254
3 , 0.18479338688 , -0.128682564753
3 , 0.63756136826 , -0.0173082713069
3 , 0.105892558912 , -0.15212094366
3 , 0.192767483387 , -0.49164697367
3 , 0.9261171421 , -0.288473132719
3 , 0.105892558912 , -0.0522315148677
3 , 0.075185672145 , 0.0434323169993
3 , 0.192767483387 , -0.0770171762051
3 , 0.266658817507 , 0.30833098162
3 , 0.0553647639524 , -0.860461590166
3 , 0.0837755674791 , -0.951566691909
3 , 0.0825817875148 , 0.999543123427
3 , 0.9261171421 , 0.459573134181
3 , 0.0553647639524 , -0.431598949213
3 , 0.075185672145 , 0.676953246434
3 , 0.636048700799 , -0.257622295145
3 , 0.0825817875148 , 0.373162320815
3 , 0.9261171421 , 0.16978595754
3 , 0.075185672145 , 0.360623072102
3 , 0.9261171421 , 0.0611772576648
3 , 0.844101307449 , -0.342392279351
4 , 0.0988234753237 , -0.195933329912
4 , 0.0554584165256 , -0.138700164758
4 , 0.325910945419 , -0.000499999958333
4 , 0.0535784384553 , -0.0039999786668
4 , 0.0242855078297 , -0.01357916527
4 , 0.0553647639524 , -0.476069867795
4 , 0.0242855078297 , -0.102805502969
4 , 0.0957591171924 , 0.0330879170649
4 , 0.0981395325681 , 0.244824658617
4 , 0.844101307449 , -0.00919974044612
4 , 0.127103388074 , -0.00599992800104
4 , 0.325910945419 , -0.0255344482727
4 , 0.310310080512 , 0.00394997945684
4 , 0.298596311722 , -0.0241253178042
4 , 0.0988234753237 , -0.00499995833375
4 , 0.0825817875148 , 0.999345853971
4 , 0.844101307449 , 0.000499999958333
4 , 0.220785861617 , 0.00164999850263
4 , 0.722407488584 , 0.0278827708176
5 , 0.494816571603 , 0.139141480202
5 , 0.0878568536798 , 0.220840946909
5 , 0.411431702829 , 0.107344817513
5 , 0.18479338688 , 0.209329484173
5 , 0.12644986873 , 0.406073177386
5 , 0.0881491692512 , 0.141082609388
5 , 0.0617648109684 , -0.337970909346
5 , 0.27281080223 , -0.22389221936
5 , 0.63756136826 , -0.185642190086
5 , 0.0692439642743 , -0.0934267406286
5 , 0.160822834781 , -0.109657268826
5 , 0.0322323664912 , -0.52122483545
5 , 0.239568426384 , 0.219680135015
5 , 0.378005166504 , 0.905958129294
5 , 0.18479338688 , 0.536337607115
5 , 0.105892558912 , -0.0379317919276
5 , 0.0978630402968 , 0.318610628492
5 , 0.169928815357 , 0.135786108986
5 , 0.0644235218592 , -0.177984037673
5 , 0.636048700799 , -0.148454758835
5 , 0.0403056390082 , -0.44601132887
5 , 0.0618019166094 , -0.353633037595
5 , 0.0385417051721 , 0.466744528704
5 , 0.280965475357 , 0.144775588444
5 , 0.0881491692512 , 0.413478648818
6 , 0.419496623191 , 0.198316959907
6 , 0.0926855869558 , 0.0950323559515
6 , 0.0609434052038 , 0.0447600722841
6 , 0.0602776742832 , -0.0123293751992
6 , 0.0468879828352 , -0.0952999106697
6 , 0.280965475357 , -0.182618312167
6 , 0.0395140944172 , -0.138504006866
6 , 0.0591006952594 , 0.446163520011
6 , 0.0297270499841 , 0.104764175149
6 , 0.0794441716528 , 0.243940798236
6 , 0.27281080223 , 0.136649780238
6 , 0.0602776742832 , -0.894466089196
6 , 0.378005166504 , -0.0765797713348
6 , 0.207527168528 , 0.0526612386837
6 , 0.0875065040248 , 0.487274532391
6 , 0.636048700799 , 0.710939028911
6 , 0.0553647639524 , 0.00489996078404
6 , 0.192767483387 , 0.294649299675
6 , 0.494816571603 , 0.199075770469
6 , 0.0591006952594 , -0.0974695646398
6 , 0.0563377029187 , 0.573887313371
6 , 0.0535784384553 , 0.964777181541
6 , 0.411431702829 , 0.706469414033
6 , 0.0395140944172 , 0.0353852201206
6 , 0.075185672145 , -0.830609879837
7 , 0.0881491692512 , -0.82492504541
7 , 0.0563377029187 , -0.84431091137
7 , 0.089116823948 , -0.012057986987
7 , 0.164545456731 , 0.156015340017
7 , 0.0926855869558 , -0.756807455218
7 , 0.0692439642743 , 0.119387868861
7 , 0.0609434052038 , 0.362360039874
7 , 0.127103388074 , 0.641959642218
7 , 0.089116823948 , -0.0052913791867
7 , 0.0957591171924 , 0.947300840414
7 , 0.411431702829 , 0.433444287838
7 , 0.0881491692512 , 0.00724987297663
7 , 0.0886734864915 , 0.0699157437327
7 , 0.494816571603 , 0.0257742903164
7 , 0.0978630402968 , 0.0106295996324
7 , 0.0632958141646 , 0.0207570181491
7 , 0.0988234753237 , 0.0550443062501
7 , 0.231159483896 , 0.0469654228854
7 , 0.0981395325681 , 0.178177695113
7 , 0.266658817507 , 0.471813052278
7 , 0.0692439642743 , 0.00348998583055
7 , 0.0984597882277 , -0.0773153898123
7 , 0.0581214471332 , -0.0997372987817
7 , 0.0351541541718 , -0.00304999054249
7 , 0.0825817875148 , 0.993889293302
8 , 0.0952538964582 , 0.270348718581
8 , 0.0692439642743 , 0.412815201177
8 , 0.239568426384 , 0.83156867837
8 , 0.342273601762 , 0.257005994147
8 , 0.0602776742832 , -0.507977432898
8 , 0.722407488584 , 0.889994621268
8 , 0.337433953198 , 0.096498782531
8 , 0.0837755674791 , 0.256445539039
8 , 0.280965475357 , 0.635208607179
8 , 0.378005166504 , 0.21868057715
8 , 0.0794441716528 , 0.378750431205
8 , 0.0238681528833 , 0.492836559176
8 , 0.0397224615908 , 0.522156468964
8 , 0.0553647639524 , 0.249050248705
8 , 0.280965475357 , 0.692227470389
8 , 0.527904852409 , -0.996609403981
8 , 0.0858407427382 , -0.995925845239
8 , 0.075185672145 , -0.712808387044
8 , 0.57169465418 , -0.863234314674
8 , 0.0372924169407 , 0.110645135453
8 , 0.0644235218592 , 0.56114303269
8 , 0.169928815357 , 0.689079045077
8 , 0.0926855869558 , -0.817654670106
8 , 0.494816571603 , 0.702768642123
8 , 0.18479338688 , 0.358967351227
9 , 0.0397224615908 , 0.316272630096
9 , 0.0952538964582 , 0.24829972015
9 , 0.0591006952594 , 0.202808695624
9 , 0.0403056390082 , 0.374287631759
9 , 0.0926855869558 , 0.719351628549
9 , 0.0750501135117 , 0.408075473132
9 , 0.0581214471332 , 0.956756643787
9 , 0.0926855869558 , 0.411570055674
9 , 0.636048700799 , 0.847837178522
9 , 0.337433953198 , 0.103329872794
9 , 0.207527168528 , 0.133989405829
9 , 0.057755270155 , 0.0990739193956
9 , 0.0957591171924 , -0.298707610639
9 , 0.27281080223 , 0.487975776278
9 , 0.0351541541718 , 0.172556082892
9 , 0.494816571603 , 0.117514527753
9 , 0.0644235218592 , 0.2885648084
9 , 0.18479338688 , 0.234673830026
10 , 0.087297402387 , 0.271173471217
10 , 0.0633694038519 , -0.00861528920753
10 , 0.192767483387 , 0.733882292367
10 , 0.0633694038519 , 0.15357085378
10 , 0.63756136826 , 0.180071106711
10 , 0.207527168528 , 0.0759534358106
10 , 0.0691901071368 , -0.0373825718764
10 , 0.192767483387 , 0.36297684917
10 , 0.0563377029187 , 0.163751836619
10 , 0.0535784384553 , 0.793374122883
10 , 0.0563377029187 , 0.00156050293498
10 , 0.0535784384553 , 0.0245229282926
10 , 0.0498584777262 , 0.219109015422
10 , 0.0602776742832 , 0.514771511953
10 , 0.9261171421 , 0.895850947961
10 , 0.494816571603 , 0.1425720343
10 , 0.0309338017338 , 0.216020821179
10 , 0.192767483387 , 0.718578686406
10 , 0.0750501135117 , 0.429595068694
10 , 0.63756136826 , 0.586768754697
10 , 0.0309338017338 , 1.0
10 , 0.0309338017338 , 0.999999993976
10 , 0.494816571603 , 0.36496939853
10 , 0.192767483387 , 0.535860166499
10 , 0.63756136826 , 0.789001141865
11 , 0.0957591171924 , -0.0395293914913
11 , 0.0988234753237 , 0.292501839464
11 , 0.63756136826 , 0.377293362649
11 , 0.0554584165256 , 0.867181274443
11 , 0.0981868710685 , 0.0693982668357
11 , 0.0825817875148 , 0.328815874156
11 , 0.0609434052038 , 0.221706391387
11 , 0.160822834781 , 0.082720544586
11 , 0.0618019166094 , 0.0479631699422
11 , 0.419496623191 , 0.474606907567
11 , 0.0812647681027 , 0.529895607528
11 , 0.0554584165256 , 0.0876544673603
11 , 0.325910945419 , -0.0318891838163
11 , 0.312991875354 , 0.185342856406
11 , 0.0837755674791 , 0.0895990715028
11 , 0.169928815357 , 0.157902668475
11 , 0.220785861617 , 0.0877140060488
11 , 0.075185672145 , 0.0599380676094
11 , 0.0978630402968 , 0.256632376591
11 , 0.220785861617 , 0.334946940986
11 , 0.204736185675 , 0.0779316540373
11 , 0.290168364214 , 0.351934483707
11 , 0.57169465418 , 0.164170767437
11 , 0.0617648109684 , 0.873850148708
11 , 0.164545456731 , 0.0335474064262
12 , 0.0881491692512 , 0.00856088507686
12 , 0.27281080223 , 0.245012661586
12 , 0.0242855078297 , -0.00110999954412
12 , 0.164545456731 , 0.0302807398673
12 , 0.0981868710685 , 0.0478602897675
12 , 0.9261171421 , -0.0495871347675
12 , 0.63756136826 , 0.00559994146207
12 , 0.0881491692512 , -0.207216396439
12 , 0.169928815357 , 0.143130402596
12 , 0.280965475357 , 0.0609067760099
12 , 0.9261171421 , 0.299834583589
12 , 0.0886734864915 , -0.096587943675
12 , 0.280965475357 , -0.107811610092
12 , 0.0952538964582 , 0.0227960500373
12 , 0.207527168528 , -0.0470851575199
12 , 0.0926855869558 , 0.00992967363065
12 , 0.0981868710685 , -0.0338439524601
12 , 0.0692439642743 , 0.228911947988
12 , 0.239568426384 , 0.310681914887
12 , 0.192767483387 , 0.360534393397
12 , 0.0692439642743 , -0.00694083342006
12 , 0.0309338017338 , -0.234267469922
12 , 0.0858407427382 , -0.0646098709047
12 , 0.068865761182 , -0.542616411212
12 , 0.0395140944172 , 0.335843326089
13 , 0.63756136826 , 0.169368853594
13 , 0.27281080223 , -0.00389900005708
13 , 0.27281080223 , 0.000137899602825
13 , 0.636048700799 , 0.00129675652171
13 , 0.63756136826 , 0.00140419531926
13 , 0.57169465418 , -0.00230879009759
13 , 0.63756136826 , 0.139613752414
13 , 0.636048700799 , 0.123498740052
13 , 0.57169465418 , -0.24348462559
13 , 0.57169465418 , -0.0322258560347
13 , 0.636048700799 , 0.0173226901294
13 , 0.63756136826 , 0.10494113042
13 , 0.27281080223 , 0.0137905417925
13 , 0.63756136826 , 0.0638611747918
13 , 0.636048700799 , 0.0819309839754
13 , 0.57169465418 , -0.0760586373091
14 , 0.192767483387 , 0.292099432924
14 , 0.0535784384553 , 0.987827278552
14 , 0.0609434052038 , 0.389151740216
14 , 0.192767483387 , 0.321984882441
14 , 0.0352562236863 , -0.191794945214
14 , 0.0238681528833 , -0.109262061399
14 , 0.321734476815 , -0.0130992506878
14 , 0.207527168528 , 0.159876544787
14 , 0.087297402387 , -0.533696713153
14 , 0.0981868710685 , -0.00218999649885
14 , 0.10158796072 , -0.398025046659
14 , 0.0238681528833 , 0.87998473578
14 , 0.21601906697 , -0.46768258231
14 , 0.0554584165256 , 0.0584333573506
14 , 0.844101307449 , -0.472357047235
15 , 0.220785861617 , 7.99999998293e-05
15 , 0.57169465418 , 0.0729004441123
15 , 0.0395140944172 , -4.99999999584e-05
15 , 0.231159483896 , -0.000299999991
15 , 0.220785861617 , -7.99999998293e-05
15 , 0.0535784384553 , 0.00194999752838
15 , 0.231159483896 , -0.000599999928
15 , 0.127103388074 , 0.00169999836234
15 , 0.0242855078297 , 0.0562704958661
15 , 0.63756136826 , -0.03436646086
15 , 0.411431702829 , -0.000349999985708
15 , 0.527904852409 , -0.000249999994792
15 , 0.9261171421 , 0.000959999705088
15 , 0.0825817875148 , -7.99999998293e-05
15 , 0.164545456731 , 0.00127999930095
15 , 0.105892558912 , 0.0216965945371
15 , 0.280965475357 , -0.14379640698
15 , 0.180336069412 , -0.573753167305
15 , 0.310310080512 , -0.748000337265
15 , 0.10158796072 , -0.215297730444
15 , 0.0351541541718 , -0.152794017806
16 , 0.0794441716528 , 0.0121094080491
16 , 0.0692439642743 , -0.0329880262158
16 , 0.0837755674791 , -0.139004187978
16 , 0.280965475357 , -0.0314895855085
16 , 0.18479338688 , -0.165270107221
16 , 0.0952538964582 , -0.165600801795
16 , 0.0875065040248 , -0.067487261502
16 , 0.0618019166094 , -0.0105296108253
16 , 0.160822834781 , -0.149276143609
16 , 0.192767483387 , -0.230691771676
16 , 0.0837755674791 , -0.327513104683
16 , 0.0563377029187 , -0.732935067724
16 , 0.110635270229 , -0.143101017059
16 , 0.0981868710685 , -0.529989098471
16 , 0.0886734864915 , -0.0679252444747
16 , 0.411431702829 , -0.559359125948
16 , 0.494816571603 , -0.104516912561
16 , 0.0984597882277 , -0.226028352279
16 , 0.0351541541718 , -0.537760762576
16 , 0.280965475357 , -0.846833179651
17 , 0.27281080223 , 0.813589148667
17 , 0.18479338688 , 0.490660575549
17 , 0.411431702829 , 0.499410160021
17 , 0.722407488584 , 0.589500374706
17 , 0.0591006952594 , 0.695349764616
17 , 0.27281080223 , 0.943757744029
17 , 0.0591006952594 , -0.0703237278482
17 , 0.57169465418 , 0.117172634522
17 , 0.722407488584 , 0.323301856976
17 , 0.18479338688 , 0.172354268976
17 , 0.636048700799 , 0.214683255914
17 , 0.63756136826 , 0.201878410332
17 , 0.0591006952594 , 0.458183745411
17 , 0.18479338688 , 0.311962479908
17 , 0.27281080223 , 0.481968308324
17 , 0.636048700799 , 1.0
17 , 0.722407488584 , 0.381146218919
17 , 0.57169465418 , 1.0
17 , 0.0591006952594 , 0.800786198844
17 , 0.636048700799 , 0.50111955469
17 , 0.63756136826 , -0.11281766995
17 , 0.27281080223 , 1.0
17 , 0.722407488584 , 0.267704990788
17 , 0.0591006952594 , 0.965825238465
17 , 0.722407488584 , 0.686814116664
18 , 0.0633694038519 , 0.999564761361
18 , 0.0351541541718 , -0.0237160668231
18 , 0.0563377029187 , -0.99997740573
18 , 0.27281080223 , -0.00242036564405
18 , 0.0554584165256 , 0.999999968688
18 , 0.321734476815 , 0.425376445675
18 , 0.239568426384 , -0.974790066205
18 , 0.0981395325681 , 0.977382860434
18 , 0.0351541541718 , -0.00104948490881
18 , 0.0554584165256 , 0.0213953455639
18 , 0.239568426384 , -0.00120036891095
18 , 0.321734476815 , 0.0364458042035
18 , 0.0563377029187 , -0.0382363028355
18 , 0.0633694038519 , 0.00182718853631
18 , 0.0981395325681 , 0.00302926323709
18 , 0.27281080223 , -0.000149629628513
19 , 0.110635270229 , 0.318547732981
19 , 0.179049823254 , 0.246891675907
19 , 0.0644235218592 , -0.0551612497942
19 , 0.0886734864915 , 0.977979994128
19 , 0.9261171421 , 0.614730419355
19 , 0.0351541541718 , 0.35539042286
19 , 0.179049823254 , 0.290946515027
19 , 0.9261171421 , 0.439103809667
19 , 0.0692439642743 , 0.232820920874
19 , 0.494816571603 , 0.447268133789
19 , 0.0692439642743 , 0.530722195699
19 , 0.110635270229 , 0.999999031424
19 , 0.636048700799 , 0.0450894062644
19 , 0.110635270229 , 0.999240732315
19 , 0.27281080223 , -0.480550630704
19 , 0.110635270229 , 0.999362053083
19 , 0.0644235218592 , 0.128483215815
19 , 0.378005166504 , 0.999998287667
19 , 0.089116823948 , 0.589546047073
19 , 0.110635270229 , 0.99714494663
19 , 0.179049823254 , -0.0139490951688
19 , 0.9261171421 , 0.0523620659281
19 , 0.21601906697 , 0.431501297474
19 , 0.207527168528 , 0.326654693022
19 , 0.110635270229 , 0.999999928675
20 , 0.0351541541718 , -0.0788261250505
20 , 0.169928815357 , -0.0807239691115
20 , 0.0981868710685 , -0.0104896152434
20 , 0.9261171421 , -0.00644991055611
20 , 0.63756136826 , 0.00375998228097
20 , 0.0981395325681 , -0.639909220207
20 , 0.0886734864915 , 0.2024456675
20 , 0.27281080223 , -0.649237794277
20 , 0.0886734864915 , -0.0614581604673
20 , 0.0886734864915 , 0.0936887130357
20 , 0.207527168528 , 0.209568516951
20 , 0.169928815357 , 0.413710751855
20 , 0.636048700799 , 0.138121467732
20 , 0.12644986873 , 0.964831120832
20 , 0.27281080223 , 0.756080208054
20 , 0.179049823254 , -0.280044169436
20 , 0.63756136826 , 0.444078667132
20 , 0.105892558912 , 0.0452690388548
20 , 0.9261171421 , 0.0238854561074
20 , 0.075185672145 , -0.000179999998054
20 , 0.0875065040248 , 0.3564384126
20 , 0.63756136826 , -0.295881604161
20 , 0.105892558912 , 0.341509209762
20 , 0.0981395325681 , 0.270997433809
20 , 0.105892558912 , 0.0339369623925
21 , 0.068865761182 , 0.399538797416
21 , 0.0886734864915 , 0.358967351227
21 , 0.177433601737 , -0.0690897532054
21 , 0.0617648109684 , 0.910012990388
21 , 0.140624016202 , 0.192083892989
21 , 0.280965475357 , 0.200544686234
21 , 0.27281080223 , -0.0162985565711
21 , 0.207527168528 , 0.533911229146
21 , 0.0563377029187 , 0.349434978398
21 , 0.105892558912 , 0.169789590328
21 , 0.110635270229 , -0.928168308234
21 , 0.192767483387 , 0.963686882211
21 , 0.0591006952594 , -0.51071751839
21 , 0.0881491692512 , 0.960233732745
21 , 0.0581214471332 , 0.358531701851
21 , 0.0632958141646 , 0.353291762511
21 , 0.18479338688 , -0.336286856204
21 , 0.280965475357 , -0.298707610639
21 , 0.0468879828352 , 0.422802786803
21 , 0.0629985261038 , -0.176724928863
21 , 0.0535784384553 , 0.287097363565
21 , 0.0981395325681 , 0.434721704701
21 , 0.722407488584 , -0.128879247848
21 , 0.63756136826 , -0.0775440108788
21 , 0.27281080223 , 0.569309074874
22 , 0.57169465418 , -0.00176999815159
22 , 0.0591006952594 , 0.180322060613
22 , 0.0988234753237 , 0.128584219408
22 , 0.0886734864915 , 0.0321089585485
22 , 0.075185672145 , 0.296702593984
22 , 0.0632958141646 , -5.9999999928e-05
22 , 0.160822834781 , 0.101449792365
22 , 0.0981395325681 , -0.00199999733334
22 , 0.312991875354 , -0.000649999908458
22 , 0.0553647639524 , -0.0209469355355
22 , 0.180336069412 , -9.99999996667e-05
22 , 0.0372924169407 , 0.00912974632563
22 , 0.0581214471332 , 0.659201401614
22 , 0.164545456731 , 0.0310100542623
22 , 0.18479338688 , 0.162642689537
22 , 0.075185672145 , 0.867007571383
22 , 0.179049823254 , 0.0425842309706
22 , 0.075185672145 , 0.187456764166
22 , 0.0554584165256 , 0.992116492519
22 , 0.0617648109684 , -0.160012963262
22 , 0.207527168528 , 0.131051917693
22 , 0.57169465418 , 0.065436361612
22 , 0.0825817875148 , -0.167020419062
22 , 0.636048700799 , 0.0320047800028
22 , 0.0984597882277 , -0.891769018705
23 , 0.160822834781 , 0.685650129756
23 , 0.110635270229 , 0.182792303546
23 , 0.169928815357 , 0.120393207554
23 , 0.0825817875148 , 0.74795628442
23 , 0.239568426384 , -0.71360925967
23 , 0.18479338688 , -0.131386063425
23 , 0.0981868710685 , 0.999130582945
23 , 0.0981868710685 , 0.0850242233128
23 , 0.204736185675 , 0.0618609091229
23 , 0.290168364214 , -0.0151588387214
23 , 0.0825817875148 , 0.998174617869
23 , 0.0825817875148 , 0.212788223951
23 , 0.160822834781 , 0.999471631731
23 , 0.290168364214 , 0.0960232303074
23 , 0.160822834781 , -0.85490499186
23 , 0.239568426384 , 0.0722737635326
24 , 0.0238681528833 , 0.160194845053
24 , 0.0242855078297 , 0.0657251143683
24 , 0.127103388074 , 0.0369831249074
24 , 0.0629985261038 , 0.194057475828
24 , 0.0238681528833 , 0.304278867476
24 , 0.0581214471332 , 0.00992967363065
24 , 0.169928815357 , 0.0571676004596
24 , 0.280965475357 , 0.00504662382285
24 , 0.21601906697 , -0.0461848122475
24 , 0.0952538964582 , 0.0583735620085
24 , 0.0660097708504 , 0.010632932589
24 , 0.12644986873 , 0.141072808417
24 , 0.21601906697 , 0.162364092258
24 , 0.21601906697 , 0.115910525439
24 , 0.280965475357 , 0.0528939220723
24 , 0.0238681528833 , 0.709906330151
24 , 0.0660097708504 , 0.080392798999
24 , 0.192767483387 , -5.00000000069e-06
24 , 0.0591006952594 , -0.68818520975
24 , 0.160822834781 , 0.725627651683
24 , 0.220785861617 , 0.430703429837
25 , 0.0242855078297 , 0.0637733322264
25 , 0.0750501135117 , 0.0552337285904
25 , 0.105892558912 , 0.0429535541704
25 , 0.0825817875148 , 0.250419191967
25 , 0.160822834781 , -0.0301908221455
25 , 0.10158796072 , 0.0976082327024
25 , 0.312991875354 , 0.0299910032388
25 , 0.378005166504 , 0.0334275409956
25 , 0.0535784384553 , 0.118816096342
25 , 0.0385417051721 , 0.0607052657694
25 , 0.0238681528833 , 0.0979845983249
25 , 0.337433953198 , 0.115482486619
25 , 0.0553647639524 , -0.00909974881799
25 , 0.180336069412 , 0.326495006913
25 , 0.411431702829 , -0.0276329634437
25 , 0.494816571603 , 0.0158586703278
25 , 0.0981395325681 , -0.0115094917449
25 , 0.310310080512 , -0.00294999144257
25 , 0.0618019166094 , -0.0583536301347
25 , 0.0837755674791 , -0.00177999812008
25 , 0.325910945419 , -0.0868804075729
25 , 0.0812647681027 , 0.0652670876565
25 , 0.0981868710685 , 0.0564100514742
25 , 0.0825817875148 , 0.119427298534
25 , 0.378005166504 , 0.0122493872816
26 , 0.239568426384 , 0.234220213431
26 , 0.110635270229 , -0.10814541417
26 , 0.0403056390082 , -0.201628993518
26 , 0.0553647639524 , -0.0972912715705
26 , 0.9261171421 , -0.0044199712166
26 , 0.160822834781 , 0.759393159776
26 , 0.239568426384 , -0.0392350828234
26 , 0.419496623191 , -0.0254345132187
26 , 0.10158796072 , -0.0653965327845
26 , 0.0886734864915 , -0.0293815408354
26 , 0.0535784384553 , 0.253303811867
26 , 0.844101307449 , 0.381291513188
26 , 0.192767483387 , -0.035205444358
26 , 0.089116823948 , -0.127266148518
26 , 0.63756136826 , -0.0156587199957
26 , 0.57169465418 , -0.0679351983295
26 , 0.10158796072 , -0.0644306202204
26 , 0.636048700799 , -0.0017299982741
26 , 0.0633694038519 , 0.0927328053486
27 , 0.321734476815 , -0.00974969105862
27 , 0.075185672145 , -0.0306903588203
27 , 0.345305427387 , -0.00600992764044
27 , 0.0351541541718 , -0.0983213227604
27 , 0.160822834781 , 0.0389802390225
27 , 0.298596311722 , -0.19479836808
27 , 0.0554584165256 , -0.0231058867433
27 , 0.9261171421 , -0.0198373972325
27 , 0.494816571603 , -0.0484819607142
27 , 0.722407488584 , -0.0164685109392
27 , 0.0242855078297 , -0.200429509643
27 , 0.068865761182 , -0.0778918968471
27 , 0.378005166504 , -0.583095431437
27 , 0.192767483387 , -0.0447900121399
27 , 0.0553647639524 , -0.0995887886903
27 , 0.63756136826 , 0.0582390209579
27 , 0.280965475357 , 0.0767055282615
27 , 0.636048700799 , 0.0637947541513
27 , 0.27281080223 , 0.0982846436299
27 , 0.27281080223 , 0.0982846436299
27 , 0.280965475357 , -0.0168549036372
27 , 0.0837755674791 , -0.0963997127768
27 , 0.27281080223 , 0.982419937979
27 , 0.0878568536798 , 0.801305770307
27 , 0.57169465418 , 0.061721443664
28 , 0.239568426384 , 0.821398040584
28 , 0.169928815357 , 0.330687527257
28 , 0.636048700799 , -0.0851731370447
28 , 0.0633694038519 , 0.0845973162521
28 , 0.105892558912 , 0.0758540119482
28 , 0.9261171421 , -0.0477037648342
28 , 0.0507063144116 , 0.852026154657
28 , 0.207527168528 , 0.421734591133
28 , 0.0351541541718 , 0.724570116326
28 , 0.179049823254 , 0.0463367939916
28 , 0.0875065040248 , 0.393977780259
28 , 0.0952538964582 , 0.259339359861
28 , 0.169928815357 , 0.105139989467
28 , 0.298596311722 , 0.193913120373
28 , 0.0563377029187 , 0.696772539288
28 , 0.10919912791 , 0.170391653199
28 , 0.10158796072 , 0.643485600137
28 , 0.0837755674791 , 0.408908607281
28 , 0.0507063144116 , 0.0560412211676
28 , 0.0782100073981 , 0.357485506217
28 , 0.0812647681027 , 0.685172939908
28 , 0.494816571603 , 0.288106377119
28 , 0.494816571603 , -0.946379771272
28 , 0.0875065040248 , -0.352591416775
28 , 0.18479338688 , -0.996369807367
29 , 0.0837755674791 , 0.0561907488168
29 , 0.636048700799 , 0.024495099135
29 , 0.164545456731 , 0.0065949043873
29 , 0.164545456731 , 0.0105746058147
29 , 0.0825817875148 , 0.049788797812
29 , 0.9261171421 , 0.166825991734
29 , 0.0837755674791 , 0.12669550053
29 , 0.636048700799 , 0.0273231975101
29 , 0.0981868710685 , 0.175877125718
29 , 0.636048700799 , 0.098172770633
29 , 0.0242855078297 , 0.245576559898
29 , 0.63756136826 , 0.167321755746
29 , 0.0981868710685 , 0.136657140182
29 , 0.63756136826 , 0.149080594447
29 , 0.0981868710685 , 0.128188353837
30 , 0.0563377029187 , 0.0418854796474
30 , 0.0984597882277 , -0.00378998185346
30 , 0.180336069412 , 0.0660238125326
30 , 0.0591006952594 , 0.308747191281
30 , 0.169928815357 , 0.0403880182778
30 , 0.18479338688 , 0.0425343215352
30 , 0.160822834781 , 0.133508171321
30 , 0.0553647639524 , 0.228323457467
30 , 0.0957591171924 , 0.306157540645
30 , 0.0507063144116 , 0.108511072212
30 , 0.0554584165256 , 0.474064403624
30 , 0.0242855078297 , 0.163547951389
30 , 0.207527168528 , 0.0224962038937
30 , 0.9261171421 , 0.00542994663296
30 , 0.378005166504 , 0.0144190006022
30 , 0.0554584165256 , -0.00169999836233
30 , 0.325910945419 , 0.0640322704972
31 , 0.411431702829 , 0.40142792566
31 , 0.411431702829 , 0.39258298533
31 , 0.0591006952594 , 0.550744970621
31 , 0.0591006952594 , 0.426941166453
31 , 0.0581214471332 , 0.81552231927
31 , 0.0242855078297 , 0.75388722303
31 , 0.164545456731 , -0.911140585541
31 , 0.0858407427382 , -0.920218299875
31 , 0.419496623191 , -0.966166847546
31 , 0.0926855869558 , -0.889911427826
31 , 0.0563377029187 , -0.997827940405
31 , 0.0553647639524 , 0.0111495379577
31 , 0.068865761182 , 0.93851832218
31 , 0.10158796072 , 0.841718603665
31 , 0.0591006952594 , 0.947046772293
31 , 0.0238681528833 , 0.705209921871
31 , 0.0581214471332 , -0.0732187360444
31 , 0.0812647681027 , -0.457867660436
31 , 0.164545456731 , -0.466431610482
31 , 0.280965475357 , -0.620347638184
31 , 0.0563377029187 , -0.799129898619
31 , 0.411431702829 , 0.956300764663
32 , 0.636048700799 , 0.00390998007463
32 , 0.378005166504 , 0.0675967596903
32 , 0.0858407427382 , 0.0711794228192
32 , 0.0385417051721 , -0.39063570971
32 , 0.192767483387 , 0.220422365381
32 , 0.169928815357 , 0.45551298898
32 , 0.204736185675 , 0.351624290764
32 , 0.0644235218592 , 0.527409796254
32 , 0.207527168528 , 0.43911349587
32 , 0.9261171421 , -0.0462669440621
32 , 0.204736185675 , -0.00809582311995
32 , 0.087297402387 , 0.134814232145
32 , 0.636048700799 , 1.0
32 , 0.169928815357 , 0.0630215659822
32 , 0.0644235218592 , 0.0379517631361
32 , 0.312991875354 , 0.233246483748
32 , 0.0554584165256 , 0.0453987716834
32 , 0.207527168528 , 0.102833206958
32 , 0.0878568536798 , 0.674694146226
33 , 0.636048700799 , 0.000639999912619
33 , 0.844101307449 , -0.0121993947534
33 , 0.15771992188 , 0.0212967793855
33 , 0.068865761182 , 0.099667994625
33 , 0.207527168528 , 0.00591993084274
33 , 0.110635270229 , 0.0391799335712
33 , 0.105892558912 , 0.00274999306773
33 , 0.164545456731 , 0.00330998791182
33 , 0.0952538964582 , 0.00535994867037
33 , 0.231159483896 , 0.468931683355
33 , 0.0581214471332 , 0.39911852912
33 , 0.337433953198 , 0.156083635416
33 , 0.0644235218592 , 0.318592658632
33 , 0.0988234753237 , 0.0220364319647
33 , 0.0535784384553 , 0.383792738872
33 , 0.0242855078297 , 0.658409035955
33 , 0.160822834781 , 0.544900953629
33 , 0.180336069412 , 0.886320467871
33 , 0.0825817875148 , 0.129469236239
33 , 0.0553647639524 , -0.555844832503
33 , 0.419496623191 , -0.690127938277
33 , 0.325910945419 , -0.206870781262
33 , 0.231159483896 , -0.107878564151
33 , 0.0468879828352 , 0.0419453742332
33 , 0.0981395325681 , 0.344773544505
34 , 0.0351541541718 , 0.299253976909
34 , 0.0750501135117 , 0.140171001043
34 , 0.18479338688 , 0.0104296218076
34 , 0.0563377029187 , 0.350602035932
34 , 0.10158796072 , 0.00649990845988
34 , 0.10919912791 , 0.0399986483293
34 , 0.0825817875148 , 0.184000260627
34 , 0.177433601737 , 0.951344070545
34 , 0.844101307449 , 0.28465475418
34 , 0.15771992188 , 0.0304905459762
34 , 0.0395140944172 , 0.515395997302
34 , 0.0591006952594 , 0.354079178367
34 , 0.0554584165256 , 0.550152515435
34 , 0.0242855078297 , 0.472745394893
34 , 0.12644986873 , 0.148601449746
34 , 0.0553647639524 , -0.208401800366
34 , 0.177433601737 , 0.278910241848
34 , 0.087297402387 , 0.402978655152
34 , 0.0372924169407 , 0.532837962208
34 , 0.310310080512 , 0.289902670115
35 , 0.179049823254 , -0.0419760194816
35 , 0.239568426384 , 0.570837380207
35 , 0.57169465418 , 0.0148429098323
35 , 0.378005166504 , -0.259303745681
35 , 0.9261171421 , -0.773594374752
35 , 0.0988234753237 , 0.45246857656
35 , 0.636048700799 , 0.107878564151
35 , 0.169928815357 , -0.0502675964489
35 , 0.110635270229 , -0.305988361034
35 , 0.378005166504 , 0.0243370116163
35 , 0.27281080223 , -0.0781006193289
35 , 0.239568426384 , 0.0236930009827
35 , 0.9261171421 , 0.161269387339
35 , 0.636048700799 , 0.134087609197
35 , 0.419496623191 , 0.042075144801
35 , 0.57169465418 , 0.0432390229835
35 , 0.239568426384 , -0.479936321437
35 , 0.179049823254 , -0.00135929986211
35 , 0.9261171421 , 0.00170793951575
35 , 0.636048700799 , 0.527950961271
35 , 0.0554584165256 , 0.999938733873
35 , 0.110635270229 , 0.845636128764
35 , 0.0535784384553 , 0.993092259387
35 , 0.0825817875148 , 0.998356414183
35 , 0.0242855078297 , 0.359925229294
36 , 0.0837755674791 , -0.0028749920788
36 , 0.0837755674791 , 0.000704999883199
36 , 0.179049823254 , 0.00676105201114
36 , 0.636048700799 , 0.999493763178
36 , 0.0952538964582 , 0.977650039138
36 , 0.179049823254 , -0.0247660896667
36 , 0.0858407427382 , 0.733208005315
36 , 0.0468879828352 , -0.718723748532
36 , 0.378005166504 , 0.0184878931671
36 , 0.0563377029187 , 0.909840957536
36 , 0.10158796072 , 0.874642077201
36 , 0.494816571603 , 0.72750189673
36 , 0.18479338688 , -0.984979076163
36 , 0.527904852409 , -0.258751635763
36 , 0.0591006952594 , -0.498343567272
36 , 0.0926855869558 , 0.524117551499
36 , 0.494816571603 , 0.997741338253
36 , 0.411431702829 , 0.954722796568
36 , 0.160822834781 , 0.158940939566
36 , 0.0750501135117 , 0.127600627163
36 , 0.0988234753237 , 0.0691892751781
36 , 0.0563377029187 , -0.0116794688911
36 , 0.0309338017338 , -0.570686283328
36 , 0.280965475357 , 0.516328032781
36 , 0.10158796072 , -0.672257075279
37 , 0.0881491692512 , -0.0132132309558
37 , 0.0881491692512 , -0.00919574078451
37 , 0.411431702829 , -0.238233043544
37 , 0.0825817875148 , -0.0786770553227
37 , 0.0981868710685 , -0.0170803387147
37 , 0.0981868710685 , -0.0151968299675
37 , 0.231159483896 , 0.00389998022712
37 , 0.0403056390082 , -0.0165085000644
37 , 0.0553647639524 , -0.175852898931
37 , 0.0322323664912 , -0.11756383698
37 , 0.179049823254 , -0.19531782233
37 , 0.169928815357 , -0.0359445077957
37 , 0.378005166504 , -0.0540771938958
37 , 0.0981395325681 , -0.0234656915373
37 , 0.63756136826 , 0.757234374456
38 , 0.27281080223 , -0.000729999870328
38 , 0.636048700799 , -0.00272999321788
38 , 0.207527168528 , 2.9999999991e-05
38 , 0.160822834781 , 0.0269951896374
38 , 0.722407488584 , -0.14134722514
38 , 0.337433953198 , -0.325994610908
38 , 0.345305427387 , -0.204160312992
38 , 0.0837755674791 , -0.164637793619
38 , 0.160822834781 , 0.585379846479
38 , 0.0238681528833 , -0.0277728560003
38 , 0.231159483896 , -0.382538558591
38 , 0.0984597882277 , -0.0303906386392
38 , 0.180336069412 , -0.385028469866
38 , 0.0609434052038 , -0.00553994332354
38 , 0.0397224615908 , 0.0499413774725
38 , 0.844101307449 , 0.398064864479
38 , 0.0554584165256 , 0.295978326152
38 , 0.0794441716528 , 0.056448374177
38 , 0.342273601762 , 0.335286485002
38 , 0.844101307449 , 0.714000944749
38 , 0.0397224615908 , 0.104574806135
38 , 0.0554584165256 , 0.381203917273
38 , 0.844101307449 , 0.341554210445
38 , 0.0794441716528 , 0.568886371356
38 , 0.0397224615908 , 0.0927343915893
39 , 0.0837755674791 , -0.166825358399
39 , 0.0837755674791 , -0.196549309446
39 , 0.636048700799 , -0.0251896701919
39 , 0.0351541541718 , 0.066338198715
39 , 0.192767483387 , 0.0168804763592
39 , 0.636048700799 , 0.0403491592068
39 , 0.0609434052038 , 0.476347032767
39 , 0.0981395325681 , 0.128476233307
39 , 0.160822834781 , 0.969340412127
39 , 0.0981395325681 , -0.000730199870221
39 , 0.0591006952594 , 0.603326567324
39 , 0.0591006952594 , 0.829503089992
39 , 0.636048700799 , 0.0841863417062
39 , 0.160822834781 , -0.64087414089
39 , 0.192767483387 , 0.647279412943
39 , 0.0609434052038 , 0.062526776437
39 , 0.0351541541718 , 0.0116537031678
39 , 0.0297270499841 , 0.0195375135135
40 , 0.0563377029187 , 0.0034999857084
40 , 0.10158796072 , 0.000604999926185
40 , 0.10158796072 , 0.0021749965703
40 , 0.0825817875148 , 0.0134091962262
40 , 0.280965475357 , -0.00779984181985
40 , 0.0581214471332 , 0.0150488638154
40 , 0.280965475357 , 0.00500995808325
40 , 0.722407488584 , 0.0425542853349
40 , 0.0858407427382 , 0.0224862089523
40 , 0.068865761182 , 0.212740487385
40 , 0.18479338688 , 0.0272132793015
40 , 0.0351541541718 , 0.0353952075959
40 , 0.127103388074 , 0.0566193807516
40 , 0.0750501135117 , 0.0718957380975
40 , 0.63756136826 , 0.0320190510776
40 , 0.0878568536798 , 0.00546994544488
40 , 0.0837755674791 , 0.201245224287
40 , 0.419496623191 , 0.0468157526947
40 , 0.180336069412 , 0.0203871747414
40 , 0.0926855869558 , 0.0079998293377
40 , 0.0617648109684 , 0.00936972579065
40 , 0.087297402387 , 0.0109895575636
40 , 0.0554584165256 , 0.138092039936
40 , 0.0988234753237 , 0.170964465891
40 , 0.844101307449 , 0.0678854289201
41 , 0.0782100073981 , -0.558121069489
41 , 0.0881491692512 , -0.324689148328
41 , 0.527904852409 , 0.282180832018
41 , 0.722407488584 , 0.411993577885
41 , 0.0981395325681 , -0.114890447391
41 , 0.411431702829 , -0.518466346474
41 , 0.10158796072 , -0.6014079413
41 , 0.0591006952594 , -0.904131151581
41 , 0.325910945419 , 0.090352918749
41 , 0.0812647681027 , 0.0755182464288
41 , 0.342273601762 , -0.166271802715
41 , 0.0812647681027 , -0.019619781966
41 , 0.231159483896 , 0.168672525485
41 , 0.068865761182 , -0.0407773759602
41 , 0.0926855869558 , 0.222999151731
41 , 0.18479338688 , 0.619282253837
41 , 0.411431702829 , 0.366825447544
42 , 0.0750501135117 , -0.208621800616
42 , 0.192767483387 , 0.470513784375
42 , 0.0825817875148 , 0.490698537227
42 , 0.0535784384553 , 0.516863216879
42 , 0.0554584165256 , 0.511559678787
42 , 0.21601906697 , 0.520867865219
42 , 0.0351541541718 , -0.208975669754
42 , 0.075185672145 , 0.502040108224
42 , 0.160822834781 , 0.498629141581
42 , 0.0609434052038 , 0.29364142852
42 , 0.0498584777262 , 0.559524011978
42 , 0.298596311722 , 0.494462624764
42 , 0.18479338688 , -0.391135562656
42 , 0.0618019166094 , 0.501344184671
42 , 0.0825817875148 , 0.563488465633
42 , 0.280965475357 , -0.585196914493
42 , 0.9261171421 , -0.22499378461
42 , 0.0397224615908 , 0.153174890146
42 , 0.266658817507 , 0.476131734037
42 , 0.0981868710685 , 0.492116965963
42 , 0.0535784384553 , -0.445674814817
42 , 0.239568426384 , -0.608219118362
42 , 0.0957591171924 , -0.288738977615
42 , 0.0750501135117 , -0.126862768128
42 , 0.068865761182 , 0.567420354559
43 , 0.105892558912 , 0.167424935815
43 , 0.0988234753237 , 0.0655956748359
43 , 0.722407488584 , -0.995839563176
43 , 0.63756136826 , 0.0706570632649
43 , 0.0468879828352 , 0.75829969732
43 , 0.722407488584 , -0.771430020278
43 , 0.207527168528 , 0.00158399867522
43 , 0.18479338688 , 0.00387998052976
43 , 0.18479338688 , 0.00108999956832
43 , 0.160822834781 , 0.215240510892
43 , 0.0468879828352 , 0.227473993828
43 , 0.63756136826 , -0.00929598221446
43 , 0.0468879828352 , 0.185839152168
43 , 0.239568426384 , 0.334748056505
43 , 0.0498584777262 , 0.00438997179871
43 , 0.160822834781 , 0.444054582987
43 , 0.0988234753237 , 0.401760618729
43 , 0.0692439642743 , 0.0371628775136
43 , 0.0858407427382 , 0.297851243098
43 , 0.0563377029187 , 0.185767706863
43 , 0.0563377029187 , 0.0360943131857
43 , 0.63756136826 , -0.010108405687
43 , 0.0988234753237 , 0.140909454834
44 , 0.312991875354 , 0.437067447291
44 , 0.0632958141646 , 0.263810926047
44 , 0.0352562236863 , -0.0144389964382
44 , 0.337433953198 , 0.252798390706
44 , 0.18479338688 , -0.136497745791
44 , 0.0644235218592 , 0.558189915734
44 , 0.12644986873 , 0.501718417834
44 , 0.0632958141646 , 0.149471681095
44 , 0.0581214471332 , 0.34345116481
44 , 0.105892558912 , 0.172604593693
44 , 0.337433953198 , 0.306338783057
44 , 0.9261171421 , 0.623548425452
44 , 0.844101307449 , 0.329172579269
44 , 0.0981395325681 , 0.599201207112
44 , 0.0691901071368 , 0.100756947719
44 , 0.0242855078297 , 0.307181268385
44 , 0.18479338688 , 0.932614841484
44 , 0.160822834781 , 0.956297344978
44 , 0.0978630402968 , 0.416632290359
44 , 0.419496623191 , 0.393639814413
44 , 0.0468879828352 , 0.491851682969
44 , 0.0981868710685 , 0.346006532242
44 , 0.310310080512 , 0.437520360735
44 , 0.0554584165256 , 0.462345196536
44 , 0.0988234753237 , 0.652591896185
45 , 0.0553647639524 , -0.00180159805081
45 , 0.636048700799 , -0.00249999479168
45 , 0.0553647639524 , -0.0225645691726
45 , 0.160822834781 , -0.00839980243758
45 , 0.0352562236863 , 4.99999999583e-05
45 , 0.494816571603 , -0.0224562241009
45 , 0.527904852409 , 0.000199999997333
45 , 0.0858407427382 , -0.0396591876891
45 , 0.0554584165256 , -0.00339998689873
45 , 0.0591006952594 , -0.000839999802432
45 , 0.0837755674791 , -0.000739999864925
45 , 0.337433953198 , -0.00111999953169
45 , 0.636048700799 , 0.0210468914484
45 , 0.63756136826 , -8.9999999757e-05
45 , 0.0881491692512 , -0.00238999544937
45 , 0.231159483896 , -0.0407773759602
45 , 0.0238681528833 , -0.0130792541143
45 , 0.494816571603 , -0.0343265080472
45 , 0.636048700799 , -0.020227240723
45 , 0.0591006952594 , -0.25887292787
45 , 0.0352562236863 , -0.0152688132606
45 , 0.0535784384553 , 0.515432714704
45 , 0.179049823254 , -0.389949095574
45 , 0.310310080512 , -0.416326468741
45 , 0.0981868710685 , 0.370351142748
