0 ,  ,  , 17.328679514 , 0.5 , 25
0 , 0.1 , 10 , 12.4677714824 , 0.58416 , 25
0 , 0.1 , 20 , 8.09570991087 , 0.61288 , 25
0 , 0.1 , 30 , 5.84353836039 , 0.617648 , 25
0 , 0.1 , 40 , 4.63631437399 , 0.6172 , 25
0 , 0.25 , 10 , 8.98366035427 , 0.611776 , 25
0 , 0.25 , 20 , 5.47304769418 , 0.639904 , 25
0 , 0.25 , 30 , 4.38969992076 , 0.650192 , 25
0 , 0.25 , 40 , 3.97407347842 , 0.655064 , 25
0 , 0.5 , 10 , 5.60493968544 , 0.638592 , 25
0 , 0.5 , 20 , 2.45699370507 , 0.670624 , 25
0 , 0.5 , 30 , 1.70017146693 , 0.677232 , 25
0 , 0.5 , 40 , 1.50312785561 , 0.679624 , 25
0 , 0.75 , 10 , 4.68244557788 , 0.620904 , 25
0 , 0.75 , 20 , 3.28713352971 , 0.640328 , 25
0 , 0.75 , 30 , 2.7590574755 , 0.650296 , 25
0 , 0.75 , 40 , 2.46811793323 , 0.653232 , 25
0 , 1 , 10 , 4.30150916565 , 0.574872 , 25
0 , 1 , 20 , 3.09489087189 , 0.582976 , 25
0 , 1 , 30 , 2.56669546423 , 0.58248 , 25
0 , 1 , 40 , 2.31231519811 , 0.583016 , 25
1 ,  ,  , 17.328679514 , 0.5 , 25
1 , 0.1 , 10 , 11.2372811841 , 0.654272 , 25
1 , 0.1 , 20 , 6.02827609871 , 0.696848 , 25
1 , 0.1 , 30 , 3.77724320386 , 0.709904 , 25
1 , 0.1 , 40 , 2.75829042084 , 0.714776 , 25
1 , 0.25 , 10 , 8.94223234523 , 0.691 , 25
1 , 0.25 , 20 , 4.04762461305 , 0.716816 , 25
1 , 0.25 , 30 , 2.35741580274 , 0.721136 , 25
1 , 0.25 , 40 , 1.73774595429 , 0.719688 , 25
1 , 0.5 , 10 , 8.78166660095 , 0.697808 , 25
1 , 0.5 , 20 , 5.19954763193 , 0.72532 , 25
1 , 0.5 , 30 , 4.19471122491 , 0.735656 , 25
1 , 0.5 , 40 , 3.83760514656 , 0.739384 , 25
1 , 0.75 , 10 , 9.58680781027 , 0.679976 , 25
1 , 0.75 , 20 , 5.927253538 , 0.709272 , 25
1 , 0.75 , 30 , 4.38861694739 , 0.719152 , 25
1 , 0.75 , 40 , 3.52679644807 , 0.72396 , 25
1 , 1 , 10 , 10.5560181698 , 0.6506 , 25
1 , 1 , 20 , 7.86010589172 , 0.665856 , 25
1 , 1 , 30 , 6.58156390886 , 0.6692 , 25
1 , 1 , 40 , 5.78335771942 , 0.673888 , 25
2 ,  ,  , 17.328679514 , 0.5 , 25
2 , 0.1 , 10 , 16.0924997412 , 0.457992 , 25
2 , 0.1 , 20 , 13.0507072126 , 0.422496 , 25
2 , 0.1 , 30 , 10.0060807387 , 0.402944 , 25
2 , 0.1 , 40 , 7.39359071181 , 0.391016 , 25
2 , 0.25 , 10 , 14.2975602236 , 0.445856 , 25
2 , 0.25 , 20 , 9.91851643068 , 0.41384 , 25
2 , 0.25 , 30 , 7.0042313729 , 0.395352 , 25
2 , 0.25 , 40 , 5.31155868378 , 0.38652 , 25
2 , 0.5 , 10 , 13.6046746269 , 0.448312 , 25
2 , 0.5 , 20 , 10.4990423736 , 0.41588 , 25
2 , 0.5 , 30 , 8.43654547121 , 0.395336 , 25
2 , 0.5 , 40 , 6.88461550683 , 0.383472 , 25
2 , 0.75 , 10 , 13.1318904263 , 0.431952 , 25
2 , 0.75 , 20 , 9.67443215752 , 0.386424 , 25
2 , 0.75 , 30 , 7.27988472596 , 0.36164 , 25
2 , 0.75 , 40 , 5.74488489206 , 0.349264 , 25
2 , 1 , 10 , 12.1423140371 , 0.393664 , 25
2 , 1 , 20 , 7.87899533062 , 0.349776 , 25
2 , 1 , 30 , 5.56925420869 , 0.338288 , 25
2 , 1 , 40 , 4.47296624595 , 0.3352 , 25
3 ,  ,  , 15.2492379723 , 0.5 , 22
3 , 0.1 , 10 , 14.661028135 , 0.478754545455 , 22
3 , 0.1 , 20 , 13.3013415 , 0.461472727273 , 22
3 , 0.1 , 30 , 11.9142843132 , 0.454009090909 , 22
3 , 0.1 , 40 , 10.7045932695 , 0.4486 , 22
3 , 0.25 , 10 , 13.5257862554 , 0.443145454545 , 22
3 , 0.25 , 20 , 10.99748159 , 0.418527272727 , 22
3 , 0.25 , 30 , 9.1003015977 , 0.410372727273 , 22
3 , 0.25 , 40 , 7.88628560123 , 0.4084 , 22
3 , 0.5 , 10 , 11.3222213876 , 0.395236363636 , 22
3 , 0.5 , 20 , 7.83673638595 , 0.356709090909 , 22
3 , 0.5 , 30 , 5.79326620433 , 0.340372727273 , 22
3 , 0.5 , 40 , 4.51400292533 , 0.331236363636 , 22
3 , 0.75 , 10 , 9.7043908377 , 0.370863636364 , 22
3 , 0.75 , 20 , 5.95105377813 , 0.340927272727 , 22
3 , 0.75 , 30 , 3.9188590741 , 0.332763636364 , 22
3 , 0.75 , 40 , 2.83815165139 , 0.328218181818 , 22
3 , 1 , 10 , 8.18147467523 , 0.3623 , 22
3 , 1 , 20 , 5.04099070445 , 0.339945454545 , 22
3 , 1 , 30 , 3.93725800017 , 0.334554545455 , 22
3 , 1 , 40 , 3.20501200659 , 0.332427272727 , 22
4 ,  ,  , 13.1697964306 , 0.5 , 19
4 , 0.1 , 10 , 13.1339495211 , 0.512326315789 , 19
4 , 0.1 , 20 , 13.0223686307 , 0.521578947368 , 19
4 , 0.1 , 30 , 12.8502232095 , 0.536326315789 , 19
4 , 0.1 , 40 , 12.6096047099 , 0.544347368421 , 19
4 , 0.25 , 10 , 12.9609501479 , 0.529557894737 , 19
4 , 0.25 , 20 , 12.4567249582 , 0.554336842105 , 19
4 , 0.25 , 30 , 11.6490924808 , 0.579115789474 , 19
4 , 0.25 , 40 , 10.7863327249 , 0.594178947368 , 19
4 , 0.5 , 10 , 12.6181557078 , 0.541052631579 , 19
4 , 0.5 , 20 , 11.4136639567 , 0.572263157895 , 19
4 , 0.5 , 30 , 10.1824872697 , 0.593452631579 , 19
4 , 0.5 , 40 , 9.24562676786 , 0.607242105263 , 19
4 , 0.75 , 10 , 12.3629944324 , 0.537326315789 , 19
4 , 0.75 , 20 , 11.1337337182 , 0.557652631579 , 19
4 , 0.75 , 30 , 10.2815382649 , 0.573757894737 , 19
4 , 0.75 , 40 , 9.62509557021 , 0.584378947368 , 19
4 , 1 , 10 , 12.0868902258 , 0.518357894737 , 19
4 , 1 , 20 , 11.1956710367 , 0.518347368421 , 19
4 , 1 , 30 , 10.8975489655 , 0.516715789474 , 19
4 , 1 , 40 , 10.6522441182 , 0.5128 , 19
5 ,  ,  , 17.328679514 , 0.5 , 25
5 , 0.1 , 10 , 11.033886946 , 0.543344 , 25
5 , 0.1 , 20 , 5.65008012104 , 0.557368 , 25
5 , 0.1 , 30 , 3.67615574302 , 0.564696 , 25
5 , 0.1 , 40 , 2.96032550258 , 0.5674 , 25
5 , 0.25 , 10 , 8.64292833917 , 0.56568 , 25
5 , 0.25 , 20 , 4.41243764882 , 0.569848 , 25
5 , 0.25 , 30 , 2.92690015292 , 0.572096 , 25
5 , 0.25 , 40 , 2.29605334658 , 0.574904 , 25
5 , 0.5 , 10 , 10.3134074237 , 0.59524 , 25
5 , 0.5 , 20 , 7.99473022172 , 0.59672 , 25
5 , 0.5 , 30 , 6.32582556962 , 0.593848 , 25
5 , 0.5 , 40 , 4.99707663337 , 0.589472 , 25
5 , 0.75 , 10 , 10.2724376945 , 0.606328 , 25
5 , 0.75 , 20 , 6.47395624208 , 0.632624 , 25
5 , 0.75 , 30 , 3.95515388189 , 0.646128 , 25
5 , 0.75 , 40 , 2.41684518213 , 0.653664 , 25
5 , 1 , 10 , 9.15243418113 , 0.576088 , 25
5 , 1 , 20 , 4.54916756239 , 0.587576 , 25
5 , 1 , 30 , 2.41202626791 , 0.587832 , 25
5 , 1 , 40 , 1.57262903015 , 0.586984 , 25
6 ,  ,  , 17.328679514 , 0.5 , 25
6 , 0.1 , 10 , 15.9004303647 , 0.457096 , 25
6 , 0.1 , 20 , 13.637875236 , 0.437992 , 25
6 , 0.1 , 30 , 11.8581036024 , 0.428816 , 25
6 , 0.1 , 40 , 10.8507774402 , 0.426 , 25
6 , 0.25 , 10 , 13.5869197455 , 0.443432 , 25
6 , 0.25 , 20 , 10.8024902313 , 0.430016 , 25
6 , 0.25 , 30 , 9.4988787076 , 0.42628 , 25
6 , 0.25 , 40 , 8.63393012342 , 0.423016 , 25
6 , 0.5 , 10 , 11.853253455 , 0.448648 , 25
6 , 0.5 , 20 , 9.00723843918 , 0.447392 , 25
6 , 0.5 , 30 , 7.25798982669 , 0.451696 , 25
6 , 0.5 , 40 , 6.00715269618 , 0.457352 , 25
6 , 0.75 , 10 , 10.8947012818 , 0.46472 , 25
6 , 0.75 , 20 , 6.87843730521 , 0.467496 , 25
6 , 0.75 , 30 , 4.57417071188 , 0.468192 , 25
6 , 0.75 , 40 , 3.32273959118 , 0.466032 , 25
6 , 1 , 10 , 10.0939569293 , 0.47936 , 25
6 , 1 , 20 , 5.39905742713 , 0.474984 , 25
6 , 1 , 30 , 3.17555672953 , 0.467752 , 25
6 , 1 , 40 , 2.11658261521 , 0.463544 , 25
7 ,  ,  , 17.328679514 , 0.5 , 25
7 , 0.1 , 10 , 14.8699620796 , 0.512688 , 25
7 , 0.1 , 20 , 10.620318339 , 0.524648 , 25
7 , 0.1 , 30 , 7.82462262418 , 0.535496 , 25
7 , 0.1 , 40 , 6.35720486436 , 0.541592 , 25
7 , 0.25 , 10 , 11.5974177304 , 0.531408 , 25
7 , 0.25 , 20 , 6.90590938067 , 0.543936 , 25
7 , 0.25 , 30 , 5.07343991088 , 0.549352 , 25
7 , 0.25 , 40 , 4.30203646456 , 0.551984 , 25
7 , 0.5 , 10 , 10.0533803049 , 0.540728 , 25
7 , 0.5 , 20 , 6.26587845271 , 0.548768 , 25
7 , 0.5 , 30 , 4.47396661146 , 0.55364 , 25
7 , 0.5 , 40 , 3.58289605177 , 0.556752 , 25
7 , 0.75 , 10 , 9.55756280217 , 0.553392 , 25
7 , 0.75 , 20 , 7.69997744712 , 0.56888 , 25
7 , 0.75 , 30 , 6.68358237672 , 0.571744 , 25
7 , 0.75 , 40 , 5.75213227516 , 0.568272 , 25
7 , 1 , 10 , 9.26662949655 , 0.582352 , 25
7 , 1 , 20 , 7.67154049666 , 0.62 , 25
7 , 1 , 30 , 6.66895651044 , 0.641328 , 25
7 , 1 , 40 , 6.01770860634 , 0.654568 , 25
8 ,  ,  , 17.328679514 , 0.5 , 25
8 , 0.1 , 10 , 8.73092932532 , 0.523232 , 25
8 , 0.1 , 20 , 3.67462548936 , 0.535016 , 25
8 , 0.1 , 30 , 2.35146598494 , 0.539232 , 25
8 , 0.1 , 40 , 1.91887487311 , 0.540056 , 25
8 , 0.25 , 10 , 5.68389277074 , 0.522824 , 25
8 , 0.25 , 20 , 2.6589140802 , 0.529184 , 25
8 , 0.25 , 30 , 1.92640484007 , 0.533152 , 25
8 , 0.25 , 40 , 1.50937013948 , 0.535168 , 25
8 , 0.5 , 10 , 5.52179763494 , 0.525016 , 25
8 , 0.5 , 20 , 3.06809560791 , 0.529304 , 25
8 , 0.5 , 30 , 2.30308112753 , 0.532216 , 25
8 , 0.5 , 40 , 1.83994985946 , 0.535064 , 25
8 , 0.75 , 10 , 3.52182585093 , 0.543944 , 25
8 , 0.75 , 20 , 1.01471568644 , 0.540448 , 25
8 , 0.75 , 30 , 0.740716776223 , 0.540232 , 25
8 , 0.75 , 40 , 0.697076144179 , 0.54004 , 25
8 , 1 , 10 , 4.50718892728 , 0.552344 , 25
8 , 1 , 20 , 1.93814081289 , 0.541496 , 25
8 , 1 , 30 , 1.19253033629 , 0.539888 , 25
8 , 1 , 40 , 0.900390143138 , 0.540408 , 25
9 ,  ,  , 12.4766492501 , 0.5 , 18
9 , 0.1 , 10 , 8.42361306487 , 0.564888888889 , 18
9 , 0.1 , 20 , 5.3006582109 , 0.577744444444 , 18
9 , 0.1 , 30 , 4.10513553545 , 0.575255555556 , 18
9 , 0.1 , 40 , 3.52609638362 , 0.571622222222 , 18
9 , 0.25 , 10 , 5.78828987103 , 0.572688888889 , 18
9 , 0.25 , 20 , 3.29246244884 , 0.5688 , 18
9 , 0.25 , 30 , 2.60716163956 , 0.5632 , 18
9 , 0.25 , 40 , 2.19689920113 , 0.560122222222 , 18
9 , 0.5 , 10 , 5.13622735157 , 0.552088888889 , 18
9 , 0.5 , 20 , 2.83066891007 , 0.552366666667 , 18
9 , 0.5 , 30 , 1.96838669278 , 0.552511111111 , 18
9 , 0.5 , 40 , 1.63404647882 , 0.553966666667 , 18
9 , 0.75 , 10 , 4.63116385524 , 0.519 , 18
9 , 0.75 , 20 , 2.25339910259 , 0.5049 , 18
9 , 0.75 , 30 , 1.60091041011 , 0.500955555556 , 18
9 , 0.75 , 40 , 1.45902032381 , 0.500711111111 , 18
9 , 1 , 10 , 4.71409179582 , 0.505833333333 , 18
9 , 1 , 20 , 2.60955911595 , 0.500966666667 , 18
9 , 1 , 30 , 1.83485853839 , 0.500788888889 , 18
9 , 1 , 40 , 1.55976161283 , 0.500955555556 , 18
10 ,  ,  , 17.328679514 , 0.5 , 25
10 , 0.1 , 10 , 10.8736306369 , 0.491688 , 25
10 , 0.1 , 20 , 6.80991355879 , 0.472872 , 25
10 , 0.1 , 30 , 4.62048418128 , 0.464504 , 25
10 , 0.1 , 40 , 3.37096921241 , 0.4606 , 25
10 , 0.25 , 10 , 6.97571789596 , 0.476856 , 25
10 , 0.25 , 20 , 3.27750006938 , 0.46308 , 25
10 , 0.25 , 30 , 2.36391557569 , 0.460016 , 25
10 , 0.25 , 40 , 2.15055275865 , 0.460304 , 25
10 , 0.5 , 10 , 5.07316997097 , 0.470176 , 25
10 , 0.5 , 20 , 2.58402700426 , 0.461656 , 25
10 , 0.5 , 30 , 2.16314615741 , 0.460152 , 25
10 , 0.5 , 40 , 2.09414103025 , 0.459904 , 25
10 , 0.75 , 10 , 4.80006706534 , 0.467448 , 25
10 , 0.75 , 20 , 2.76168529129 , 0.459536 , 25
10 , 0.75 , 30 , 2.31471410338 , 0.460008 , 25
10 , 0.75 , 40 , 2.16711461725 , 0.459944 , 25
10 , 1 , 10 , 4.6639631449 , 0.460136 , 25
10 , 1 , 20 , 3.19352925996 , 0.457888 , 25
10 , 1 , 30 , 2.72680501992 , 0.459312 , 25
10 , 1 , 40 , 2.46106225443 , 0.4592 , 25
11 ,  ,  , 17.328679514 , 0.5 , 25
11 , 0.1 , 10 , 8.39445514173 , 0.58148 , 25
11 , 0.1 , 20 , 3.65527174261 , 0.585096 , 25
11 , 0.1 , 30 , 2.4326559546 , 0.587176 , 25
11 , 0.1 , 40 , 2.0874841528 , 0.587824 , 25
11 , 0.25 , 10 , 4.50305919902 , 0.581704 , 25
11 , 0.25 , 20 , 2.08332052433 , 0.58908 , 25
11 , 0.25 , 30 , 1.75540032895 , 0.592424 , 25
11 , 0.25 , 40 , 1.62087275934 , 0.59376 , 25
11 , 0.5 , 10 , 4.20489885105 , 0.580008 , 25
11 , 0.5 , 20 , 1.84657476858 , 0.592344 , 25
11 , 0.5 , 30 , 1.46832667578 , 0.593352 , 25
11 , 0.5 , 40 , 1.34413356302 , 0.592784 , 25
11 , 0.75 , 10 , 5.04340707541 , 0.58044 , 25
11 , 0.75 , 20 , 2.04190784472 , 0.590376 , 25
11 , 0.75 , 30 , 1.45945681854 , 0.590648 , 25
11 , 0.75 , 40 , 1.26487878191 , 0.588952 , 25
11 , 1 , 10 , 7.01107991974 , 0.574584 , 25
11 , 1 , 20 , 4.09025034921 , 0.58452 , 25
11 , 1 , 30 , 2.7442370763 , 0.585152 , 25
11 , 1 , 40 , 1.94718165395 , 0.5854 , 25
12 ,  ,  , 17.328679514 , 0.5 , 25
12 , 0.1 , 10 , 16.6687354415 , 0.49468 , 25
12 , 0.1 , 20 , 15.0165759839 , 0.497072 , 25
12 , 0.1 , 30 , 13.1896577278 , 0.507152 , 25
12 , 0.1 , 40 , 11.3905676843 , 0.522272 , 25
12 , 0.25 , 10 , 15.533144994 , 0.483144 , 25
12 , 0.25 , 20 , 12.5937868822 , 0.495104 , 25
12 , 0.25 , 30 , 10.2856624098 , 0.519096 , 25
12 , 0.25 , 40 , 8.63796352422 , 0.540808 , 25
12 , 0.5 , 10 , 13.7859193511 , 0.459792 , 25
12 , 0.5 , 20 , 10.6647884927 , 0.479704 , 25
12 , 0.5 , 30 , 9.02232587791 , 0.501152 , 25
12 , 0.5 , 40 , 8.12388920156 , 0.512712 , 25
12 , 0.75 , 10 , 12.5526501479 , 0.445976 , 25
12 , 0.75 , 20 , 9.7951504569 , 0.458944 , 25
12 , 0.75 , 30 , 8.67513885164 , 0.464104 , 25
12 , 0.75 , 40 , 7.87499585015 , 0.466632 , 25
12 , 1 , 10 , 11.6246920559 , 0.431456 , 25
12 , 1 , 20 , 9.07456014299 , 0.435224 , 25
12 , 1 , 30 , 7.98530453225 , 0.439672 , 25
12 , 1 , 40 , 7.11105479574 , 0.446096 , 25
13 ,  ,  , 11.090354889 , 0.5 , 16
13 , 0.1 , 10 , 4.5196046433 , 0.8846375 , 16
13 , 0.1 , 20 , 1.99834677688 , 0.9467875 , 16
13 , 0.1 , 30 , 1.15089572172 , 0.963075 , 16
13 , 0.1 , 40 , 0.875793361921 , 0.9666625 , 16
13 , 0.25 , 10 , 2.44135736729 , 0.9379625 , 16
13 , 0.25 , 20 , 1.02788696136 , 0.964475 , 16
13 , 0.25 , 30 , 0.758795571203 , 0.9683625 , 16
13 , 0.25 , 40 , 0.70903812564 , 0.96855 , 16
13 , 0.5 , 10 , 2.38528099187 , 0.928525 , 16
13 , 0.5 , 20 , 1.46473398303 , 0.9539 , 16
13 , 0.5 , 30 , 1.07547326243 , 0.9625125 , 16
13 , 0.5 , 40 , 0.866176063963 , 0.9668875 , 16
13 , 0.75 , 10 , 2.95425193002 , 0.89935 , 16
13 , 0.75 , 20 , 2.25963674472 , 0.9254125 , 16
13 , 0.75 , 30 , 1.85720216558 , 0.94155 , 16
13 , 0.75 , 40 , 1.57109551979 , 0.9518 , 16
13 , 1 , 10 , 3.52929028473 , 0.8699 , 16
13 , 1 , 20 , 3.12603092834 , 0.894825 , 16
13 , 1 , 30 , 2.76880877246 , 0.913675 , 16
13 , 1 , 40 , 2.37524185334 , 0.929375 , 16
14 ,  ,  , 10.3972077084 , 0.5 , 15
14 , 0.1 , 10 , 10.036888579 , 0.50132 , 15
14 , 0.1 , 20 , 9.11981771017 , 0.505666666667 , 15
14 , 0.1 , 30 , 7.93574726444 , 0.50588 , 15
14 , 0.1 , 40 , 6.76267592396 , 0.507586666667 , 15
14 , 0.25 , 10 , 8.7484781387 , 0.494653333333 , 15
14 , 0.25 , 20 , 6.01746789429 , 0.499493333333 , 15
14 , 0.25 , 30 , 3.93808424227 , 0.50032 , 15
14 , 0.25 , 40 , 2.76107391013 , 0.498586666667 , 15
14 , 0.5 , 10 , 6.45960181505 , 0.47996 , 15
14 , 0.5 , 20 , 3.09926461052 , 0.485053333333 , 15
14 , 0.5 , 30 , 1.65745446174 , 0.490693333333 , 15
14 , 0.5 , 40 , 1.12693851528 , 0.495053333333 , 15
14 , 0.75 , 10 , 5.16923640128 , 0.459826666667 , 15
14 , 0.75 , 20 , 2.64192346728 , 0.464146666667 , 15
14 , 0.75 , 30 , 1.86449241323 , 0.473786666667 , 15
14 , 0.75 , 40 , 1.52112241897 , 0.48088 , 15
14 , 1 , 10 , 4.40016991882 , 0.43724 , 15
14 , 1 , 20 , 2.51460793816 , 0.429266666667 , 15
14 , 1 , 30 , 2.15924482938 , 0.425026666667 , 15
14 , 1 , 40 , 2.07635400911 , 0.423013333333 , 15
15 ,  ,  , 14.5560907918 , 0.5 , 21
15 , 0.1 , 10 , 14.1170368643 , 0.49160952381 , 21
15 , 0.1 , 20 , 13.4017838145 , 0.486685714286 , 21
15 , 0.1 , 30 , 12.9673443568 , 0.484485714286 , 21
15 , 0.1 , 40 , 12.6597255086 , 0.481095238095 , 21
15 , 0.25 , 10 , 13.2663290313 , 0.483257142857 , 21
15 , 0.25 , 20 , 12.538928717 , 0.4726 , 21
15 , 0.25 , 30 , 12.2814571743 , 0.471466666667 , 21
15 , 0.25 , 40 , 12.0813683725 , 0.469971428571 , 21
15 , 0.5 , 10 , 12.7094436662 , 0.471676190476 , 21
15 , 0.5 , 20 , 12.1497480852 , 0.461780952381 , 21
15 , 0.5 , 30 , 11.7921977299 , 0.46119047619 , 21
15 , 0.5 , 40 , 11.4237269435 , 0.456885714286 , 21
15 , 0.75 , 10 , 12.5079298972 , 0.465019047619 , 21
15 , 0.75 , 20 , 11.8186871739 , 0.456114285714 , 21
15 , 0.75 , 30 , 11.306992179 , 0.452533333333 , 21
15 , 0.75 , 40 , 10.9388835547 , 0.449876190476 , 21
15 , 1 , 10 , 12.4989429416 , 0.453514285714 , 21
15 , 1 , 20 , 11.5665984392 , 0.451571428571 , 21
15 , 1 , 30 , 10.9676773289 , 0.450895238095 , 21
15 , 1 , 40 , 10.5666498283 , 0.446838095238 , 21
16 ,  ,  , 13.8629436112 , 0.5 , 20
16 , 0.1 , 10 , 12.7258811412 , 0.51714 , 20
16 , 0.1 , 20 , 10.6370664673 , 0.52533 , 20
16 , 0.1 , 30 , 8.98971475282 , 0.52601 , 20
16 , 0.1 , 40 , 7.84399546808 , 0.52822 , 20
16 , 0.25 , 10 , 10.2365887884 , 0.52057 , 20
16 , 0.25 , 20 , 7.17159412719 , 0.52499 , 20
16 , 0.25 , 30 , 5.65056912451 , 0.52608 , 20
16 , 0.25 , 40 , 4.705683456 , 0.52445 , 20
16 , 0.5 , 10 , 8.58177655036 , 0.50487 , 20
16 , 0.5 , 20 , 6.20411041478 , 0.50091 , 20
16 , 0.5 , 30 , 4.98636366996 , 0.50108 , 20
16 , 0.5 , 40 , 4.42815224939 , 0.49536 , 20
16 , 0.75 , 10 , 8.19540006443 , 0.47212 , 20
16 , 0.75 , 20 , 6.30418928835 , 0.46291 , 20
16 , 0.75 , 30 , 5.45010666997 , 0.4622 , 20
16 , 0.75 , 40 , 5.05572995597 , 0.46277 , 20
16 , 1 , 10 , 6.83299375081 , 0.44002 , 20
16 , 1 , 20 , 4.52247255444 , 0.42186 , 20
16 , 1 , 30 , 3.67626432615 , 0.41327 , 20
16 , 1 , 40 , 3.40261450474 , 0.41176 , 20
17 ,  ,  , 17.328679514 , 0.5 , 25
17 , 0.1 , 10 , 4.41531723725 , 0.748912 , 25
17 , 0.1 , 20 , 1.62483317997 , 0.77152 , 25
17 , 0.1 , 30 , 1.0133190266 , 0.777256 , 25
17 , 0.1 , 40 , 0.808430642944 , 0.779032 , 25
17 , 0.25 , 10 , 1.75668550226 , 0.77268 , 25
17 , 0.25 , 20 , 0.764769588702 , 0.77948 , 25
17 , 0.25 , 30 , 0.698686870965 , 0.779904 , 25
17 , 0.25 , 40 , 0.693197478858 , 0.779936 , 25
17 , 0.5 , 10 , 1.34850712869 , 0.77604 , 25
17 , 0.5 , 20 , 0.721620629561 , 0.779848 , 25
17 , 0.5 , 30 , 0.693275356387 , 0.779304 , 25
17 , 0.5 , 40 , 0.695565742628 , 0.779888 , 25
17 , 0.75 , 10 , 1.7271752217 , 0.771576 , 25
17 , 0.75 , 20 , 0.807040844379 , 0.779184 , 25
17 , 0.75 , 30 , 0.699262619176 , 0.7802 , 25
17 , 0.75 , 40 , 0.695110944348 , 0.779704 , 25
17 , 1 , 10 , 2.50717044853 , 0.765792 , 25
17 , 1 , 20 , 0.983213531698 , 0.7786 , 25
17 , 1 , 30 , 0.746196900115 , 0.77968 , 25
17 , 1 , 40 , 0.706105911601 , 0.779648 , 25
18 ,  ,  , 11.090354889 , 0.5 , 16
18 , 0.1 , 10 , 10.8596687684 , 0.495775 , 16
18 , 0.1 , 20 , 10.244350512 , 0.4937875 , 16
18 , 0.1 , 30 , 9.39235170937 , 0.4925625 , 16
18 , 0.1 , 40 , 8.43626071157 , 0.4925 , 16
18 , 0.25 , 10 , 9.91670805976 , 0.4908875 , 16
18 , 0.25 , 20 , 7.85478836175 , 0.4870125 , 16
18 , 0.25 , 30 , 6.26073028386 , 0.4913625 , 16
18 , 0.25 , 40 , 5.32570325161 , 0.4979875 , 16
18 , 0.5 , 10 , 8.13915752039 , 0.4783625 , 16
18 , 0.5 , 20 , 6.28054866467 , 0.4867625 , 16
18 , 0.5 , 30 , 5.4000587582 , 0.4907875 , 16
18 , 0.5 , 40 , 4.90456372674 , 0.4938875 , 16
18 , 0.75 , 10 , 7.52100317575 , 0.4769375 , 16
18 , 0.75 , 20 , 6.63477794162 , 0.4832 , 16
18 , 0.75 , 30 , 6.04596250432 , 0.4860875 , 16
18 , 0.75 , 40 , 5.63071748714 , 0.485225 , 16
18 , 1 , 10 , 7.65204593129 , 0.4605625 , 16
18 , 1 , 20 , 7.44135263004 , 0.4592625 , 16
18 , 1 , 30 , 7.22938107516 , 0.4523625 , 16
18 , 1 , 40 , 6.99128256852 , 0.45065 , 16
19 ,  ,  , 17.328679514 , 0.5 , 25
19 , 0.1 , 10 , 4.42911612595 , 0.690648 , 25
19 , 0.1 , 20 , 1.53741622116 , 0.695848 , 25
19 , 0.1 , 30 , 0.96658175951 , 0.698584 , 25
19 , 0.1 , 40 , 0.779593253101 , 0.69932 , 25
19 , 0.25 , 10 , 1.53621395679 , 0.697008 , 25
19 , 0.25 , 20 , 0.742447987385 , 0.699808 , 25
19 , 0.25 , 30 , 0.69970798875 , 0.70032 , 25
19 , 0.25 , 40 , 0.693192668624 , 0.700312 , 25
19 , 0.5 , 10 , 1.27987169601 , 0.695248 , 25
19 , 0.5 , 20 , 0.749386367141 , 0.699576 , 25
19 , 0.5 , 30 , 0.702443624995 , 0.699968 , 25
19 , 0.5 , 40 , 0.693243520875 , 0.699656 , 25
19 , 0.75 , 10 , 1.74353789831 , 0.666024 , 25
19 , 0.75 , 20 , 1.01714285373 , 0.663712 , 25
19 , 0.75 , 30 , 0.834682844371 , 0.6612 , 25
19 , 0.75 , 40 , 0.77529894609 , 0.66092 , 25
19 , 1 , 10 , 1.76170607823 , 0.645048 , 25
19 , 1 , 20 , 1.27676898502 , 0.65044 , 25
19 , 1 , 30 , 1.15157193765 , 0.653296 , 25
19 , 1 , 40 , 1.04594676751 , 0.655568 , 25
20 ,  ,  , 17.328679514 , 0.5 , 25
20 , 0.1 , 10 , 12.3379141074 , 0.6302 , 25
20 , 0.1 , 20 , 8.66250998258 , 0.670712 , 25
20 , 0.1 , 30 , 7.05074985924 , 0.684424 , 25
20 , 0.1 , 40 , 6.15372241671 , 0.68716 , 25
20 , 0.25 , 10 , 9.59242973134 , 0.661864 , 25
20 , 0.25 , 20 , 6.72257886959 , 0.690704 , 25
20 , 0.25 , 30 , 5.66400449377 , 0.694976 , 25
20 , 0.25 , 40 , 4.87723143977 , 0.696112 , 25
20 , 0.5 , 10 , 9.07858737194 , 0.671648 , 25
20 , 0.5 , 20 , 6.22037918138 , 0.711856 , 25
20 , 0.5 , 30 , 4.7936748685 , 0.72436 , 25
20 , 0.5 , 40 , 3.88390502091 , 0.72724 , 25
20 , 0.75 , 10 , 7.95268873572 , 0.651072 , 25
20 , 0.75 , 20 , 5.60532367758 , 0.671936 , 25
20 , 0.75 , 30 , 4.67438670181 , 0.671608 , 25
20 , 0.75 , 40 , 4.06556813165 , 0.67036 , 25
20 , 1 , 10 , 5.90130031397 , 0.62224 , 25
20 , 1 , 20 , 4.24167394459 , 0.631336 , 25
20 , 1 , 30 , 3.6681208454 , 0.63264 , 25
20 , 1 , 40 , 3.34195155817 , 0.63316 , 25
21 ,  ,  , 17.328679514 , 0.5 , 25
21 , 0.1 , 10 , 15.2007808169 , 0.51696 , 25
21 , 0.1 , 20 , 11.6291738377 , 0.519112 , 25
21 , 0.1 , 30 , 8.98946864488 , 0.5238 , 25
21 , 0.1 , 40 , 7.32051468298 , 0.52432 , 25
21 , 0.25 , 10 , 12.2802689838 , 0.508504 , 25
21 , 0.25 , 20 , 7.52348152026 , 0.511704 , 25
21 , 0.25 , 30 , 5.51791164515 , 0.518664 , 25
21 , 0.25 , 40 , 4.61850082279 , 0.526856 , 25
21 , 0.5 , 10 , 10.1138463281 , 0.486792 , 25
21 , 0.5 , 20 , 6.39846763301 , 0.498912 , 25
21 , 0.5 , 30 , 5.09729550922 , 0.50944 , 25
21 , 0.5 , 40 , 4.40223866171 , 0.516552 , 25
21 , 0.75 , 10 , 9.84227953687 , 0.496104 , 25
21 , 0.75 , 20 , 8.30053432908 , 0.508312 , 25
21 , 0.75 , 30 , 7.57031799399 , 0.51144 , 25
21 , 0.75 , 40 , 7.05293831365 , 0.510176 , 25
21 , 1 , 10 , 7.31701663595 , 0.51888 , 25
21 , 1 , 20 , 4.86534620133 , 0.524464 , 25
21 , 1 , 30 , 3.95889182544 , 0.519192 , 25
21 , 1 , 40 , 3.38177579006 , 0.51636 , 25
22 ,  ,  , 17.328679514 , 0.5 , 25
22 , 0.1 , 10 , 16.949535857 , 0.51136 , 25
22 , 0.1 , 20 , 16.1112027049 , 0.518304 , 25
22 , 0.1 , 30 , 15.2178783356 , 0.519008 , 25
22 , 0.1 , 40 , 14.2559203572 , 0.513792 , 25
22 , 0.25 , 10 , 16.2686371776 , 0.51744 , 25
22 , 0.25 , 20 , 14.6732851247 , 0.51588 , 25
22 , 0.25 , 30 , 12.9532785792 , 0.515872 , 25
22 , 0.25 , 40 , 11.1853512255 , 0.51332 , 25
22 , 0.5 , 10 , 15.6856170482 , 0.516176 , 25
22 , 0.5 , 20 , 13.4288481117 , 0.512696 , 25
22 , 0.5 , 30 , 11.0857173436 , 0.5082 , 25
22 , 0.5 , 40 , 9.21384235117 , 0.505296 , 25
22 , 0.75 , 10 , 15.3089200947 , 0.510992 , 25
22 , 0.75 , 20 , 12.6471199448 , 0.506192 , 25
22 , 0.75 , 30 , 10.2955521899 , 0.504432 , 25
22 , 0.75 , 40 , 8.67800687397 , 0.502072 , 25
22 , 1 , 10 , 14.9791822065 , 0.510888 , 25
22 , 1 , 20 , 12.3521565634 , 0.509176 , 25
22 , 1 , 30 , 10.4970810424 , 0.50376 , 25
22 , 1 , 40 , 9.26430405588 , 0.502592 , 25
23 ,  ,  , 11.090354889 , 0.5 , 16
23 , 0.1 , 10 , 8.94221585927 , 0.638725 , 16
23 , 0.1 , 20 , 5.87466010948 , 0.701275 , 16
23 , 0.1 , 30 , 3.87875142874 , 0.7268625 , 16
23 , 0.1 , 40 , 2.82221015287 , 0.7389375 , 16
23 , 0.25 , 10 , 6.66165511416 , 0.6794375 , 16
23 , 0.25 , 20 , 3.6297474605 , 0.694925 , 16
23 , 0.25 , 30 , 2.41862024439 , 0.6881125 , 16
23 , 0.25 , 40 , 1.84087871012 , 0.68065 , 16
23 , 0.5 , 10 , 5.0885760872 , 0.668575 , 16
23 , 0.5 , 20 , 2.74660840274 , 0.66555 , 16
23 , 0.5 , 30 , 1.85266001313 , 0.66295 , 16
23 , 0.5 , 40 , 1.41349183668 , 0.6598375 , 16
23 , 0.75 , 10 , 5.26076870263 , 0.6637625 , 16
23 , 0.75 , 20 , 3.52892923242 , 0.6762625 , 16
23 , 0.75 , 30 , 2.93502147662 , 0.6779 , 16
23 , 0.75 , 40 , 2.72446088625 , 0.6761 , 16
23 , 1 , 10 , 6.63345842669 , 0.63845 , 16
23 , 1 , 20 , 5.01078495138 , 0.6618125 , 16
23 , 1 , 30 , 3.9436819246 , 0.67845 , 16
23 , 1 , 40 , 3.28254172821 , 0.6891 , 16
24 ,  ,  , 14.5560907918 , 0.5 , 21
24 , 0.1 , 10 , 13.6641209686 , 0.526714285714 , 21
24 , 0.1 , 20 , 12.5234967777 , 0.539285714286 , 21
24 , 0.1 , 30 , 11.6827027041 , 0.545323809524 , 21
24 , 0.1 , 40 , 11.0294366443 , 0.553685714286 , 21
24 , 0.25 , 10 , 12.5177691591 , 0.540266666667 , 21
24 , 0.25 , 20 , 11.1361661271 , 0.554552380952 , 21
24 , 0.25 , 30 , 10.1053116005 , 0.565638095238 , 21
24 , 0.25 , 40 , 9.24229879479 , 0.573419047619 , 21
24 , 0.5 , 10 , 11.8223882002 , 0.5494 , 21
24 , 0.5 , 20 , 10.4148635179 , 0.564419047619 , 21
24 , 0.5 , 30 , 9.15237621115 , 0.572228571429 , 21
24 , 0.5 , 40 , 8.17458899325 , 0.5764 , 21
24 , 0.75 , 10 , 11.6755551988 , 0.554161904762 , 21
24 , 0.75 , 20 , 10.1461056156 , 0.564580952381 , 21
24 , 0.75 , 30 , 8.72579538014 , 0.566428571429 , 21
24 , 0.75 , 40 , 7.57523974825 , 0.560580952381 , 21
24 , 1 , 10 , 11.5738105697 , 0.552666666667 , 21
24 , 1 , 20 , 9.90361564796 , 0.564638095238 , 21
24 , 1 , 30 , 8.39491532119 , 0.557028571429 , 21
24 , 1 , 40 , 7.09465671504 , 0.550133333333 , 21
25 ,  ,  , 17.328679514 , 0.5 , 25
25 , 0.1 , 10 , 17.1183344661 , 0.514536 , 25
25 , 0.1 , 20 , 16.5528789605 , 0.527984 , 25
25 , 0.1 , 30 , 15.743810424 , 0.536232 , 25
25 , 0.1 , 40 , 14.7433200871 , 0.54368 , 25
25 , 0.25 , 10 , 16.8650237559 , 0.524656 , 25
25 , 0.25 , 20 , 15.7790085014 , 0.540296 , 25
25 , 0.25 , 30 , 14.4772007526 , 0.553392 , 25
25 , 0.25 , 40 , 13.2590278772 , 0.55388 , 25
25 , 0.5 , 10 , 16.6056970552 , 0.530712 , 25
25 , 0.5 , 20 , 15.2810530581 , 0.548992 , 25
25 , 0.5 , 30 , 13.8588057209 , 0.555688 , 25
25 , 0.5 , 40 , 12.6698789454 , 0.559368 , 25
25 , 0.75 , 10 , 16.3394171409 , 0.529136 , 25
25 , 0.75 , 20 , 14.8880486857 , 0.536072 , 25
25 , 0.75 , 30 , 13.4070675532 , 0.542472 , 25
25 , 0.75 , 40 , 12.0833510177 , 0.544544 , 25
25 , 1 , 10 , 16.0287599527 , 0.516976 , 25
25 , 1 , 20 , 14.1912862249 , 0.517312 , 25
25 , 1 , 30 , 12.537976281 , 0.512552 , 25
25 , 1 , 40 , 11.1395247895 , 0.5076 , 25
26 ,  ,  , 13.1697964306 , 0.5 , 19
26 , 0.1 , 10 , 12.7038722655 , 0.541936842105 , 19
26 , 0.1 , 20 , 11.4712819065 , 0.579747368421 , 19
26 , 0.1 , 30 , 10.0484829339 , 0.605326315789 , 19
26 , 0.1 , 40 , 8.66918896311 , 0.620589473684 , 19
26 , 0.25 , 10 , 12.0780345922 , 0.570221052632 , 19
26 , 0.25 , 20 , 10.2300877871 , 0.6086 , 19
26 , 0.25 , 30 , 8.70323587964 , 0.628063157895 , 19
26 , 0.25 , 40 , 7.65116415829 , 0.635842105263 , 19
26 , 0.5 , 10 , 11.6718266308 , 0.579831578947 , 19
26 , 0.5 , 20 , 10.2752506144 , 0.6048 , 19
26 , 0.5 , 30 , 9.11567565218 , 0.617789473684 , 19
26 , 0.5 , 40 , 8.17388144604 , 0.624736842105 , 19
26 , 0.75 , 10 , 11.4683067552 , 0.573 , 19
26 , 0.75 , 20 , 9.96201154681 , 0.591231578947 , 19
26 , 0.75 , 30 , 8.38601068096 , 0.602084210526 , 19
26 , 0.75 , 40 , 7.09956059716 , 0.605010526316 , 19
26 , 1 , 10 , 11.1284710998 , 0.559515789474 , 19
26 , 1 , 20 , 9.2249467613 , 0.555947368421 , 19
26 , 1 , 30 , 7.51077216469 , 0.551189473684 , 19
26 , 1 , 40 , 6.2740158163 , 0.543673684211 , 19
27 ,  ,  , 17.328679514 , 0.5 , 25
27 , 0.1 , 10 , 14.3032592218 , 0.54492 , 25
27 , 0.1 , 20 , 11.8661784615 , 0.558888 , 25
27 , 0.1 , 30 , 10.6158474196 , 0.56308 , 25
27 , 0.1 , 40 , 9.84603049524 , 0.564304 , 25
27 , 0.25 , 10 , 11.6431011332 , 0.568544 , 25
27 , 0.25 , 20 , 9.44708060388 , 0.569824 , 25
27 , 0.25 , 30 , 8.33876537676 , 0.569128 , 25
27 , 0.25 , 40 , 7.46346900504 , 0.568632 , 25
27 , 0.5 , 10 , 10.2537952151 , 0.571224 , 25
27 , 0.5 , 20 , 8.32272057185 , 0.570512 , 25
27 , 0.5 , 30 , 7.33017030505 , 0.567232 , 25
27 , 0.5 , 40 , 6.57272908232 , 0.566128 , 25
27 , 0.75 , 10 , 10.2999682667 , 0.5664 , 25
27 , 0.75 , 20 , 8.37146960031 , 0.570016 , 25
27 , 0.75 , 30 , 7.25855200384 , 0.56948 , 25
27 , 0.75 , 40 , 6.53423961238 , 0.568424 , 25
27 , 1 , 10 , 10.8339519265 , 0.558272 , 25
27 , 1 , 20 , 9.52457826756 , 0.569256 , 25
27 , 1 , 30 , 8.56022745801 , 0.57312 , 25
27 , 1 , 40 , 7.84123535515 , 0.576168 , 25
28 ,  ,  , 17.328679514 , 0.5 , 25
28 , 0.1 , 10 , 13.5436612494 , 0.529608 , 25
28 , 0.1 , 20 , 8.10298881602 , 0.555832 , 25
28 , 0.1 , 30 , 4.52687447503 , 0.569944 , 25
28 , 0.1 , 40 , 2.63943539784 , 0.576064 , 25
28 , 0.25 , 10 , 10.6691411243 , 0.548608 , 25
28 , 0.25 , 20 , 5.13399691587 , 0.5718 , 25
28 , 0.25 , 30 , 3.10448136007 , 0.578 , 25
28 , 0.25 , 40 , 2.30828779224 , 0.579392 , 25
28 , 0.5 , 10 , 8.53926732179 , 0.551624 , 25
28 , 0.5 , 20 , 4.06207421834 , 0.57208 , 25
28 , 0.5 , 30 , 2.58084848596 , 0.577904 , 25
28 , 0.5 , 40 , 1.94859506645 , 0.580096 , 25
28 , 0.75 , 10 , 8.01337439082 , 0.546952 , 25
28 , 0.75 , 20 , 5.15194731899 , 0.56768 , 25
28 , 0.75 , 30 , 3.99119830996 , 0.574264 , 25
28 , 0.75 , 40 , 3.33024234018 , 0.576784 , 25
28 , 1 , 10 , 7.80528818939 , 0.54444 , 25
28 , 1 , 20 , 5.1509154366 , 0.567272 , 25
28 , 1 , 30 , 3.73533361212 , 0.574304 , 25
28 , 1 , 40 , 2.8516593667 , 0.577976 , 25
29 ,  ,  , 10.3972077084 , 0.5 , 15
29 , 0.1 , 10 , 10.1747327785 , 0.54076 , 15
29 , 0.1 , 20 , 9.6213611929 , 0.573266666667 , 15
29 , 0.1 , 30 , 8.85887467101 , 0.60548 , 15
29 , 0.1 , 40 , 8.11979828868 , 0.62224 , 15
29 , 0.25 , 10 , 9.70191360293 , 0.568293333333 , 15
29 , 0.25 , 20 , 8.27604978162 , 0.619186666667 , 15
29 , 0.25 , 30 , 6.97249799862 , 0.643386666667 , 15
29 , 0.25 , 40 , 6.02340182568 , 0.66048 , 15
29 , 0.5 , 10 , 9.20133958895 , 0.589466666667 , 15
29 , 0.5 , 20 , 7.16521191459 , 0.64096 , 15
29 , 0.5 , 30 , 5.70848600209 , 0.66164 , 15
29 , 0.5 , 40 , 4.86801513289 , 0.672746666667 , 15
29 , 0.75 , 10 , 8.88653737071 , 0.595386666667 , 15
29 , 0.75 , 20 , 6.64176915869 , 0.645173333333 , 15
29 , 0.75 , 30 , 5.29811347489 , 0.666386666667 , 15
29 , 0.75 , 40 , 4.64922366058 , 0.676733333333 , 15
29 , 1 , 10 , 8.72528720679 , 0.594493333333 , 15
29 , 1 , 20 , 6.48175184926 , 0.641253333333 , 15
29 , 1 , 30 , 5.38658621661 , 0.659253333333 , 15
29 , 1 , 40 , 4.88632764926 , 0.667826666667 , 15
30 ,  ,  , 11.7835020695 , 0.5 , 17
30 , 0.1 , 10 , 11.5020188675 , 0.503623529412 , 17
30 , 0.1 , 20 , 10.8391106898 , 0.503247058824 , 17
30 , 0.1 , 30 , 9.9279754656 , 0.506023529412 , 17
30 , 0.1 , 40 , 8.90082224852 , 0.508235294118 , 17
30 , 0.25 , 10 , 10.8703844678 , 0.498952941176 , 17
30 , 0.25 , 20 , 9.13005599408 , 0.506188235294 , 17
30 , 0.25 , 30 , 7.47649800355 , 0.515529411765 , 17
30 , 0.25 , 40 , 6.38886710262 , 0.522658823529 , 17
30 , 0.5 , 10 , 10.0524552808 , 0.487670588235 , 17
30 , 0.5 , 20 , 8.02254024035 , 0.504635294118 , 17
30 , 0.5 , 30 , 6.6506886043 , 0.517647058824 , 17
30 , 0.5 , 40 , 5.68798801398 , 0.53 , 17
30 , 0.75 , 10 , 9.58029476301 , 0.476105882353 , 17
30 , 0.75 , 20 , 7.73433440456 , 0.488458823529 , 17
30 , 0.75 , 30 , 6.61037229764 , 0.509270588235 , 17
30 , 0.75 , 40 , 5.85057026016 , 0.521270588235 , 17
30 , 1 , 10 , 9.21148934649 , 0.465129411765 , 17
30 , 1 , 20 , 7.60253009576 , 0.472117647059 , 17
30 , 1 , 30 , 6.73720473373 , 0.484376470588 , 17
30 , 1 , 40 , 6.09536726516 , 0.4932 , 17
31 ,  ,  , 15.2492379723 , 0.5 , 22
31 , 0.1 , 10 , 12.282592109 , 0.519781818182 , 22
31 , 0.1 , 20 , 8.25946846714 , 0.521263636364 , 22
31 , 0.1 , 30 , 5.59132538427 , 0.519863636364 , 22
31 , 0.1 , 40 , 4.00899065754 , 0.5181 , 22
31 , 0.25 , 10 , 8.17727750918 , 0.507909090909 , 22
31 , 0.25 , 20 , 3.81752265413 , 0.5148 , 22
31 , 0.25 , 30 , 1.90054583987 , 0.519190909091 , 22
31 , 0.25 , 40 , 1.16864439815 , 0.521663636364 , 22
31 , 0.5 , 10 , 6.26028380455 , 0.447736363636 , 22
31 , 0.5 , 20 , 4.1089758759 , 0.430672727273 , 22
31 , 0.5 , 30 , 3.46890335574 , 0.418636363636 , 22
31 , 0.5 , 40 , 3.00433860902 , 0.409827272727 , 22
31 , 0.75 , 10 , 2.25867733193 , 0.393118181818 , 22
31 , 0.75 , 20 , 0.7923891305 , 0.386872727273 , 22
31 , 0.75 , 30 , 0.700635246976 , 0.386554545455 , 22
31 , 0.75 , 40 , 0.695184592839 , 0.386427272727 , 22
31 , 1 , 10 , 1.35428566457 , 0.389290909091 , 22
31 , 1 , 20 , 0.714690419621 , 0.386245454545 , 22
31 , 1 , 30 , 0.695547795919 , 0.386809090909 , 22
31 , 1 , 40 , 0.69314805179 , 0.385918181818 , 22
32 ,  ,  , 13.1697964306 , 0.5 , 19
32 , 0.1 , 10 , 10.5770858302 , 0.541484210526 , 19
32 , 0.1 , 20 , 7.32799405051 , 0.567263157895 , 19
32 , 0.1 , 30 , 5.5371948917 , 0.578515789474 , 19
32 , 0.1 , 40 , 4.67165506923 , 0.585442105263 , 19
32 , 0.25 , 10 , 8.22231788256 , 0.568221052632 , 19
32 , 0.25 , 20 , 4.98074647906 , 0.588147368421 , 19
32 , 0.25 , 30 , 3.97637986289 , 0.590989473684 , 19
32 , 0.25 , 40 , 3.57648720985 , 0.592484210526 , 19
32 , 0.5 , 10 , 7.56032490429 , 0.584726315789 , 19
32 , 0.5 , 20 , 4.82907789052 , 0.5918 , 19
32 , 0.5 , 30 , 3.84731902651 , 0.592568421053 , 19
32 , 0.5 , 40 , 3.26028186241 , 0.588052631579 , 19
32 , 0.75 , 10 , 7.96079870965 , 0.585368421053 , 19
32 , 0.75 , 20 , 5.56983144248 , 0.587168421053 , 19
32 , 0.75 , 30 , 4.62281725622 , 0.584084210526 , 19
32 , 0.75 , 40 , 4.05041421461 , 0.583505263158 , 19
32 , 1 , 10 , 8.49982536787 , 0.573368421053 , 19
32 , 1 , 20 , 6.49162452758 , 0.5582 , 19
32 , 1 , 30 , 5.28986246876 , 0.546084210526 , 19
32 , 1 , 40 , 4.46413889012 , 0.540336842105 , 19
33 ,  ,  , 17.328679514 , 0.5 , 25
33 , 0.1 , 10 , 14.3312087009 , 0.511048 , 25
33 , 0.1 , 20 , 10.5635827937 , 0.519272 , 25
33 , 0.1 , 30 , 8.56856346839 , 0.525912 , 25
33 , 0.1 , 40 , 7.64874075192 , 0.52748 , 25
33 , 0.25 , 10 , 11.3061933198 , 0.504648 , 25
33 , 0.25 , 20 , 8.28835594793 , 0.51836 , 25
33 , 0.25 , 30 , 7.47777695683 , 0.524872 , 25
33 , 0.25 , 40 , 7.19594146568 , 0.530464 , 25
33 , 0.5 , 10 , 10.0389840754 , 0.475272 , 25
33 , 0.5 , 20 , 8.24601912609 , 0.467048 , 25
33 , 0.5 , 30 , 7.62698429742 , 0.468056 , 25
33 , 0.5 , 40 , 7.35315680537 , 0.46884 , 25
33 , 0.75 , 10 , 9.60999559704 , 0.462232 , 25
33 , 0.75 , 20 , 8.12807369396 , 0.454512 , 25
33 , 0.75 , 30 , 7.42611061769 , 0.455976 , 25
33 , 0.75 , 40 , 6.96400294522 , 0.461136 , 25
33 , 1 , 10 , 10.2509138287 , 0.465208 , 25
33 , 1 , 20 , 9.26529423456 , 0.465768 , 25
33 , 1 , 30 , 8.67291755066 , 0.466368 , 25
33 , 1 , 40 , 8.35996585061 , 0.467648 , 25
34 ,  ,  , 13.8629436112 , 0.5 , 20
34 , 0.1 , 10 , 12.1983960804 , 0.47468 , 20
34 , 0.1 , 20 , 9.30494769336 , 0.4599 , 20
34 , 0.1 , 30 , 7.21152055303 , 0.453 , 20
34 , 0.1 , 40 , 6.23446218785 , 0.45173 , 20
34 , 0.25 , 10 , 9.66828852376 , 0.46721 , 20
34 , 0.25 , 20 , 6.46390499242 , 0.45488 , 20
34 , 0.25 , 30 , 5.72135566317 , 0.45146 , 20
34 , 0.25 , 40 , 5.50935831536 , 0.45321 , 20
34 , 0.5 , 10 , 9.12543973357 , 0.46912 , 20
34 , 0.5 , 20 , 6.32496318574 , 0.45378 , 20
34 , 0.5 , 30 , 5.57917109547 , 0.45361 , 20
34 , 0.5 , 40 , 5.37251338973 , 0.45375 , 20
34 , 0.75 , 10 , 10.1453548172 , 0.48942 , 20
34 , 0.75 , 20 , 7.46094459033 , 0.46518 , 20
34 , 0.75 , 30 , 6.09852532275 , 0.45767 , 20
34 , 0.75 , 40 , 5.47150907053 , 0.4554 , 20
34 , 1 , 10 , 10.7485079578 , 0.51467 , 20
34 , 1 , 20 , 9.14021257932 , 0.50277 , 20
34 , 1 , 30 , 8.36283417706 , 0.49492 , 20
34 , 1 , 40 , 7.74483597464 , 0.48569 , 20
35 ,  ,  , 17.328679514 , 0.5 , 25
35 , 0.1 , 10 , 16.713903158 , 0.45416 , 25
35 , 0.1 , 20 , 15.3969144865 , 0.4234 , 25
35 , 0.1 , 30 , 14.078516675 , 0.403752 , 25
35 , 0.1 , 40 , 12.8106604982 , 0.388704 , 25
35 , 0.25 , 10 , 14.6374988371 , 0.421464 , 25
35 , 0.25 , 20 , 11.8514979534 , 0.399152 , 25
35 , 0.25 , 30 , 9.82347149486 , 0.388376 , 25
35 , 0.25 , 40 , 8.26888583846 , 0.381512 , 25
35 , 0.5 , 10 , 12.0526910602 , 0.421688 , 25
35 , 0.5 , 20 , 8.92149800429 , 0.419816 , 25
35 , 0.5 , 30 , 6.9356854172 , 0.41704 , 25
35 , 0.5 , 40 , 5.55445117835 , 0.415744 , 25
35 , 0.75 , 10 , 10.4025997298 , 0.436544 , 25
35 , 0.75 , 20 , 7.50019418618 , 0.443296 , 25
35 , 0.75 , 30 , 5.83643015175 , 0.443024 , 25
35 , 0.75 , 40 , 4.86062813679 , 0.441032 , 25
35 , 1 , 10 , 9.60040045897 , 0.439016 , 25
35 , 1 , 20 , 7.77963331966 , 0.45048 , 25
35 , 1 , 30 , 6.66322833282 , 0.457776 , 25
35 , 1 , 40 , 5.86878168763 , 0.464048 , 25
36 ,  ,  , 17.328679514 , 0.5 , 25
36 , 0.1 , 10 , 9.90394995254 , 0.605272 , 25
36 , 0.1 , 20 , 5.29402183293 , 0.631232 , 25
36 , 0.1 , 30 , 3.61386477058 , 0.63844 , 25
36 , 0.1 , 40 , 3.08369854485 , 0.63924 , 25
36 , 0.25 , 10 , 7.03639746097 , 0.620056 , 25
36 , 0.25 , 20 , 4.7463321243 , 0.635696 , 25
36 , 0.25 , 30 , 4.16776507176 , 0.638552 , 25
36 , 0.25 , 40 , 3.92200396421 , 0.639824 , 25
36 , 0.5 , 10 , 5.75779870438 , 0.600456 , 25
36 , 0.5 , 20 , 3.4912888329 , 0.600232 , 25
36 , 0.5 , 30 , 2.94937184854 , 0.600416 , 25
36 , 0.5 , 40 , 2.8112937657 , 0.601232 , 25
36 , 0.75 , 10 , 5.89581827282 , 0.603368 , 25
36 , 0.75 , 20 , 4.07756302488 , 0.601744 , 25
36 , 0.75 , 30 , 3.53368395981 , 0.600944 , 25
36 , 0.75 , 40 , 3.25920407734 , 0.602504 , 25
36 , 1 , 10 , 7.69888957927 , 0.622784 , 25
36 , 1 , 20 , 6.49975980428 , 0.626608 , 25
36 , 1 , 30 , 6.06189275627 , 0.629664 , 25
36 , 1 , 40 , 5.8148043576 , 0.631368 , 25
37 ,  ,  , 10.3972077084 , 0.5 , 15
37 , 0.1 , 10 , 10.2776825704 , 0.475586666667 , 15
37 , 0.1 , 20 , 9.95022568191 , 0.451866666667 , 15
37 , 0.1 , 30 , 9.46453490598 , 0.43144 , 15
37 , 0.1 , 40 , 8.87400768609 , 0.412813333333 , 15
37 , 0.25 , 10 , 10.036689763 , 0.454053333333 , 15
37 , 0.25 , 20 , 9.13303031166 , 0.41912 , 15
37 , 0.25 , 30 , 7.95014826095 , 0.393213333333 , 15
37 , 0.25 , 40 , 6.83736894093 , 0.376293333333 , 15
37 , 0.5 , 10 , 9.72446523739 , 0.441106666667 , 15
37 , 0.5 , 20 , 8.42601480813 , 0.400893333333 , 15
37 , 0.5 , 30 , 7.28760565874 , 0.3744 , 15
37 , 0.5 , 40 , 6.30551289302 , 0.357253333333 , 15
37 , 0.75 , 10 , 9.48712413651 , 0.44364 , 15
37 , 0.75 , 20 , 8.24251021044 , 0.399373333333 , 15
37 , 0.75 , 30 , 7.43348018504 , 0.37256 , 15
37 , 0.75 , 40 , 6.89211572261 , 0.35668 , 15
37 , 1 , 10 , 9.19926532614 , 0.44976 , 15
37 , 1 , 20 , 8.28813747601 , 0.421066666667 , 15
37 , 1 , 30 , 7.84929089179 , 0.397506666667 , 15
37 , 1 , 40 , 7.53866584987 , 0.378266666667 , 15
38 ,  ,  , 17.328679514 , 0.5 , 25
38 , 0.1 , 10 , 13.9857121572 , 0.47348 , 25
38 , 0.1 , 20 , 11.5073413845 , 0.481136 , 25
38 , 0.1 , 30 , 10.0075341418 , 0.495992 , 25
38 , 0.1 , 40 , 8.94686775029 , 0.506336 , 25
38 , 0.25 , 10 , 11.0413903359 , 0.482224 , 25
38 , 0.25 , 20 , 8.25019093006 , 0.500352 , 25
38 , 0.25 , 30 , 6.64292404079 , 0.513936 , 25
38 , 0.25 , 40 , 5.63978716868 , 0.520048 , 25
38 , 0.5 , 10 , 7.85664824827 , 0.475416 , 25
38 , 0.5 , 20 , 5.43011689524 , 0.480328 , 25
38 , 0.5 , 30 , 4.623980631 , 0.482848 , 25
38 , 0.5 , 40 , 4.26231668608 , 0.483768 , 25
38 , 0.75 , 10 , 6.22829214816 , 0.4494 , 25
38 , 0.75 , 20 , 4.57636545505 , 0.439816 , 25
38 , 0.75 , 30 , 4.05201926358 , 0.434152 , 25
38 , 0.75 , 40 , 3.80574423071 , 0.432008 , 25
38 , 1 , 10 , 5.23725013561 , 0.426416 , 25
38 , 1 , 20 , 3.8386132232 , 0.415592 , 25
38 , 1 , 30 , 3.49916823341 , 0.411072 , 25
38 , 1 , 40 , 3.33372682029 , 0.408192 , 25
39 ,  ,  , 12.4766492501 , 0.5 , 18
39 , 0.1 , 10 , 11.6048054458 , 0.484566666667 , 18
39 , 0.1 , 20 , 9.94752882519 , 0.474577777778 , 18
39 , 0.1 , 30 , 8.49491802253 , 0.469766666667 , 18
39 , 0.1 , 40 , 7.59766483786 , 0.469366666667 , 18
39 , 0.25 , 10 , 10.0868008154 , 0.473233333333 , 18
39 , 0.25 , 20 , 7.89557604705 , 0.455188888889 , 18
39 , 0.25 , 30 , 6.95676821085 , 0.449944444444 , 18
39 , 0.25 , 40 , 6.60119327885 , 0.447211111111 , 18
39 , 0.5 , 10 , 8.6629448805 , 0.445322222222 , 18
39 , 0.5 , 20 , 6.49135745761 , 0.436666666667 , 18
39 , 0.5 , 30 , 5.81185807201 , 0.441388888889 , 18
39 , 0.5 , 40 , 5.52558945526 , 0.443044444444 , 18
39 , 0.75 , 10 , 8.23208195837 , 0.427811111111 , 18
39 , 0.75 , 20 , 6.39310016645 , 0.4361 , 18
39 , 0.75 , 30 , 5.63746604813 , 0.444022222222 , 18
39 , 0.75 , 40 , 5.20559217239 , 0.447677777778 , 18
39 , 1 , 10 , 8.74549018629 , 0.444088888889 , 18
39 , 1 , 20 , 8.09929137455 , 0.461655555556 , 18
39 , 1 , 30 , 7.52547132714 , 0.475711111111 , 18
39 , 1 , 40 , 7.05293228361 , 0.4807 , 18
40 ,  ,  , 17.328679514 , 0.5 , 25
40 , 0.1 , 10 , 16.4233517154 , 0.493424 , 25
40 , 0.1 , 20 , 14.2727558779 , 0.48844 , 25
40 , 0.1 , 30 , 11.8160745559 , 0.4838 , 25
40 , 0.1 , 40 , 9.71741326685 , 0.482848 , 25
40 , 0.25 , 10 , 14.9013922226 , 0.488264 , 25
40 , 0.25 , 20 , 11.3460874543 , 0.486064 , 25
40 , 0.25 , 30 , 9.05482479087 , 0.485952 , 25
40 , 0.25 , 40 , 7.7379917259 , 0.482992 , 25
40 , 0.5 , 10 , 14.1108148481 , 0.485504 , 25
40 , 0.5 , 20 , 11.6754330386 , 0.491392 , 25
40 , 0.5 , 30 , 10.2196216844 , 0.492016 , 25
40 , 0.5 , 40 , 9.17857884915 , 0.492112 , 25
40 , 0.75 , 10 , 14.3783755198 , 0.493744 , 25
40 , 0.75 , 20 , 12.7476180571 , 0.498976 , 25
40 , 0.75 , 30 , 11.6048389991 , 0.500096 , 25
40 , 0.75 , 40 , 10.7028192298 , 0.501912 , 25
40 , 1 , 10 , 14.8163482547 , 0.494552 , 25
40 , 1 , 20 , 14.0570511181 , 0.505416 , 25
40 , 1 , 30 , 13.3139201355 , 0.506872 , 25
40 , 1 , 40 , 12.5511199012 , 0.50748 , 25
41 ,  ,  , 11.7835020695 , 0.5 , 17
41 , 0.1 , 10 , 11.3570319258 , 0.521964705882 , 17
41 , 0.1 , 20 , 10.2251347055 , 0.547788235294 , 17
41 , 0.1 , 30 , 8.8323346424 , 0.563317647059 , 17
41 , 0.1 , 40 , 7.57748779649 , 0.571741176471 , 17
41 , 0.25 , 10 , 9.64354686889 , 0.551211764706 , 17
41 , 0.25 , 20 , 6.80931901647 , 0.581752941176 , 17
41 , 0.25 , 30 , 5.05578235317 , 0.590211764706 , 17
41 , 0.25 , 40 , 4.09382518351 , 0.594176470588 , 17
41 , 0.5 , 10 , 7.77816396098 , 0.573105882353 , 17
41 , 0.5 , 20 , 5.19450933652 , 0.6014 , 17
41 , 0.5 , 30 , 4.16276735744 , 0.611352941176 , 17
41 , 0.5 , 40 , 3.76525805235 , 0.615858823529 , 17
41 , 0.75 , 10 , 7.23927599465 , 0.574011764706 , 17
41 , 0.75 , 20 , 5.17838169479 , 0.584458823529 , 17
41 , 0.75 , 30 , 4.10785141207 , 0.590670588235 , 17
41 , 0.75 , 40 , 3.50599654204 , 0.590741176471 , 17
41 , 1 , 10 , 6.29886943108 , 0.562623529412 , 17
41 , 1 , 20 , 3.84826219807 , 0.562823529412 , 17
41 , 1 , 30 , 2.89522325915 , 0.560658823529 , 17
41 , 1 , 40 , 2.42350267622 , 0.558847058824 , 17
42 ,  ,  , 17.328679514 , 0.5 , 25
42 , 0.1 , 10 , 9.04008072473 , 0.461256 , 25
42 , 0.1 , 20 , 3.90867095542 , 0.449576 , 25
42 , 0.1 , 30 , 2.35529942852 , 0.444128 , 25
42 , 0.1 , 40 , 1.76087744739 , 0.441248 , 25
42 , 0.25 , 10 , 4.78059192796 , 0.438248 , 25
42 , 0.25 , 20 , 2.07113987356 , 0.434784 , 25
42 , 0.25 , 30 , 1.62466215177 , 0.437912 , 25
42 , 0.25 , 40 , 1.4919866917 , 0.438928 , 25
42 , 0.5 , 10 , 4.35903724977 , 0.41932 , 25
42 , 0.5 , 20 , 2.17252336822 , 0.403456 , 25
42 , 0.5 , 30 , 1.63909021577 , 0.400168 , 25
42 , 0.5 , 40 , 1.46387146187 , 0.400448 , 25
42 , 0.75 , 10 , 4.4902842329 , 0.470552 , 25
42 , 0.75 , 20 , 3.47502594348 , 0.4774 , 25
42 , 0.75 , 30 , 3.02621571926 , 0.478096 , 25
42 , 0.75 , 40 , 2.84878745523 , 0.477992 , 25
42 , 1 , 10 , 2.31165217635 , 0.513576 , 25
42 , 1 , 20 , 1.4321898379 , 0.519944 , 25
42 , 1 , 30 , 1.39013105004 , 0.519728 , 25
42 , 1 , 40 , 1.38631413654 , 0.520304 , 25
43 ,  ,  , 15.9423851529 , 0.5 , 23
43 , 0.1 , 10 , 11.1701139733 , 0.505269565217 , 23
43 , 0.1 , 20 , 6.89425267346 , 0.516834782609 , 23
43 , 0.1 , 30 , 4.98598168869 , 0.524626086957 , 23
43 , 0.1 , 40 , 4.06880209991 , 0.525704347826 , 23
43 , 0.25 , 10 , 6.72791806727 , 0.515965217391 , 23
43 , 0.25 , 20 , 3.31228376019 , 0.517956521739 , 23
43 , 0.25 , 30 , 2.31431409607 , 0.513730434783 , 23
43 , 0.25 , 40 , 1.8674178569 , 0.512452173913 , 23
43 , 0.5 , 10 , 4.45334592571 , 0.5246 , 23
43 , 0.5 , 20 , 1.85415798235 , 0.535208695652 , 23
43 , 0.5 , 30 , 1.1627448397 , 0.539130434783 , 23
43 , 0.5 , 40 , 0.907117395508 , 0.541626086957 , 23
43 , 0.75 , 10 , 4.86119740447 , 0.527930434783 , 23
43 , 0.75 , 20 , 2.7039419489 , 0.537808695652 , 23
43 , 0.75 , 30 , 1.77688809406 , 0.541947826087 , 23
43 , 0.75 , 40 , 1.24606676106 , 0.543095652174 , 23
43 , 1 , 10 , 5.89616379739 , 0.508365217391 , 23
43 , 1 , 20 , 4.45200889565 , 0.510991304348 , 23
43 , 1 , 30 , 3.80415814185 , 0.513539130435 , 23
43 , 1 , 40 , 3.40826951281 , 0.514991304348 , 23
44 ,  ,  , 17.328679514 , 0.5 , 25
44 , 0.1 , 10 , 7.9986930173 , 0.611536 , 25
44 , 0.1 , 20 , 4.01794051285 , 0.622408 , 25
44 , 0.1 , 30 , 2.79968402327 , 0.623672 , 25
44 , 0.1 , 40 , 2.27673020122 , 0.623464 , 25
44 , 0.25 , 10 , 4.32572918275 , 0.619144 , 25
44 , 0.25 , 20 , 1.89431575567 , 0.62172 , 25
44 , 0.25 , 30 , 1.21774950903 , 0.621448 , 25
44 , 0.25 , 40 , 0.895784839096 , 0.620312 , 25
44 , 0.5 , 10 , 2.88216539329 , 0.617272 , 25
44 , 0.5 , 20 , 0.957521799939 , 0.619904 , 25
44 , 0.5 , 30 , 0.726072325955 , 0.619896 , 25
44 , 0.5 , 40 , 0.699091145069 , 0.620224 , 25
44 , 0.75 , 10 , 2.57282669312 , 0.612776 , 25
44 , 0.75 , 20 , 0.81842771355 , 0.619568 , 25
44 , 0.75 , 30 , 0.70122538149 , 0.619368 , 25
44 , 0.75 , 40 , 0.693196709837 , 0.61984 , 25
44 , 1 , 10 , 2.64741081497 , 0.606744 , 25
44 , 1 , 20 , 0.922080285523 , 0.618136 , 25
44 , 1 , 30 , 0.722524090956 , 0.619936 , 25
44 , 1 , 40 , 0.702386268491 , 0.619696 , 25
45 ,  ,  , 17.328679514 , 0.5 , 25
45 , 0.1 , 10 , 13.8628349527 , 0.505752 , 25
45 , 0.1 , 20 , 9.05012711494 , 0.514536 , 25
45 , 0.1 , 30 , 5.64298133554 , 0.517648 , 25
45 , 0.1 , 40 , 3.75223673751 , 0.52068 , 25
45 , 0.25 , 10 , 10.7544217662 , 0.495952 , 25
45 , 0.25 , 20 , 5.8948049903 , 0.500248 , 25
45 , 0.25 , 30 , 3.84028353635 , 0.502056 , 25
45 , 0.25 , 40 , 2.86858949502 , 0.503912 , 25
45 , 0.5 , 10 , 10.0988950066 , 0.472224 , 25
45 , 0.5 , 20 , 7.24752477285 , 0.470624 , 25
45 , 0.5 , 30 , 5.67562484557 , 0.470808 , 25
45 , 0.5 , 40 , 4.50018181649 , 0.469768 , 25
45 , 0.75 , 10 , 10.6214998801 , 0.451016 , 25
45 , 0.75 , 20 , 9.02377858927 , 0.441824 , 25
45 , 0.75 , 30 , 8.3677093233 , 0.436824 , 25
45 , 0.75 , 40 , 7.99111438261 , 0.43484 , 25
45 , 1 , 10 , 11.1873174524 , 0.434 , 25
45 , 1 , 20 , 10.859401642 , 0.428184 , 25
45 , 1 , 30 , 10.5902245972 , 0.425104 , 25
45 , 1 , 40 , 10.3077468736 , 0.418152 , 25
